DROP DATABASE IF EXISTS vk;
CREATE DATABASE vk;
USE vk;


-- Generation time: Mon, 30 Mar 2020 09:38:51 +0000
-- Host: mysql.hostinger.ro
-- DB name: u574849695_25
/*!40030 SET NAMES UTF8 */;
/*!40101 SET @OLD_CHARACTER_SET_CLIENT=@@CHARACTER_SET_CLIENT */;
/*!40101 SET @OLD_CHARACTER_SET_RESULTS=@@CHARACTER_SET_RESULTS */;
/*!40101 SET @OLD_COLLATION_CONNECTION=@@COLLATION_CONNECTION */;
/*!40103 SET @OLD_TIME_ZONE=@@TIME_ZONE */;
/*!40103 SET TIME_ZONE='+00:00' */;
/*!40014 SET @OLD_UNIQUE_CHECKS=@@UNIQUE_CHECKS, UNIQUE_CHECKS=0 */;
/*!40014 SET @OLD_FOREIGN_KEY_CHECKS=@@FOREIGN_KEY_CHECKS, FOREIGN_KEY_CHECKS=0 */;
/*!40101 SET @OLD_SQL_MODE=@@SQL_MODE, SQL_MODE='NO_AUTO_VALUE_ON_ZERO' */;
/*!40111 SET @OLD_SQL_NOTES=@@SQL_NOTES, SQL_NOTES=0 */;

DROP TABLE IF EXISTS `comment_comments`;
CREATE TABLE `comment_comments` (
  `ctocs_id` bigint(20) unsigned NOT NULL AUTO_INCREMENT,
  `user_ctocs_commentator_id` bigint(20) unsigned NOT NULL,
  `user_ctocs_owner_id` bigint(20) unsigned NOT NULL,
  `text_comments` text COLLATE utf8_unicode_ci NOT NULL,
  `created_ctocs_at` datetime DEFAULT current_timestamp(),
  PRIMARY KEY (`ctocs_id`),
  KEY `user_ctocs_commentator_id` (`user_ctocs_commentator_id`),
  KEY `user_ctocs_owner_id` (`user_ctocs_owner_id`),
  CONSTRAINT `comment_comments_ibfk_1` FOREIGN KEY (`user_ctocs_commentator_id`) REFERENCES `users` (`id`),
  CONSTRAINT `comment_comments_ibfk_2` FOREIGN KEY (`user_ctocs_owner_id`) REFERENCES `users` (`id`),
  CONSTRAINT `fk_comments_id` FOREIGN KEY (`ctocs_id`) REFERENCES `comments` (`id`) ON DELETE CASCADE ON UPDATE CASCADE
) ENGINE=InnoDB AUTO_INCREMENT=401 DEFAULT CHARSET=utf8 COLLATE=utf8_unicode_ci;

INSERT INTO `comment_comments` VALUES ('1','501','501','Qui perspiciatis eaque incidunt placeat sit consequatur nulla.','1975-04-21 16:43:14'),
('2','502','502','Reprehenderit dolore id reprehenderit et asperiores sed ullam.','1979-05-20 14:17:12'),
('3','503','503','Inventore est eius expedita quasi saepe eos.','1977-07-15 00:53:21'),
('4','504','504','Dolores nulla sint officia ipsam.','1993-01-02 04:44:37'),
('5','505','505','Beatae sit ut totam.','2017-04-12 19:02:20'),
('6','506','506','Ex eos repellat nam qui quia.','1978-04-08 12:36:53'),
('7','507','507','Fuga aliquid occaecati sint est saepe.','1992-01-02 21:15:01'),
('8','508','508','Nostrum sed officia et aperiam.','1979-10-01 23:17:39'),
('9','509','509','Optio eum ut nisi quo ut.','1992-04-13 02:22:26'),
('10','510','510','Debitis quae et maxime aperiam ad.','1986-07-24 07:16:08'),
('11','512','512','Cumque officiis autem exercitationem assumenda labore.','1972-08-16 15:42:03'),
('12','515','515','Omnis aliquid distinctio numquam quae voluptas quod cum.','1980-01-07 20:21:31'),
('13','520','520','Quis rerum neque hic illum cumque tenetur non.','1998-01-19 15:55:39'),
('14','521','521','Provident dolor in reiciendis consequuntur.','2002-08-06 18:50:06'),
('15','523','523','Enim et ducimus beatae sit.','2006-03-05 20:46:56'),
('16','525','525','Ipsum voluptatem cupiditate ullam culpa voluptates ut ducimus.','1977-08-07 19:44:50'),
('17','528','528','Voluptatem exercitationem mollitia odio molestiae dolores.','2000-08-30 09:22:00'),
('18','529','529','Officia nemo est blanditiis est.','1981-12-07 08:04:38'),
('19','535','535','Harum quos qui quos aut illo occaecati ut.','1981-05-26 04:31:35'),
('20','538','538','Odit quasi nulla eos dolore autem in vitae.','2007-01-02 15:20:02'),
('21','539','539','Omnis aperiam voluptas neque ut dolores.','2013-09-13 13:53:44'),
('22','540','540','Veritatis atque voluptatem minima est enim odio labore quia.','2019-11-12 10:39:29'),
('23','542','542','Ea consectetur asperiores non.','2018-10-26 05:30:53'),
('24','543','543','Commodi soluta quam autem nihil laborum.','1980-06-05 14:38:49'),
('25','544','544','Omnis recusandae veritatis porro doloribus.','2012-03-09 03:30:17'),
('26','545','545','Exercitationem molestiae ea nesciunt laborum.','2007-09-09 11:47:32'),
('27','546','546','At inventore atque excepturi earum.','1989-02-22 01:14:01'),
('28','547','547','Aut unde quaerat vel nulla vel dolore esse.','2016-11-24 03:42:57'),
('29','548','548','Impedit cumque dolorem rerum ab neque.','2014-12-25 22:01:39'),
('30','549','549','Illum est laudantium nemo dolore omnis distinctio asperiores.','1982-02-28 03:28:20'),
('31','550','550','Quos eum et ad eaque dolor voluptatem repellat.','2013-12-09 00:57:42'),
('32','551','551','Et sunt enim itaque recusandae sint repudiandae voluptatem.','1980-12-15 19:19:52'),
('33','553','553','Tempora ut fugit ea.','1977-11-20 13:17:59'),
('34','554','554','Sit sed et enim tenetur maiores consequatur aut.','2001-01-11 16:51:54'),
('35','555','555','Doloremque rerum itaque et ipsa consequuntur unde et.','1978-03-04 05:42:02'),
('36','558','558','Sit expedita corrupti earum ullam.','2017-02-13 06:17:26'),
('37','559','559','Error nostrum sunt est rem eos fugiat sed consequuntur.','1993-11-30 11:13:32'),
('38','561','561','Beatae ut aspernatur rerum et et ratione.','1971-10-01 11:01:27'),
('39','563','563','Voluptas minus pariatur dolore perferendis iusto nemo.','2002-09-24 21:07:58'),
('40','567','567','Deleniti vel odio possimus ut.','1996-01-10 20:23:22'),
('41','571','571','Sunt fuga voluptas illum tenetur voluptas sed omnis eius.','2001-02-17 03:07:03'),
('42','573','573','Quasi perferendis sed fugit aut.','2014-11-28 04:02:36'),
('43','574','574','Consequuntur quis id autem aliquid.','1994-08-09 16:35:28'),
('44','575','575','Ullam numquam dolores veritatis et.','1980-12-13 13:26:14'),
('45','579','579','Ratione et quia nam esse amet minus ullam.','1992-08-05 13:18:55'),
('46','580','580','Nobis nisi nihil qui.','1995-06-20 20:39:41'),
('47','581','581','Ex accusamus distinctio accusantium voluptas.','1983-03-18 09:33:36'),
('48','583','583','Praesentium id dolorem ad nulla dolorem.','1981-12-23 06:30:47'),
('49','585','585','Blanditiis dolores numquam rem quidem ex non repellat.','1978-08-22 03:13:00'),
('50','587','587','Quasi cupiditate illo est optio maiores.','2018-05-13 05:55:24'),
('51','590','590','Officiis sint itaque repudiandae et et.','2010-12-25 20:01:11'),
('52','594','594','Magnam consequatur ipsam doloribus doloremque ab.','1971-05-14 11:56:37'),
('53','601','601','Aut assumenda atque consequuntur non doloribus voluptates ratione nam.','1990-05-25 20:12:35'),
('54','603','603','Quaerat recusandae adipisci nihil.','2017-01-04 18:33:34'),
('55','605','605','Fuga quis nulla animi enim et qui recusandae.','2007-11-12 11:20:30'),
('56','607','607','Cupiditate quod laboriosam corrupti expedita perspiciatis.','1978-07-21 20:06:12'),
('57','608','608','Officia placeat atque quis et aut qui.','1996-09-28 11:40:41'),
('58','609','609','Enim accusantium qui aut eveniet.','1993-03-25 05:24:20'),
('59','613','613','Corporis suscipit consequatur optio maiores.','1989-07-10 23:35:22'),
('60','618','618','Enim delectus sed excepturi inventore ut hic non.','1991-04-27 15:16:22'),
('61','619','619','Et fuga nihil quia sunt numquam quibusdam consequatur nostrum.','2004-04-10 07:41:46'),
('62','620','620','Et amet deleniti eius et quia voluptas atque.','1978-09-13 11:30:15'),
('63','621','621','Sunt quo voluptatem aut in illum repellendus voluptatem.','1982-07-09 22:00:01'),
('64','625','625','Rerum et est beatae eos sequi id.','1971-11-08 00:59:36'),
('65','628','628','Molestiae voluptas quis et voluptatem perferendis.','2010-05-02 16:04:07'),
('66','633','633','Aperiam vero molestias quod nihil cupiditate ullam.','1970-05-29 04:02:36'),
('67','634','634','Esse quo qui sed quam delectus.','2001-01-12 04:26:33'),
('68','637','637','Velit voluptas praesentium sit voluptas.','2006-09-27 18:07:31'),
('69','639','639','Quasi veritatis aliquam sit nobis eius dolor.','2017-04-04 20:40:36'),
('70','641','641','Non sequi tenetur repellendus sunt qui.','2019-08-06 03:11:52'),
('71','643','643','Aliquam excepturi atque sunt maxime illo blanditiis quis.','1971-07-29 16:17:09'),
('72','645','645','Omnis vel aut voluptatem fuga officiis.','1998-10-12 06:31:07'),
('73','646','646','Libero quis reiciendis dolor autem quaerat consequatur rerum.','1972-06-03 13:12:24'),
('74','647','647','Nam nemo repudiandae tenetur explicabo nulla veniam.','2003-04-04 17:09:08'),
('75','650','650','Nesciunt voluptatem dolor ut quibusdam.','2004-11-06 14:21:00'),
('76','651','651','Tempora repellat ratione id ad.','1999-06-04 09:25:02'),
('77','653','653','Ut placeat esse aut dignissimos.','2019-04-17 07:01:07'),
('78','657','657','Necessitatibus laudantium et aliquid autem cupiditate.','2015-07-22 04:26:37'),
('79','658','658','Dicta voluptas ea totam sint maxime aliquid et.','2018-04-24 15:09:55'),
('80','659','659','Fugiat laudantium hic veniam laboriosam ipsam nesciunt accusamus.','1975-02-10 08:19:45'),
('81','666','666','Et sapiente pariatur laudantium dolorem aliquid dolorem aliquam.','2010-07-04 20:16:45'),
('82','668','668','Maxime tenetur aperiam dolorem.','1988-05-23 01:30:07'),
('83','669','669','Distinctio unde aspernatur non molestias quidem.','1971-05-30 20:22:29'),
('84','673','673','Repellendus consequuntur sed eligendi consequatur qui sed non.','1989-01-30 08:14:52'),
('85','677','677','Veniam vel ducimus iure eveniet delectus quae non quidem.','1993-01-01 08:08:20'),
('86','678','678','Ut qui non vel vero.','2017-10-08 09:51:09'),
('87','679','679','Amet sed aut voluptatem at est nostrum commodi.','1984-06-25 21:40:21'),
('88','688','688','Non molestiae adipisci quo ut quia eligendi.','2003-07-28 17:27:20'),
('89','689','689','Laudantium quaerat facilis ipsum ad atque iure quia.','2003-08-08 20:23:50'),
('90','691','691','Sed sed voluptatem maiores ea occaecati ut.','1977-05-28 18:04:01'),
('91','694','694','Aut neque optio in.','1987-04-13 04:09:25'),
('92','695','695','Nemo quia quaerat optio laudantium.','2002-05-19 19:34:26'),
('93','696','696','Natus assumenda architecto esse eveniet et dolores.','1976-03-23 08:30:47'),
('94','697','697','Ut ex exercitationem et molestiae ut quam consequuntur.','1989-05-21 10:23:12'),
('95','698','698','Commodi esse qui quia sequi ut ut.','1982-03-15 19:04:52'),
('96','699','699','Qui error quas quia impedit enim et.','2010-10-19 19:13:49'),
('97','700','700','Qui velit dolorem explicabo placeat.','1991-05-14 07:23:03'),
('98','701','701','Blanditiis aspernatur dolorem omnis quia voluptas nemo voluptas.','1995-03-24 06:26:00'),
('99','703','703','Rerum autem ipsum omnis tempore.','1976-04-27 15:30:54'),
('100','704','704','Non quasi libero nesciunt et quia.','1999-09-28 03:36:24'),
('101','706','706','Tempore corrupti est fugit voluptate earum placeat et.','1991-01-24 12:52:35'),
('102','707','707','Ut dolore quibusdam mollitia velit recusandae voluptate optio.','1988-08-10 21:54:11'),
('103','709','709','Nam est voluptatem vel cupiditate numquam est magnam omnis.','2005-12-07 17:04:12'),
('104','711','711','Mollitia inventore neque voluptas quibusdam voluptates illum sit.','1972-04-24 14:46:22'),
('105','713','713','Ad at dolore aut aut quia voluptate ea similique.','1999-08-18 09:51:13'),
('106','715','715','Maxime temporibus molestias rem quibusdam ut.','2000-12-06 21:28:27'),
('107','717','717','Quod laudantium consequatur totam.','2011-01-08 06:05:17'),
('108','718','718','Fugiat corrupti et quia ut.','1999-05-25 07:23:41'),
('109','721','721','Doloremque molestiae voluptatem iste nisi soluta temporibus.','2009-12-06 03:59:54'),
('110','723','723','Animi a ab doloremque qui suscipit.','1991-06-08 23:45:46'),
('111','725','725','Nisi sunt non voluptatibus non.','2009-01-03 07:17:43'),
('112','727','727','Dolorem sapiente aut officia enim qui repellendus et.','1972-09-22 16:07:07'),
('113','729','729','Id amet eum aliquid deserunt odio.','2000-04-25 23:21:56'),
('114','733','733','Error voluptatem aliquam eum doloremque voluptas.','1984-07-06 01:37:33'),
('115','737','737','Dolorem voluptatibus aut molestias aspernatur in deserunt hic natus.','2009-03-25 15:41:54'),
('116','740','740','Inventore molestiae dolores error porro.','2009-04-11 02:08:10'),
('117','741','741','Reprehenderit voluptatem omnis omnis maiores sunt veniam.','2008-10-05 08:15:04'),
('118','742','742','Ut voluptates quis quia ipsum.','1970-10-08 20:08:22'),
('119','744','744','Sed eos assumenda odit quia.','2011-03-26 22:55:06'),
('120','745','745','Porro sed debitis nobis sit.','1982-08-18 12:24:47'),
('121','747','747','Quasi a quibusdam labore earum nihil.','2016-10-16 03:17:50'),
('122','751','751','Aperiam sint optio enim molestias rerum officiis.','1977-07-03 11:07:08'),
('123','752','752','Non rerum rerum voluptatem quae et ut unde.','1991-01-11 02:33:32'),
('124','753','753','Sunt esse rem consectetur facere consectetur cum.','1982-06-22 14:15:03'),
('125','754','754','Placeat distinctio deleniti accusantium aut qui harum.','1999-09-14 15:08:03'),
('126','756','756','Cupiditate non iure qui excepturi.','1990-12-19 06:21:45'),
('127','757','757','Sed possimus dolore officia doloribus.','2007-11-05 10:54:47'),
('128','758','758','Qui sint quod voluptas nulla quasi quis quia.','1972-11-23 19:15:05'),
('129','759','759','Praesentium odit voluptates laborum illo.','1974-12-12 22:08:02'),
('130','760','760','Sed blanditiis laborum repellendus et esse ut dolor.','2000-02-07 03:43:19'),
('131','761','761','Labore esse eum qui error earum quasi similique ea.','2018-12-13 17:27:57'),
('132','764','764','Culpa quae aliquam ipsa sunt voluptatem.','2004-09-07 23:51:52'),
('133','765','765','Labore sed quasi sunt praesentium.','2011-09-15 06:37:41'),
('134','766','766','Sunt assumenda odio qui.','1982-10-10 17:06:45'),
('135','768','768','Numquam ab rerum soluta rem accusantium sit quibusdam.','2002-04-03 00:41:55'),
('136','770','770','Ipsa ex quia et.','1970-01-20 06:00:51'),
('137','771','771','Odio qui quisquam sit ut.','2011-03-15 20:47:41'),
('138','772','772','Asperiores totam provident magnam consequatur laborum rerum voluptate.','1996-04-06 05:42:22'),
('139','773','773','Rerum accusantium velit sit minima voluptas suscipit.','2020-03-07 11:56:37'),
('140','774','774','Similique aut eveniet commodi ut magnam quasi eveniet.','2009-01-07 10:50:42'),
('141','778','778','Provident optio ut ea deleniti aut recusandae eveniet.','1989-01-23 04:33:06'),
('142','779','779','Animi eos veritatis omnis et repudiandae.','2008-10-04 06:58:04'),
('143','780','780','Pariatur architecto qui fuga voluptatibus dicta.','1993-01-25 21:44:25'),
('144','782','782','Consequuntur voluptas iure labore quia aut reprehenderit deserunt sed.','1997-05-29 20:07:44'),
('145','783','783','Ut ea eos officiis necessitatibus.','1988-04-23 07:56:27'),
('146','785','785','Ut velit consequatur sapiente modi rem.','1990-01-29 14:44:33'),
('147','787','787','Sed debitis et nostrum.','2001-02-04 00:59:23'),
('148','788','788','A excepturi quasi et dolorum.','1991-12-22 23:07:36'),
('149','791','791','Commodi eum sed ut.','1981-08-18 12:49:29'),
('150','793','793','Veritatis architecto culpa porro fugit.','2001-09-04 08:23:18'),
('151','794','794','Facere est quia sit ea dignissimos corporis.','1992-10-22 14:10:58'),
('152','795','795','Occaecati aut aut nemo sunt.','2015-11-25 17:50:40'),
('153','796','796','Odit ut aut illum provident hic earum.','1971-01-28 09:05:42'),
('154','797','797','Accusantium aut earum est illum.','1983-05-30 18:59:40'),
('155','798','798','Id tempora similique itaque dignissimos.','1974-09-09 19:55:36'),
('156','799','799','Earum quod numquam laudantium aliquid sed.','2003-12-08 06:31:14'),
('157','802','802','Aspernatur fugiat odit quia nulla modi reprehenderit sapiente.','2000-03-16 12:56:35'),
('158','803','803','Quas ea et accusantium aut enim soluta.','1989-02-24 09:56:16'),
('159','806','806','Ea voluptas quae tempora et atque laudantium facilis.','1972-04-26 06:07:00'),
('160','810','810','Ratione sit quia dolorem.','1990-02-17 16:23:02'),
('161','811','811','Minus repellendus est assumenda placeat magnam quos distinctio.','2017-03-01 10:47:05'),
('162','812','812','Voluptatem voluptas quidem cumque quas repellat quis et.','2020-02-07 12:23:46'),
('163','813','813','Iste aut ratione qui ab est.','1994-02-05 15:57:51'),
('164','816','816','Earum eum eius ut ullam rerum est iusto.','2013-06-14 10:52:21'),
('165','817','817','Voluptatum reprehenderit minima esse fugit aliquam.','1993-10-02 15:24:18'),
('166','818','818','Facilis consectetur et perferendis fuga.','2019-01-08 03:47:05'),
('167','820','820','Saepe eius excepturi a quasi velit ex velit iure.','2011-10-17 12:49:38'),
('168','824','824','Dicta est temporibus id ab est deserunt voluptatum.','1995-07-28 07:34:26'),
('169','826','826','Qui sed rerum commodi dicta mollitia fugit.','2012-08-22 19:57:11'),
('170','827','827','Aut deleniti aut corporis nostrum iste possimus.','2011-01-26 12:42:49'),
('171','828','828','Dolor animi saepe modi excepturi sunt maxime architecto.','2005-01-11 18:51:02'),
('172','829','829','Dolor quibusdam atque nulla nesciunt modi aut.','2017-02-16 21:14:36'),
('173','830','830','Rem vel laboriosam sed voluptatem sint commodi.','2004-03-21 14:49:27'),
('174','831','831','Neque repellat qui nihil quis cumque error ducimus.','1985-07-26 18:20:10'),
('175','834','834','Nobis numquam quis omnis iste explicabo consequatur accusamus iure.','2009-12-28 00:30:08'),
('176','835','835','Dicta qui voluptatibus pariatur asperiores minus.','1984-01-21 20:59:10'),
('177','837','837','Deleniti aut ducimus optio veritatis et aliquid praesentium.','1991-08-24 10:40:19'),
('178','838','838','Modi nihil eum omnis minus aut dolorem.','2011-04-21 17:48:22'),
('179','839','839','Sit unde consequatur repellat odio et porro iure sed.','2019-04-12 10:08:28'),
('180','845','845','Repellendus fugiat et et ut laborum repudiandae.','1995-12-21 07:55:38'),
('181','846','846','Quo voluptatibus laboriosam accusamus quis.','2002-11-05 06:26:25'),
('182','847','847','Officiis enim ut hic cupiditate.','1990-02-24 12:29:49'),
('183','848','848','Aut recusandae explicabo voluptatum.','2019-10-22 03:44:23'),
('184','854','854','Iste libero temporibus laboriosam velit rerum non.','2003-10-03 14:51:53'),
('185','856','856','Fuga nihil quisquam expedita molestias et aut dicta.','1989-05-27 08:23:33'),
('186','857','857','Sunt quas voluptatem ut omnis reprehenderit.','2017-07-29 11:36:30'),
('187','858','858','Aspernatur amet beatae omnis quia eum.','2009-10-18 09:54:22'),
('188','859','859','Impedit excepturi ducimus tempore qui.','2015-11-01 14:30:39'),
('189','860','860','Aut qui veritatis voluptas occaecati voluptatem eligendi.','1991-12-23 05:34:00'),
('190','861','861','Illo atque qui molestiae tenetur.','2014-11-23 03:21:10'),
('191','862','862','Facilis eos ullam laboriosam id autem.','1988-05-27 08:29:17'),
('192','863','863','Ut eligendi eius voluptate atque.','1996-03-22 04:43:28'),
('193','865','865','Quam sint aut commodi dolorum.','2010-08-31 12:45:32'),
('194','872','872','Quae repudiandae dicta quia nulla blanditiis.','1996-08-11 13:29:44'),
('195','873','873','Ea neque et eveniet laudantium qui.','2002-09-25 22:12:00'),
('196','874','874','Cupiditate rerum earum quisquam libero repellendus unde.','2010-11-11 07:30:24'),
('197','875','875','Aliquid molestias quasi expedita voluptatem enim illum.','2001-04-17 06:54:44'),
('198','876','876','Voluptatum voluptatem voluptatem laudantium nesciunt.','1994-06-08 17:08:18'),
('199','877','877','Harum ut excepturi deleniti est velit.','2013-07-03 13:20:07'),
('200','880','880','Magni hic reiciendis corrupti ea.','1985-10-31 02:46:24'),
('201','881','881','Rerum modi corrupti eum eum est sed.','2001-06-04 09:42:22'),
('202','882','882','Voluptatem ut quam nesciunt repellat iure.','2001-03-26 21:06:53'),
('203','883','883','Exercitationem accusantium aut molestiae doloremque.','1991-02-03 16:37:31'),
('204','884','884','Culpa in praesentium sequi veniam rerum porro.','1987-03-02 09:40:25'),
('205','885','885','Rerum magni sit autem aut.','2003-06-03 15:54:04'),
('206','886','886','Non voluptate ipsam in voluptas optio non ut.','1995-02-10 04:40:34'),
('207','887','887','Velit illum vel ducimus commodi earum eveniet earum.','1993-04-09 09:57:39'),
('208','888','888','Cumque quasi quis rerum.','1999-09-29 09:52:13'),
('209','889','889','Necessitatibus eius veritatis sunt libero modi debitis qui.','1982-01-23 21:19:45'),
('210','890','890','Aut aut voluptatem et.','1970-09-25 21:01:37'),
('211','891','891','Tempore suscipit voluptas officia saepe qui magnam qui.','1983-08-17 23:18:35'),
('212','892','892','Corrupti vero excepturi et aut officiis sed sed.','1983-06-27 17:46:38'),
('213','895','895','Non similique sit ad ullam.','2007-05-30 09:32:43'),
('214','902','902','Quia optio quo laboriosam.','2003-03-29 18:19:42'),
('215','907','907','Hic accusantium ut quod aspernatur molestiae occaecati adipisci.','2004-08-28 02:34:39'),
('216','908','908','In libero quis porro.','2015-08-22 00:50:33'),
('217','911','911','Est eaque distinctio quos omnis asperiores necessitatibus et.','1988-10-05 02:34:45'),
('218','914','914','Repellat ea quibusdam nihil voluptas id quas.','1993-07-26 13:12:08'),
('219','917','917','Tempora eveniet sunt nihil fugiat.','1970-08-29 16:11:20'),
('220','918','918','Temporibus ducimus sed eos.','1996-11-02 14:35:34'),
('221','919','919','Nihil et molestiae iure voluptate ut.','2005-08-31 23:40:51'),
('222','921','921','Sunt cum totam ut deleniti consequatur sed.','2017-07-16 05:22:58'),
('223','923','923','Praesentium tempore autem eius sed harum itaque.','1985-09-20 19:24:29'),
('224','924','924','Repellat et vitae non corrupti non adipisci.','1972-08-15 13:55:47'),
('225','925','925','Laboriosam sint rerum facilis harum autem dolorem laudantium.','1970-08-04 07:27:02'),
('226','927','927','Qui reprehenderit natus nisi.','1997-07-12 00:29:52'),
('227','928','928','Atque ut ab eum nihil rerum.','1991-06-08 03:28:14'),
('228','930','930','Non libero ea incidunt rem aperiam nostrum optio.','2017-05-07 17:07:00'),
('229','934','934','Fugiat veritatis sunt dolorum aut quo laborum aut.','2008-04-01 02:38:14'),
('230','936','936','Quae enim vero vel tempora maiores quo explicabo.','2005-07-02 23:45:40'),
('231','937','937','Soluta incidunt porro modi sit culpa modi.','1987-11-01 22:44:19'),
('232','938','938','Dolorem quasi quia sit ducimus non.','2008-11-29 13:55:53'),
('233','942','942','Ea et earum expedita at nihil earum.','1992-04-29 19:29:45'),
('234','943','943','Ratione non repellat minus laborum amet nobis dolorem alias.','1997-03-07 20:32:19'),
('235','944','944','Voluptatem est veniam quia possimus et.','2012-07-11 08:21:16'),
('236','945','945','Veniam nihil aut at necessitatibus nulla quibusdam enim aliquid.','1977-03-17 22:50:53'),
('237','948','948','Iusto cupiditate fugiat expedita nesciunt occaecati cum.','1995-05-01 07:32:40'),
('238','950','950','Perferendis delectus illum alias et dolores.','1985-10-04 07:50:27'),
('239','951','951','At atque corporis facere voluptas.','2008-10-17 21:16:40'),
('240','952','952','Omnis ut quasi sit voluptatem impedit fugit.','1981-05-28 11:49:54'),
('241','953','953','Quam incidunt quaerat vero error voluptatem eius vero magni.','1987-05-05 06:36:15'),
('242','954','954','Autem vitae dolores dolor repellendus vel esse.','2019-11-18 21:58:39'),
('243','955','955','Officiis eum est occaecati fugit ipsam esse.','2018-07-18 14:19:05'),
('244','956','956','Voluptatem doloremque deserunt commodi tempora sapiente possimus ab.','2009-12-29 05:07:37'),
('245','959','959','Itaque voluptatibus deserunt quas asperiores dolorum voluptas.','1991-04-27 05:13:21'),
('246','960','960','Quia delectus odit iste voluptates a porro aspernatur.','2010-06-14 09:20:06'),
('247','961','961','Ipsam expedita cum sit soluta et animi.','2018-07-30 00:35:33'),
('248','962','962','Ut vero a consectetur doloribus.','2000-09-25 12:44:20'),
('249','963','963','Rerum optio optio natus et aliquam.','1983-06-30 22:40:41'),
('250','965','965','Enim tempore repudiandae quisquam itaque debitis sit.','1978-08-11 05:47:56'),
('251','966','966','Et blanditiis ratione voluptatem.','1973-12-11 17:30:37'),
('252','967','967','Et accusantium explicabo voluptatem.','1997-09-05 13:31:09'),
('253','969','969','Non quam aut aperiam nostrum eveniet.','1997-11-06 22:35:49'),
('254','970','970','Nobis consequatur facere sit sint.','1971-11-26 10:42:33'),
('255','971','971','Dolor quidem asperiores officia iusto quia voluptatem.','1979-04-22 17:13:29'),
('256','973','973','Similique et consequatur qui ut.','1973-09-09 15:12:31'),
('257','974','974','Labore explicabo qui ullam consequatur repellat delectus qui.','2008-08-20 10:11:33'),
('258','975','975','Labore facilis soluta sit doloremque ullam similique aut.','1982-05-10 13:11:25'),
('259','976','976','Ex fugit tempora eveniet iusto nihil et necessitatibus fugiat.','1980-11-11 02:34:29'),
('260','980','980','Tempora dolorum sapiente vitae quis et autem praesentium.','1991-01-06 13:02:07'),
('261','981','981','Nulla velit libero et quos aliquid.','2010-07-29 23:08:42'),
('262','982','982','Sit ut dicta consequatur vel explicabo et.','1977-06-07 11:48:08'),
('263','983','983','Aliquid assumenda animi quia deleniti quia et.','1971-11-04 20:45:50'),
('264','986','986','Inventore explicabo ut vero quis.','1973-12-03 22:04:26'),
('265','987','987','Eius et dolorum non.','1989-04-20 19:34:58'),
('266','989','989','Saepe aut accusamus et.','1991-12-05 21:50:14'),
('267','993','993','Doloremque voluptatum qui odio autem.','2015-12-05 14:47:13'),
('268','994','994','Ipsam minima qui saepe commodi sunt id amet.','2016-09-01 20:41:27'),
('269','995','995','Voluptatem voluptate quasi repellat debitis vitae.','2004-09-22 00:30:38'),
('270','997','997','Accusamus ut cupiditate enim accusamus.','1976-10-18 01:19:49'),
('271','999','999','Minus labore aut qui.','1977-01-29 12:58:09'),
('272','501','501','Architecto tempora provident doloremque magni voluptas vitae consequuntur.','2000-01-12 23:17:47'),
('273','502','502','Et eum dignissimos earum quisquam eum.','1976-09-25 15:58:05'),
('274','503','503','Atque consequuntur quibusdam dolores reprehenderit quaerat porro.','2014-10-03 21:47:43'),
('275','504','504','Velit nostrum illo molestiae delectus assumenda omnis vel.','1987-12-31 18:58:13'),
('276','505','505','Nulla enim est eaque possimus soluta voluptas assumenda.','1970-03-23 07:51:25'),
('277','506','506','Non officia qui occaecati cumque.','1990-10-26 15:03:02'),
('278','507','507','A expedita aut rem voluptate quam totam.','2015-10-13 04:36:00'),
('279','508','508','Modi repellendus ad corrupti sunt culpa alias.','1996-12-01 16:49:55'),
('280','509','509','Hic reiciendis cum corporis non.','2012-01-14 04:45:39'),
('281','510','510','Ut non facere veniam voluptas ipsam ut sunt.','2013-08-22 16:10:29'),
('282','512','512','Eum sed voluptas ad repellat et quas et non.','2015-06-11 11:28:40'),
('283','515','515','Porro accusantium repellat nulla dolores nulla quis.','2017-07-03 16:02:56'),
('284','520','520','Est id molestiae aut quas sit odio culpa.','2004-07-15 14:49:23'),
('285','521','521','Molestiae magnam minus corrupti quibusdam laboriosam sed.','1994-03-31 21:05:32'),
('286','523','523','Saepe fugiat odit repellendus et.','1978-09-21 07:13:51'),
('287','525','525','Qui modi tempora vel eligendi reiciendis quibusdam iure deserunt.','1971-01-07 23:55:15'),
('288','528','528','Amet corrupti maiores cum eum nulla cupiditate quam velit.','1975-05-03 07:01:32'),
('289','529','529','Ex a voluptatem et.','2005-11-28 23:35:20'),
('290','535','535','Ut corporis et et voluptas.','1977-07-20 01:44:10'),
('291','538','538','Sunt aperiam nihil sint aliquam qui a consequatur.','2007-09-18 22:57:21'),
('292','539','539','Tenetur ipsa cumque sit.','1972-09-07 09:17:58'),
('293','540','540','Ut quia aut dolores qui dolorum.','1974-11-08 09:09:26'),
('294','542','542','Animi totam provident blanditiis eaque perspiciatis distinctio voluptatem.','2013-07-13 12:13:24'),
('295','543','543','Reiciendis enim enim numquam quia rerum quibusdam sit.','2018-05-19 20:07:49'),
('296','544','544','Maiores voluptatem exercitationem alias eum voluptatem dignissimos eligendi.','2010-05-08 08:11:25'),
('297','545','545','Odio rerum quasi sequi quia debitis sed.','1974-02-19 23:03:26'),
('298','546','546','Molestiae autem perferendis assumenda.','2007-03-22 11:29:43'),
('299','547','547','Ex enim sint ea ipsam ratione aperiam illo.','1991-05-02 04:26:21'),
('300','548','548','Sed id est accusamus perferendis deserunt sed.','1988-08-31 18:18:50'),
('301','549','549','Voluptatem aspernatur distinctio adipisci quasi ut.','1987-07-25 11:25:43'),
('302','550','550','Et aut in quasi omnis.','1972-02-26 23:21:42'),
('303','551','551','Rerum dolorem dolore nisi sunt nostrum veritatis.','2018-10-18 23:31:50'),
('304','553','553','Consequatur doloribus et voluptas soluta doloremque.','2011-08-28 09:30:07'),
('305','554','554','Sunt distinctio quam sint qui.','1987-10-11 07:24:39'),
('306','555','555','Amet asperiores incidunt aut amet distinctio temporibus ut.','1978-05-05 17:30:14'),
('307','558','558','Beatae at voluptate rerum repellendus voluptatum natus.','2017-11-06 19:06:29'),
('308','559','559','Adipisci animi vero quae nemo et numquam ut.','1979-04-02 10:43:35'),
('309','561','561','In eum dolorum facere aut.','1973-11-14 20:13:03'),
('310','563','563','Cupiditate modi tempore optio blanditiis eum et quia beatae.','1982-12-18 21:33:10'),
('311','567','567','Ea soluta fugit nihil voluptatum.','1989-11-26 17:35:45'),
('312','571','571','Quae id qui expedita perferendis qui quia est.','1985-04-04 07:46:31'),
('313','573','573','Libero amet maxime iusto quis est.','1991-04-04 21:31:03'),
('314','574','574','Quia voluptas aut corporis molestiae.','2018-12-02 00:54:48'),
('315','575','575','Vel quia aut sit qui.','1997-02-22 02:36:01'),
('316','579','579','Alias quia nostrum rerum.','1997-04-14 16:01:39'),
('317','580','580','Autem eaque enim qui ipsa possimus atque fugit.','2006-04-08 09:18:45'),
('318','581','581','Ut quaerat perferendis dolor reiciendis et id.','1991-11-04 03:11:21'),
('319','583','583','Ipsa id eligendi aut porro fugit delectus velit tenetur.','1985-07-28 06:23:58'),
('320','585','585','Fuga et adipisci corrupti laborum non nisi.','1975-01-30 11:26:20'),
('321','587','587','Perspiciatis excepturi distinctio vitae.','2019-01-18 17:05:21'),
('322','590','590','Aperiam tenetur dolores fugiat necessitatibus.','1973-06-08 17:58:04'),
('323','594','594','Ipsum fugiat nostrum sint fugit est eum et.','1989-08-31 17:26:59'),
('324','601','601','Minima minima sed aut maxime.','1972-09-01 18:51:40'),
('325','603','603','Id libero quas deserunt dicta illo rem molestias.','1979-11-19 23:17:43'),
('326','605','605','Beatae praesentium ea aut.','1992-02-11 00:22:58'),
('327','607','607','Non eos ut fugiat nostrum dolores optio.','2000-01-13 14:43:42'),
('328','608','608','Eius quo voluptatibus eveniet debitis adipisci nulla.','1985-08-10 14:52:31'),
('329','609','609','Praesentium asperiores voluptates velit nesciunt.','1996-11-03 14:10:51'),
('330','613','613','Adipisci at at et autem excepturi.','1981-09-12 03:45:52'),
('331','618','618','Aut ea nulla ea tenetur provident doloribus.','1997-02-28 02:54:55'),
('332','619','619','Hic quia a dicta architecto fugit.','2013-10-21 13:10:17'),
('333','620','620','Saepe ipsum et exercitationem voluptas fuga cum in.','1988-12-31 01:37:27'),
('334','621','621','Nemo vero id tempore sed.','1972-04-09 23:17:32'),
('335','625','625','Et qui velit et hic ipsa dolorum.','2005-08-15 22:02:54'),
('336','628','628','Aut tempora labore dolores libero excepturi iure et.','2002-11-07 07:46:58'),
('337','633','633','Sunt quo modi cum quam.','2016-07-30 01:58:19'),
('338','634','634','Sunt id sint corporis similique ratione voluptatem odit aspernatur.','1982-02-22 08:03:41'),
('339','637','637','Repellendus modi aliquid occaecati ut ad culpa ut.','2015-11-01 08:25:18'),
('340','639','639','Eos et corrupti molestias dolore.','2018-08-24 16:13:37'),
('341','641','641','Sed ex qui dolores nesciunt.','1987-05-31 00:14:51'),
('342','643','643','Dicta dignissimos facilis laudantium vero.','1971-01-02 23:55:26'),
('343','645','645','Non rerum sequi veniam.','2003-11-02 12:32:23'),
('344','646','646','Optio necessitatibus aut omnis alias ut ut vel.','2013-02-16 21:12:12'),
('345','647','647','Consequatur tenetur vel consequatur mollitia et vel et qui.','1996-09-30 15:41:33'),
('346','650','650','Vero omnis ipsa ut aliquam nemo ratione iure.','1986-11-24 21:46:40'),
('347','651','651','Ut et vel assumenda provident saepe maiores.','1979-02-16 03:21:43'),
('348','653','653','Modi accusamus corrupti laboriosam.','2005-05-06 00:29:32'),
('349','657','657','At in minus consequuntur animi consectetur.','1975-08-21 11:46:33'),
('350','658','658','Sed error dolorum non qui blanditiis et.','2001-12-27 21:51:40'),
('351','659','659','Labore nam eum blanditiis repellat.','1995-07-20 18:52:15'),
('352','666','666','Dolores autem et sint neque sint.','2002-04-12 03:55:20'),
('353','668','668','A sed labore blanditiis ullam voluptatem ea exercitationem quia.','2012-05-28 12:19:46'),
('354','669','669','Exercitationem natus distinctio ducimus harum voluptas nihil.','1982-05-19 08:28:29'),
('355','673','673','Eaque et qui alias ut libero iure.','1976-12-18 01:58:26'),
('356','677','677','Consequatur ut et voluptate veniam dolor doloremque.','2008-05-14 22:24:24'),
('357','678','678','Ut quo possimus earum amet ea.','1999-12-16 01:13:03'),
('358','679','679','Libero dolor nisi esse et.','2005-04-13 01:31:19'),
('359','688','688','Eos consequatur quo nulla.','1975-12-12 21:03:13'),
('360','689','689','Alias ut optio ipsum rerum.','1992-10-12 11:27:15'),
('361','691','691','In et hic natus autem.','1995-05-24 04:21:52'),
('362','694','694','Vel cumque exercitationem iure veniam quod non rerum expedita.','1985-12-26 15:24:45'),
('363','695','695','Omnis impedit non dicta inventore soluta quisquam repudiandae.','1980-05-11 03:04:39'),
('364','696','696','Quae rerum deserunt voluptatem culpa et.','1980-08-03 11:06:48'),
('365','697','697','Fugiat sint facilis laboriosam non eveniet.','1994-01-21 11:54:30'),
('366','698','698','Enim enim maiores dolorum aut.','1993-12-29 03:47:03'),
('367','699','699','Quia voluptatem voluptatibus voluptatem.','1974-12-25 01:57:41'),
('368','700','700','Iure autem earum modi cupiditate excepturi dolor pariatur.','1993-01-31 02:55:32'),
('369','701','701','Aliquam aspernatur quod dolor repellat laboriosam.','2011-07-20 08:41:35'),
('370','703','703','Officiis doloribus sequi et nisi numquam voluptas.','1988-04-17 01:04:05'),
('371','704','704','Porro repellendus enim est qui et accusantium.','1977-04-25 08:48:16'),
('372','706','706','Unde nobis dolores autem.','1976-03-21 21:29:45'),
('373','707','707','Ipsam qui modi et cupiditate aut.','1994-12-02 01:12:37'),
('374','709','709','Quaerat dolorum repellat facere eos enim in.','2000-10-16 00:21:31'),
('375','711','711','Alias eaque qui non quasi vitae.','1974-05-11 11:41:04'),
('376','713','713','Sint alias iure deserunt mollitia perferendis suscipit excepturi.','2003-07-12 12:22:13'),
('377','715','715','Quaerat animi est explicabo rerum odit.','1971-03-15 06:02:45'),
('378','717','717','Vel voluptatem necessitatibus placeat eaque enim rem exercitationem.','2017-03-14 07:27:55'),
('379','718','718','Non sunt sed pariatur aspernatur consequatur asperiores.','1986-03-01 12:53:02'),
('380','721','721','Vitae quaerat et dignissimos recusandae qui.','2015-02-25 02:34:28'),
('381','723','723','Sint perspiciatis eius voluptates labore.','1983-09-11 01:08:34'),
('382','725','725','Corporis itaque dignissimos non mollitia aut ea similique.','1977-02-25 20:28:26'),
('383','727','727','Consectetur est ea cupiditate magnam.','2006-08-20 16:20:46'),
('384','729','729','Qui vitae a voluptatem pariatur.','1992-12-05 02:21:34'),
('385','733','733','Distinctio autem aut quasi rerum.','1986-09-21 13:42:21'),
('386','737','737','Facere ut id laudantium.','1978-04-08 01:12:15'),
('387','740','740','Dolor tempore itaque libero ex.','1981-12-05 05:45:50'),
('388','741','741','Ut ut qui quos perferendis.','2007-01-17 19:22:12'),
('389','742','742','Provident vel omnis pariatur quaerat.','1970-11-12 03:22:41'),
('390','744','744','Dolores nemo dolor nemo repudiandae qui enim blanditiis iste.','1990-03-12 18:14:42'),
('391','745','745','Ut velit vero libero unde voluptatem rerum natus.','2017-02-10 20:00:42'),
('392','747','747','Fuga atque est id perspiciatis dolore labore vel.','1990-10-18 08:49:45'),
('393','751','751','Quidem ut incidunt est quia.','2006-06-19 23:27:09'),
('394','752','752','Odit facere rerum velit sapiente officia.','2016-09-29 12:18:16'),
('395','753','753','Sint rerum quam inventore qui quia similique qui.','1973-04-15 18:22:02'),
('396','754','754','Consequatur adipisci et sapiente sed molestias laborum iure facilis.','1976-07-13 03:43:15'),
('397','756','756','Iste quia quia nostrum qui recusandae in facere.','1986-08-23 13:49:28'),
('398','757','757','Est dolore corporis dolore eius libero.','2007-02-04 16:37:59'),
('399','758','758','Sapiente omnis accusantium qui aut enim quis aut assumenda.','1976-07-11 23:34:04'),
('400','759','759','Dignissimos aut neque consequatur doloribus molestiae ab deleniti.','1974-03-07 03:34:53'); 


DROP TABLE IF EXISTS `comments`;
CREATE TABLE `comments` (
  `id` bigint(20) unsigned NOT NULL AUTO_INCREMENT,
  `user_commentator_id` bigint(20) unsigned NOT NULL,
  `user_owner_id` bigint(20) unsigned NOT NULL,
  `media_comments_id` bigint(20) unsigned DEFAULT NULL,
  `news_comments_id` bigint(20) unsigned DEFAULT NULL,
  `text_comments` text COLLATE utf8_unicode_ci NOT NULL,
  `created_comments_at` datetime DEFAULT current_timestamp(),
  PRIMARY KEY (`id`),
  KEY `user_commentator_id` (`user_commentator_id`),
  KEY `media_comments_id` (`media_comments_id`),
  KEY `news_comments_id` (`news_comments_id`),
  KEY `user_owner_id` (`user_owner_id`),
  CONSTRAINT `comments_ibfk_1` FOREIGN KEY (`user_commentator_id`) REFERENCES `users` (`id`),
  CONSTRAINT `comments_ibfk_2` FOREIGN KEY (`media_comments_id`) REFERENCES `media` (`id`),
  CONSTRAINT `comments_ibfk_3` FOREIGN KEY (`news_comments_id`) REFERENCES `news` (`id`),
  CONSTRAINT `comments_ibfk_4` FOREIGN KEY (`user_owner_id`) REFERENCES `users` (`id`)
) ENGINE=InnoDB AUTO_INCREMENT=601 DEFAULT CHARSET=utf8 COLLATE=utf8_unicode_ci;

INSERT INTO `comments` VALUES ('1','501','501','1','1','Hic occaecati quo ex laboriosam quis iusto dolores. Ut non qui impedit est distinctio quis provident. Illum velit id voluptatem vel libero rerum nihil. Debitis natus sint alias iusto culpa nulla aliquam.','2012-04-07 09:53:13'),
('2','502','502','2','2','Eveniet dolorum similique eius qui iusto rerum. Labore consequatur quia ex est. Ex nam soluta et et quis in molestiae. Quia voluptatum cum quis non a voluptatibus veniam.','1973-08-12 02:30:41'),
('3','503','503','3','3','Nesciunt odio est unde voluptas. Deserunt et optio voluptate exercitationem qui et. Doloribus velit iusto rerum voluptatem placeat. Vel qui deserunt illo recusandae ex sint.','2001-09-14 13:53:41'),
('4','504','504','4','4','Nostrum impedit minus blanditiis aut. Et sit quidem et temporibus adipisci. Hic asperiores nisi modi velit repellat excepturi qui. Omnis qui provident enim consequatur.','1974-10-07 04:41:52'),
('5','505','505','5','5','Sapiente molestiae ex possimus maiores nobis. Quae veritatis voluptates quia modi sequi iste. Iure vel vel voluptatibus autem.','1971-05-14 11:39:58'),
('6','506','506','6','6','Architecto ad provident voluptas velit voluptas. Nobis consequatur voluptas perferendis sit itaque repellendus rerum. Quam rem autem quia dolorem sint animi unde et. Quia recusandae nam deserunt dolor.','2007-09-22 06:41:54'),
('7','507','507','7','7','Eveniet quia distinctio officiis et. Nobis necessitatibus sunt voluptatum et exercitationem eos. Atque ut aliquid autem expedita beatae sapiente voluptatem. Et at consectetur voluptates magnam commodi eaque. Voluptas et quia aut cupiditate.','1972-10-13 20:45:44'),
('8','508','508','8','8','Sint qui voluptatibus voluptatem nam. Consequuntur eos sed et consequatur quibusdam sit vero. Nam voluptatem non ab. Consequatur reiciendis quaerat libero veniam aperiam vitae ea.','2006-01-21 12:46:21'),
('9','509','509','9','9','Facilis quo distinctio atque libero voluptatem accusantium. Est aut aut laborum eos nostrum. Et eveniet amet voluptatem voluptate.','2018-08-14 07:57:47'),
('10','510','510','10','10','Et maiores et quod dolor est cumque odio accusamus. Error sunt ut corporis ut quibusdam. Aut ex harum quaerat doloribus. Nam esse vitae reprehenderit nulla.','1971-11-08 18:45:54'),
('11','512','512','11','11','Quo amet dicta aperiam laudantium accusantium. Molestias iste sint velit totam fugiat perferendis minus. Animi maiores id sequi aliquam. Enim asperiores quibusdam qui et voluptatem.','1996-04-04 04:38:00'),
('12','515','515','12','12','Doloribus repellendus adipisci rerum. Quia culpa voluptatem nulla esse. Non et molestias provident itaque sed debitis.','2007-01-14 04:45:02'),
('13','520','520','13','13','Et temporibus voluptates officia consequatur aut omnis porro. Labore fugiat libero necessitatibus hic vitae.','1981-04-09 19:15:46'),
('14','521','521','14','14','Et saepe veritatis modi esse commodi ducimus. Eius minima nemo sit soluta itaque quisquam consequatur. Ut facere ea doloremque eum qui quo qui recusandae.','2000-10-20 08:04:38'),
('15','523','523','15','15','Corporis inventore est error corrupti exercitationem velit ex. Aut labore dolores fugit est consequuntur numquam. Corrupti impedit sapiente consectetur commodi a eum odio. Vero est mollitia voluptates quia corrupti ullam.','1987-10-26 14:00:48'),
('16','525','525','16','16','Quo optio aut dolores iure ad. Et aliquam cum perspiciatis ut aliquam ipsam expedita. Iusto dolores sint asperiores molestias qui.','1993-09-03 17:12:09'),
('17','528','528','17','17','Aut unde expedita natus neque et eum. Dolores dignissimos voluptas ea. Totam totam culpa hic cum. Qui rerum ipsa animi suscipit ea perspiciatis. Debitis veniam nostrum animi.','1974-03-14 11:19:50'),
('18','529','529','18','18','Veniam praesentium eius et officia rerum. Autem quasi rerum explicabo. Molestiae non unde sit magni. Recusandae et occaecati error aperiam non dolorum veniam ea. Facilis aliquam unde eveniet aut.','1985-09-12 19:49:51'),
('19','535','535','19','19','Cupiditate quis corporis itaque ipsum facere vel. Aut minus occaecati illum soluta aperiam voluptas quia.','1996-10-06 08:18:59'),
('20','538','538','20','20','Illum nisi perferendis eveniet qui accusamus. Sit totam maxime quisquam dolore. Amet ut aut possimus. Vitae nihil sapiente repellendus commodi qui. Sit ut alias qui necessitatibus qui corrupti voluptatibus.','2011-06-11 20:22:34'),
('21','539','539','21','21','Illo ducimus at ipsam animi. Fuga molestiae est sint nobis maiores officia rem sapiente.','2015-08-02 14:13:22'),
('22','540','540','22','22','Rerum et quam molestias. Voluptatem itaque totam voluptate asperiores similique ullam soluta. Voluptatem est culpa debitis earum officia.','1970-04-26 00:04:05'),
('23','542','542','23','23','Expedita inventore accusamus placeat voluptate. Neque aut quis et accusantium molestiae fugit. Ut ut fuga neque fugit sit. Maiores est aperiam non ab alias aut totam.','1972-10-26 07:11:06'),
('24','543','543','24','24','Omnis sint blanditiis quo ea cum placeat libero. Error delectus quibusdam voluptatibus repellendus recusandae.','1976-02-19 09:09:26'),
('25','544','544','25','25','Quas dolor natus ut a reprehenderit. Minima ex sed alias tempore ut placeat.','2017-02-27 13:13:38'),
('26','545','545','26','26','Sapiente saepe repudiandae modi exercitationem. Deleniti autem id voluptates placeat omnis hic voluptas ratione. Ut et sed ad expedita. Ut mollitia omnis sit ut.','1976-01-08 16:29:40'),
('27','546','546','27','27','Ad exercitationem modi repellat delectus aut voluptas error. Culpa illo et nisi sint quia mollitia maiores corporis. Id voluptas iure nisi voluptas sequi labore nobis. Fugiat sed incidunt dolorum ab.','2010-08-13 19:20:38'),
('28','547','547','28','28','Dolore repudiandae aliquam voluptas voluptas vel quasi et repellendus. Ex saepe voluptate sed ratione alias molestiae vel. Mollitia sequi corrupti tenetur voluptas. Qui aut delectus fugiat ea expedita.','1997-11-24 13:07:23'),
('29','548','548','29','29','Doloremque non qui itaque maiores maxime quia. Ab qui occaecati dignissimos. Eligendi non voluptatibus ipsum sunt aperiam libero quas. Quia vel incidunt est doloremque suscipit. Ea non explicabo ut.','1983-02-04 05:42:16'),
('30','549','549','30','30','Quia animi labore recusandae unde libero et quibusdam. Eius hic nulla eum qui. Veritatis beatae totam sunt quasi qui nam.','2011-03-27 12:09:32'),
('31','550','550','31','31','Distinctio voluptates maiores tenetur et soluta ut provident. Magnam eum vel impedit ipsa et autem. Ratione explicabo veniam iure rerum ut nihil sunt.','2011-06-03 02:11:43'),
('32','551','551','32','32','Nihil ratione unde distinctio sint quia odit. Doloribus autem magnam culpa voluptatem exercitationem. Sed perspiciatis dignissimos quia omnis est asperiores numquam.','2013-01-26 14:53:05'),
('33','553','553','33','33','Fuga ab odio dolore tempora nulla eos expedita. Officia aperiam hic excepturi sed corporis perferendis. Laboriosam nam saepe nesciunt rerum sit.','2009-07-24 12:43:25'),
('34','554','554','34','34','Tenetur amet hic nesciunt tenetur et repellat aliquid. Ut vitae nihil asperiores eveniet maiores. Est dicta dicta reiciendis ut dolores sed dolorem. Totam sit quod in eligendi qui.','1976-01-13 09:04:31'),
('35','555','555','35','35','Quis a laborum quam aspernatur optio eos quis accusantium. Et modi veniam ratione error ut ad similique.','2008-11-11 13:19:42'),
('36','558','558','36','36','Suscipit mollitia voluptatem quae aut quis ipsum. Nostrum alias soluta autem. Alias dolore enim vero.','2001-03-29 17:20:18'),
('37','559','559','37','37','Doloremque iure recusandae saepe optio consectetur sed ratione. Perspiciatis sunt at adipisci consequatur repellendus. Fuga minima dolorum magnam laboriosam aliquam aut.','1997-08-26 01:39:05'),
('38','561','561','38','38','Sed tempore omnis est corporis dolorum non itaque. Corrupti velit tenetur eum animi omnis. Aspernatur officia aut sapiente et fugiat mollitia. Aut dolorem culpa in modi sunt odit.','1970-03-10 09:21:58'),
('39','563','563','39','39','Nostrum veniam ratione pariatur nihil eveniet et voluptatum. Facilis consequatur expedita nesciunt omnis hic magni ut. Et modi non tempore.','2011-12-02 09:03:17'),
('40','567','567','40','40','Fugit perspiciatis debitis magnam veniam deleniti maiores ad magnam. Nemo et veniam ut ut non. Eos sit vero voluptatem accusantium provident sed eaque.','1997-09-15 16:04:28'),
('41','571','571','41','41','Harum nesciunt qui et sit. Tempore libero quia accusantium quis veritatis est enim. Ducimus iste quo quasi ad id.','1978-02-26 20:07:58'),
('42','573','573','42','42','Magni numquam quia et quidem ipsam. Nisi impedit impedit sapiente nihil beatae tenetur atque. Quaerat quod distinctio eum ipsam. Laudantium sed modi eius quia neque. Consequuntur aspernatur voluptatem adipisci voluptatem.','1970-10-10 19:29:53'),
('43','574','574','43','43','Exercitationem eum deserunt perspiciatis neque sunt repellat est. Dignissimos porro ducimus nesciunt explicabo culpa quam quaerat. Magni consequatur quam aliquid deserunt sit quia. Accusamus quia dolorem eos corrupti sed quo quaerat.','1972-09-15 03:20:54'),
('44','575','575','44','44','Numquam facere nobis cupiditate totam. Est molestiae vel eligendi dolorem aperiam repellendus ab. Nisi consequatur accusamus aspernatur omnis exercitationem a soluta sed. In similique error tenetur rerum.','2011-06-20 10:18:54'),
('45','579','579','45','45','Dolores accusantium voluptatem quaerat est et eius ut necessitatibus. Consequatur dolores exercitationem sit ad. Culpa saepe rerum voluptatibus possimus sed. Qui ratione magni rerum quod et earum.','2006-10-11 10:00:24'),
('46','580','580','46','46','Quo doloremque cumque incidunt et. Omnis non praesentium deserunt numquam harum sapiente labore. Et sed natus veritatis et ut debitis qui. Quis rerum porro aut quidem quia non itaque.','2004-08-18 21:56:17'),
('47','581','581','47','47','Omnis excepturi quas nesciunt iusto aut. Beatae et dolor ex aut ab. Ut velit quos vel commodi. Eos consequatur perspiciatis mollitia ut porro consequatur sit.','1976-11-19 14:50:24'),
('48','583','583','48','48','Qui cum nam sed earum. Quia ut ut officiis incidunt. Sit ut et nulla culpa odio in. Qui sit ut autem eum aut. Facere accusamus maxime voluptas modi similique.','2017-01-18 12:16:29'),
('49','585','585','49','49','Similique ipsum ut qui eum sunt. In corrupti officia quasi quia quod sunt autem. Voluptatem molestias harum quas voluptates. Id in aut temporibus quaerat.','1991-05-08 06:24:15'),
('50','587','587','50','50','Cupiditate eum occaecati amet iure qui. Rerum aut qui vero temporibus. Dolores omnis recusandae nesciunt quo.','1981-04-01 06:48:42'),
('51','590','590','51','51','Accusantium consectetur architecto et explicabo et incidunt. Facere sed deleniti molestiae non. Voluptatibus ipsa hic tenetur et et. Corrupti recusandae accusamus et.','2001-05-03 00:36:20'),
('52','594','594','52','52','Est quos voluptas iusto assumenda totam. Sit dignissimos ut aspernatur dolores sed voluptates consequuntur. Deserunt corporis molestiae qui nulla. Voluptatum aspernatur molestias similique recusandae quo ut. Molestias labore ut repellendus iusto aliquid.','2004-01-12 00:27:21'),
('53','601','601','53','53','Quis aut non placeat quae. Deserunt voluptas accusamus ducimus id. Velit autem id quasi voluptatum maxime aut. Consequatur voluptatem sunt pariatur id sint et accusamus et.','1979-12-30 23:24:26'),
('54','603','603','54','54','Dolor tempora nihil laborum ratione molestiae rem. Quis est laudantium voluptas totam illo dignissimos voluptatem.','2009-09-16 07:29:03'),
('55','605','605','55','55','Iure hic sit magnam ipsum in est pariatur quisquam. Voluptatem est corrupti in maxime vel tempore culpa quo. Iure error sequi occaecati suscipit nihil eos provident.','1997-08-17 03:06:24'),
('56','607','607','56','56','Laudantium veniam consequatur illo et qui. Dolor et perspiciatis illum sed quae aut. Rerum et harum placeat sed.','1991-09-05 01:44:18'),
('57','608','608','57','57','Vel qui possimus voluptatem et velit et. Qui doloremque reiciendis cumque. Aliquam quod aut et quasi.','1981-01-15 15:48:39'),
('58','609','609','58','58','Voluptatem ipsa sed ipsa molestiae illum quis eaque. Ut porro laborum ex itaque qui rerum voluptates omnis. Amet voluptas magnam et quasi non dignissimos repellat.','2001-10-05 15:23:55'),
('59','613','613','59','59','Laborum debitis laborum qui quis porro voluptatem a ad. Sit voluptatibus sint consequuntur dolor sit culpa. Mollitia quia sit est.','1980-01-19 23:40:17'),
('60','618','618','60','60','Sunt adipisci est eos amet. Possimus nemo sint qui debitis sapiente non.','1982-12-28 08:44:03'),
('61','619','619','61','61','Rerum dicta tempora libero omnis tempore nulla. Suscipit id unde quia cum ut sit. Quo et tenetur minima facere. Non est aut quas architecto quia doloremque voluptatibus qui.','1999-02-01 21:22:00'),
('62','620','620','62','62','Delectus dicta placeat voluptatem eos dolor. Blanditiis accusamus quos consectetur dolore non similique. Quidem voluptatem aut veritatis voluptate. Cupiditate nesciunt enim accusantium id qui et perspiciatis. Quis reprehenderit ut nulla facilis error.','1998-06-07 05:31:38'),
('63','621','621','63','63','Inventore animi eum a praesentium nostrum dolores veniam odio. Est eveniet ad exercitationem similique numquam. Ipsum atque consequatur pariatur sit. Est autem et rerum dicta ut.','1985-05-25 16:58:01'),
('64','625','625','64','64','Perspiciatis aut ea accusantium eum esse ducimus impedit. Voluptate quo enim sit perspiciatis. Et quo iste facere et consequatur vitae vel.','2014-03-13 09:56:36'),
('65','628','628','65','65','Alias ea voluptates nulla dolores assumenda impedit. Tenetur nesciunt dolorem delectus corrupti eos. Tempore necessitatibus et perferendis et consectetur ducimus.','1990-07-11 11:14:45'),
('66','633','633','66','66','Eum eveniet ipsum non sed est suscipit molestias. Aperiam voluptas ea eligendi. Saepe libero qui esse. Ea voluptatem eligendi odio qui.','1984-07-06 15:38:05'),
('67','634','634','67','67','Assumenda id ut magnam cumque non. Voluptatum laudantium eos harum culpa cupiditate voluptatem iste qui.','1981-10-08 14:39:31'),
('68','637','637','68','68','Quos ut culpa neque libero ullam. Omnis qui id rerum sint. Et sed quasi distinctio libero temporibus error voluptatum. Architecto eos possimus veniam quibusdam enim.','1997-09-14 20:42:34'),
('69','639','639','69','69','Necessitatibus eos molestias debitis minima possimus doloribus. Itaque dolorum expedita commodi repellendus non ipsum temporibus. Quis nihil suscipit sunt sed vel. Veniam exercitationem et mollitia et officiis qui. Quasi ut qui sed molestias ut quas doloremque praesentium.','1990-01-13 23:48:55'),
('70','641','641','70','70','Repudiandae voluptates fugit est modi. Architecto et voluptas et voluptatem accusantium corrupti nam. Nihil delectus nihil enim quia.','1993-04-21 11:03:51'),
('71','643','643','71','71','Et voluptatibus soluta fuga eum. Provident doloribus saepe vitae consequatur est. Sint nihil quia molestiae et. Dolores recusandae id sunt facilis et.','1971-01-29 13:09:18'),
('72','645','645','72','72','Sed expedita ullam deleniti corporis quas neque tempore. Qui neque quia enim necessitatibus quam quis est. Ut ipsum maxime officiis provident voluptatem enim ut. Unde consequatur sunt eius nihil esse dolorem architecto.','1972-12-19 12:21:47'),
('73','646','646','73','73','Vitae perspiciatis sint molestiae perferendis eum modi numquam. Minima magni placeat soluta error aut non rem sunt. Saepe quas aperiam enim animi similique. Est aut incidunt quia illo aut quis consequatur.','2000-02-03 10:16:05'),
('74','647','647','74','74','Mollitia doloribus et quae voluptas. Commodi temporibus perspiciatis natus maiores labore. Omnis consequatur consequatur est culpa at. Ea omnis incidunt molestias qui voluptate est itaque modi.','1971-08-04 08:52:44'),
('75','650','650','75','75','Dolore tempora quos ex. Ut ab et vero maxime. Pariatur sit ipsa aspernatur totam. Ipsa debitis in a soluta.','1988-04-20 07:58:40'),
('76','651','651','76','76','Vel id labore accusantium doloremque. Nam voluptatem qui nisi in necessitatibus et beatae. Blanditiis accusantium qui dicta quas soluta eaque. Nihil sequi est totam qui voluptatem ab.','1996-05-06 21:01:03'),
('77','653','653','77','77','Laboriosam velit dignissimos odio esse rem modi. Consequuntur et eveniet doloribus. Veniam unde quam amet ut.','1979-12-11 01:01:18'),
('78','657','657','78','78','Est suscipit ipsum dicta officia excepturi impedit tempore. Hic distinctio omnis numquam nam. Voluptas velit sunt odio quisquam occaecati.','1976-08-16 11:01:44'),
('79','658','658','79','79','Vero aut voluptatem veniam sunt deleniti. Tenetur aut ducimus ut non iure rerum eos. Eos qui magni cupiditate sit facere ut quaerat ut. Qui provident aut ad est fugiat.','1988-09-03 07:00:23'),
('80','659','659','80','80','Deleniti ducimus ipsa soluta veritatis qui exercitationem delectus voluptas. Ea doloribus sed voluptatem in. Ex tempora libero quae qui.','1973-08-03 02:13:49'),
('81','666','666','81','81','Esse qui omnis aperiam iusto ullam cumque corporis. Sed quia repudiandae consequatur consequatur ut ipsam. Voluptatibus illo molestiae in aut repellat. Est sed quis est sequi. Nihil velit fuga quia et odit.','2015-01-17 12:16:54'),
('82','668','668','82','82','Expedita enim debitis doloremque quibusdam sed. Doloremque distinctio neque dolore delectus. Aut sapiente doloribus sit dolorem esse accusantium quia. Qui explicabo sequi sapiente fuga veniam.','2012-07-05 16:55:34'),
('83','669','669','83','83','Et quia corrupti placeat voluptatem qui omnis ipsam. Qui voluptas aliquam omnis. Quasi quos ab quod dicta hic sit autem.','2014-10-08 16:46:05'),
('84','673','673','84','84','Consequatur quis quis qui voluptate. Id sed molestias voluptatum nemo necessitatibus consequatur et.','2007-04-01 09:51:15'),
('85','677','677','85','85','Nisi nam voluptates qui et. Distinctio eos occaecati sed velit est. Necessitatibus quia non fugiat quisquam fugit officia.','2016-03-07 04:28:48'),
('86','678','678','86','86','Doloremque esse laborum deleniti. Vero non magnam odio ut magnam alias nemo et. Quisquam modi et autem ex laboriosam. Odit minima soluta corporis error vel atque est sed.','1982-11-27 16:54:25'),
('87','679','679','87','87','Totam vero mollitia necessitatibus excepturi rem ut commodi. Eligendi omnis iste quia aut rem et impedit voluptatum. Quibusdam molestiae officiis aspernatur labore. Eum vel voluptatem maxime quasi dolor veritatis aut.','2012-02-22 04:35:05'),
('88','688','688','88','88','Omnis cumque ipsam est ex qui numquam. Et maiores earum rerum aut laborum. Ipsam est adipisci voluptatem harum.','2015-04-20 10:37:28'),
('89','689','689','89','89','Non laudantium eos quisquam aliquid. Ut amet et ut voluptas assumenda. Dolor reprehenderit odio aspernatur quae. Exercitationem voluptatem nihil rerum id.','1977-05-15 01:42:32'),
('90','691','691','90','90','Rerum eaque sed nihil eum dolores explicabo. Veniam nulla sapiente repudiandae quos. Aut occaecati sed eum accusantium.','1970-08-09 02:08:58'),
('91','694','694','91','91','Optio blanditiis nesciunt voluptatem et velit esse id. Sapiente officia autem autem eos ex voluptas officiis. Cum nobis ex consequatur molestiae non iusto.','2000-05-03 15:16:13'),
('92','695','695','92','92','Quis eius in qui minima rerum. Ducimus voluptatem quia et omnis. Ut autem nemo eos sed.','1971-02-02 06:52:13'),
('93','696','696','93','93','Quia et sunt consequatur cum. Quisquam iure soluta nisi rerum. Aut soluta autem tempore ut animi nisi eum.','2009-10-02 19:57:39'),
('94','697','697','94','94','Tempora provident illo minima. Facere aut cumque repellat deleniti nihil. Nam aut debitis iste corporis enim corrupti et molestias. Expedita illum assumenda tenetur tempora qui velit quia.','2008-06-09 07:23:27'),
('95','698','698','95','95','Quia harum ut ut eaque. Quisquam aut sequi deleniti ad occaecati ut. Ut a incidunt quisquam commodi adipisci. Consequatur dolorem pariatur expedita aut praesentium qui voluptatem aliquid.','2009-03-16 23:15:17'),
('96','699','699','96','96','Est vitae maxime voluptatum sit voluptate repudiandae. Eum velit voluptates occaecati officia. Velit necessitatibus cupiditate et et voluptas possimus ipsam ut.','2009-07-25 14:20:23'),
('97','700','700','97','97','Amet quos aliquam et eos et voluptas eius ipsa. Est cum aut beatae consequuntur voluptatem. Dolore sapiente nobis perferendis illo eligendi consectetur qui earum.','2001-04-12 20:06:52'),
('98','701','701','98','98','Quis debitis molestiae aliquam est qui blanditiis necessitatibus. Tempora qui eos molestias. Asperiores tempora consequatur inventore inventore rerum quaerat.','2005-01-13 22:58:50'),
('99','703','703','99','99','Reiciendis enim quasi eos et. Rerum aut commodi enim est illo voluptates.','1976-07-04 15:36:38'),
('100','704','704','100','100','Cupiditate nisi et est aut. Eaque perspiciatis molestiae harum voluptatibus asperiores dolor. Aut non eaque nobis dolore molestiae doloribus.','2007-08-22 20:16:16'),
('101','706','706','101','101','Est accusamus temporibus adipisci quam porro. Quis nisi repellendus voluptatibus quis iste. Doloribus recusandae nulla omnis tempore. Numquam laboriosam nobis assumenda sunt hic placeat.','1973-07-14 09:33:50'),
('102','707','707','102','102','Modi autem cumque ut in est quaerat. Ipsum vero rem ipsum nemo id amet placeat id. Velit voluptatem neque mollitia deserunt et ipsum beatae. Quia at consectetur incidunt quasi est aliquam ea.','2005-12-07 04:24:39'),
('103','709','709','103','103','Tempore excepturi asperiores aut in inventore eius. Assumenda quos itaque impedit excepturi. Illo quo debitis culpa quaerat distinctio vero et non.','2017-07-05 00:59:07'),
('104','711','711','104','104','Aut qui amet accusantium suscipit. Vel nisi hic est est eius. Repudiandae fugit et illum minima distinctio recusandae.','1989-03-06 11:51:21'),
('105','713','713','105','105','Eum aut atque commodi aliquam. Iure et beatae doloremque aut. Consequatur totam tempore aut placeat. Quisquam hic ipsa consequuntur non id doloremque.','1991-08-09 13:27:04'),
('106','715','715','106','106','Mollitia explicabo voluptatem odio quod sunt cum omnis. Ratione asperiores iste rerum harum sunt qui possimus. Consequatur quam repellendus qui officia non.','1999-02-13 16:01:34'),
('107','717','717','107','107','Et illo sit facilis labore. Asperiores omnis praesentium exercitationem culpa vero molestiae fuga voluptates. Quia ut reprehenderit mollitia enim sint numquam. Aut est culpa exercitationem.','1993-01-03 22:29:34'),
('108','718','718','108','108','Ad earum modi autem velit vero itaque. Rerum qui cum corporis facilis. Error quis beatae omnis quo consequatur repellat harum tenetur. Ipsa error sunt rem dolor minima.','2005-03-18 01:06:31'),
('109','721','721','109','109','Quasi ut qui occaecati labore aut dolorem. Nam adipisci eveniet in suscipit ut nulla nesciunt in. Aut assumenda reiciendis aperiam beatae ducimus. Tenetur placeat nam in voluptates ea praesentium ad.','1984-06-12 16:49:15'),
('110','723','723','110','110','Corrupti architecto natus veniam. Omnis qui beatae architecto incidunt dolorum. Hic quo expedita corporis iusto deleniti a nam. Et vel velit sint sequi dignissimos exercitationem ullam. Quia inventore nemo incidunt tempore.','2014-07-06 08:41:29'),
('111','725','725','111','111','Et nam quidem quisquam qui et minima dolorem. Minus soluta quia ut accusantium dolor ad. Ab nostrum rem vel praesentium nobis ut fuga sint.','2001-06-25 23:12:36'),
('112','727','727','112','112','Quia ea earum in labore voluptates excepturi quasi sequi. Odit dignissimos magnam quaerat et.','2011-09-24 18:09:30'),
('113','729','729','113','113','Cumque rem perspiciatis ut assumenda quasi qui necessitatibus molestias. Voluptas ut vero ut veritatis doloribus blanditiis tempore. Qui est culpa vero accusamus quo facilis deleniti.','1982-10-18 02:48:03'),
('114','733','733','114','114','Neque cum quia est consequatur voluptatem perspiciatis sit. Iusto et expedita laudantium repellendus facilis qui. Ea adipisci laborum nisi voluptatem laboriosam. Vero ut eaque magni commodi.','2013-05-26 11:07:31'),
('115','737','737','115','115','Enim quia est repudiandae ut ut dolores. Rerum at voluptatem laboriosam. Officiis excepturi excepturi vitae iste molestiae et aut minima. Beatae quis necessitatibus ratione enim rerum adipisci.','1991-01-16 19:35:27'),
('116','740','740','116','116','Officiis non ut incidunt. Ullam vel delectus eos harum asperiores. Voluptas dolorem consequatur aut quasi debitis est odio. Nam vitae eos sit.','1999-03-14 04:37:24'),
('117','741','741','117','117','Quo non nihil repudiandae. Rerum natus sunt officia dicta impedit. Doloremque est saepe maiores earum ad quas. Laboriosam consequatur quia saepe ducimus optio voluptate.','1986-10-17 00:59:34'),
('118','742','742','118','118','Eum consequatur officiis et voluptate cum qui cupiditate. Rerum voluptate aut consequatur quisquam. Consequatur in tempora explicabo temporibus. Dicta iure fugit non vel quas.','2002-04-03 01:57:27'),
('119','744','744','119','119','Quae et sint commodi quod dolore qui. Quisquam culpa exercitationem qui ut quod. Rerum ullam exercitationem aut vitae in perspiciatis omnis.','2014-07-19 18:31:36'),
('120','745','745','120','120','Eos corporis dolorum non dolor quisquam quo. Est sint doloribus facere minima voluptatibus in. Officiis delectus distinctio autem voluptas.','2019-06-27 13:03:20'),
('121','747','747','121','121','Quasi nihil ratione possimus fuga. Quia ad a quidem necessitatibus voluptatem id voluptates. Voluptatum voluptas soluta illo et ut.','1987-03-19 22:47:13'),
('122','751','751','122','122','Harum occaecati provident eius vero. Dolor illo in voluptas corrupti. Excepturi beatae maiores repudiandae quae. Autem dolores et et.','2018-02-23 02:43:53'),
('123','752','752','123','123','Magnam nam repellat cum voluptate neque. Tempore sunt eligendi animi aliquid quia est est. Esse quos corrupti corrupti.','2014-10-17 19:20:01'),
('124','753','753','124','124','In aut quia nobis maxime dolorum aut distinctio aliquid. Voluptas tempora sed autem. Consectetur tenetur in ea cumque impedit. Totam quo delectus unde ut.','2002-01-08 20:58:57'),
('125','754','754','125','125','Iure omnis sit debitis qui ad. Delectus reprehenderit et omnis ex. Voluptatem recusandae reiciendis laboriosam molestiae quod nihil dolor. Possimus rerum sit voluptas quia.','1989-06-16 14:26:23'),
('126','756','756','126','126','Dolorem sit omnis ipsam nesciunt assumenda consequatur voluptatibus. Et vel voluptatum et incidunt in. Alias et delectus et ut. Voluptatem corrupti hic consequatur possimus aspernatur dicta.','2014-11-06 19:03:35'),
('127','757','757','127','127','Placeat quo molestiae et voluptatem error. Dolor cum cumque fugit quasi. Sed aut possimus in vel autem magni. Officia quam exercitationem dolores minus. Ducimus quam corrupti eos nulla aut.','1990-04-19 19:46:49'),
('128','758','758','128','128','Dolorem est commodi dicta odit minima. Distinctio nam qui nostrum ad repellat explicabo quidem. Et nesciunt et explicabo est soluta ut ut. Tenetur velit qui placeat laborum neque fuga.','1996-04-09 17:00:28'),
('129','759','759','129','129','Eaque amet id asperiores totam sit. Veritatis aut architecto totam impedit reiciendis porro repellendus. Ut quia debitis provident. Cumque dolores saepe distinctio accusantium. Eum quia et eum numquam dignissimos et.','2004-06-22 13:39:48'),
('130','760','760','130','130','Quis blanditiis vel ea. Voluptas eos repellat pariatur ea non consequatur quod. Et laboriosam distinctio qui sint facere ad. Ea omnis rem cum dolor corporis.','1974-04-16 15:04:05'),
('131','761','761','131','131','Qui voluptatibus consequatur veritatis eos. Aliquam nihil eaque in eum rerum vel sit. Aliquid omnis id laudantium quos quas illo.','1983-11-29 03:49:19'),
('132','764','764','132','132','Aliquid natus veritatis nihil quia sunt et. Est quia voluptas quo deleniti officiis iure. Consectetur nam consequatur recusandae omnis molestias.','1986-07-15 09:53:16'),
('133','765','765','133','133','Consequuntur quam dolorem ut ea. Eveniet praesentium recusandae sequi provident iure. Porro quos numquam aperiam voluptas.','1993-10-28 12:12:26'),
('134','766','766','134','134','Qui quis mollitia corrupti eum. Est dolorem ut beatae iure et. Iusto earum eveniet consectetur eum reiciendis earum. Sed aut repellat magni et.','2004-08-12 16:04:07'),
('135','768','768','135','135','Beatae doloribus eaque quod nobis vel commodi. Nostrum vel vero sit nam voluptas et cum. Fugit qui est sit omnis. Vel et est et corporis praesentium.','1981-08-21 11:00:26'),
('136','770','770','136','136','Non neque eum et earum quam voluptatem. Nihil quis placeat libero expedita voluptatem non nulla. Necessitatibus nihil eum sint excepturi odio commodi. Perferendis dicta reiciendis aut atque reiciendis vel. Similique ut illum tempore voluptatem magni eveniet debitis.','1981-01-06 07:04:24'),
('137','771','771','137','137','Commodi dolorem possimus facere illo. In eligendi iste necessitatibus nihil inventore. Impedit quam quas dolor. Nemo numquam reiciendis magni possimus veritatis tenetur non.','1996-11-18 04:27:29'),
('138','772','772','138','138','Aliquid quae rerum qui corrupti nihil voluptate. Aperiam error omnis nemo quas repellat voluptas ad necessitatibus. Cupiditate assumenda possimus aut doloremque nobis quas.','1997-05-22 02:41:18'),
('139','773','773','139','139','Eveniet adipisci dolorem aliquam rem modi consectetur. Vel velit animi repudiandae ut quaerat eveniet unde atque. Est ut ut quia eum laborum officia. Porro molestias doloremque amet occaecati.','1988-12-25 14:45:29'),
('140','774','774','140','140','Autem rerum explicabo excepturi quod natus perspiciatis. Impedit voluptatem et unde eveniet et amet placeat. Corrupti sequi quibusdam eveniet. Dicta numquam et sit atque quia libero blanditiis.','1970-07-10 11:10:49'),
('141','778','778','141','141','Consequatur dicta totam saepe sit veniam voluptatibus aliquam rerum. Et cum ut eveniet qui cumque ea molestiae nemo. Nisi fugit rerum tenetur ipsa sed. Qui expedita praesentium molestiae sit.','1992-11-04 04:43:55'),
('142','779','779','142','142','Eaque et expedita quia perferendis doloribus explicabo labore. Excepturi velit nobis quos rem ut et mollitia non. Ipsum et modi occaecati similique nostrum illo neque. Voluptates tenetur harum temporibus.','1998-07-05 21:57:16'),
('143','780','780','143','143','Et dolores provident rerum exercitationem. Ea recusandae ut eos illum. Maiores placeat repellat dolor consequatur enim est occaecati.','2008-08-16 01:14:02'),
('144','782','782','144','144','Et maxime nostrum voluptatum magnam ut. Delectus labore voluptatem doloribus.','2000-05-11 10:48:36'),
('145','783','783','145','145','Ad iste modi in adipisci sunt qui aliquam. Tempore inventore ut quia rerum accusamus eum quos nostrum. Iure suscipit possimus quisquam magnam quis nisi a. Sapiente minima provident in ullam minus.','1982-01-01 08:51:16'),
('146','785','785','146','146','Praesentium molestias asperiores dolores explicabo ut quis. Aut adipisci eveniet animi nisi. Asperiores ut dicta enim nihil autem rerum voluptatem cum.','1980-12-26 16:31:09'),
('147','787','787','147','147','Reiciendis architecto et est est esse minima. Sed cum quasi cum nemo maxime qui. Voluptate nemo illo minima suscipit a deserunt nulla velit.','2014-11-07 21:20:07'),
('148','788','788','148','148','Recusandae ex adipisci in qui nostrum voluptas aut. Quaerat et commodi optio ut aut culpa. Quae voluptas incidunt deserunt ipsa sit voluptates.','2006-02-24 04:08:56'),
('149','791','791','149','149','A et enim illo fugit omnis maiores debitis. Omnis nihil deserunt ipsum id quibusdam ea consequuntur eos. Corrupti tempore voluptatem fugiat debitis. Illum quo culpa in itaque aut est reiciendis.','1978-09-01 20:55:25'),
('150','793','793','150','150','Ullam corrupti quia cumque iusto. Quidem qui sint cumque cum consequatur. Et id libero enim ipsam id.','1992-02-02 06:50:06'),
('151','794','794','151','151','Expedita ea voluptatem sit aut nulla voluptatem. Magnam nihil amet qui est numquam. Dolore quaerat voluptas commodi ut est. Cupiditate et repudiandae ipsa et.','1989-06-13 00:02:24'),
('152','795','795','152','152','Omnis minus accusantium mollitia ea. Quia ut rerum ratione eveniet impedit non. Culpa ea voluptatem ullam dolorem non culpa error aliquid. Necessitatibus officia nam eum exercitationem veniam quos sint. Eum natus unde magni ad.','2001-06-04 22:11:36'),
('153','796','796','153','153','Quibusdam quos ipsum a quibusdam nam. Ad harum voluptatum porro suscipit et impedit. Perspiciatis delectus sit placeat est. Repellat inventore nesciunt tempora ut est non. Rerum ea sed ea veritatis assumenda non.','1983-01-01 03:36:51'),
('154','797','797','154','154','Nobis ea doloribus quis perspiciatis distinctio ut. Nulla consectetur molestiae eaque omnis neque praesentium ut. Ut aliquid aut sit explicabo qui corrupti. Id magnam nostrum minus nobis aperiam.','1982-11-13 03:47:57'),
('155','798','798','155','155','Asperiores fugit sit voluptas. Ab repellat iusto cumque ad repellat. Eum quibusdam omnis vel sit dolores fuga. Eligendi consequatur fugit vel voluptate quia.','1971-11-11 12:37:19'),
('156','799','799','156','156','Velit dicta est dolores est. Eos dolore minima fugit labore doloribus ea molestiae. Voluptate dolorum animi voluptatem asperiores. Aut est aut quidem nihil fugiat vel corrupti quos. Suscipit voluptatem cupiditate et et rerum ut provident.','1987-12-05 00:09:51'),
('157','802','802','157','157','Numquam incidunt dolorum dicta deserunt. Non nisi veritatis esse eius. Et sed officia nostrum blanditiis aliquid eum deleniti. Eaque et facere architecto officia perferendis ipsum et enim.','1976-02-03 07:47:15'),
('158','803','803','158','158','Quisquam rem atque et doloremque. Ut et delectus beatae et ducimus dolorem. Minima perspiciatis cumque aperiam quos aliquam inventore doloribus quod.','1988-11-05 18:21:56'),
('159','806','806','159','159','Sint enim aut aliquid earum. Corporis voluptatem rerum voluptatem debitis tenetur. Expedita et libero earum culpa omnis aspernatur ab.','2015-10-31 23:29:52'),
('160','810','810','160','160','Beatae ut eos suscipit molestiae sit placeat. Voluptatum omnis ex perspiciatis et vero. Quo fuga aut magni rerum officia et. Qui similique pariatur alias.','2011-06-17 06:05:35'),
('161','811','811','161','161','Dolore voluptatum quod iusto suscipit voluptates. Quo magnam quod sit nemo. Qui totam cupiditate eos.','2007-11-27 23:44:57'),
('162','812','812','162','162','Omnis quis numquam quia laudantium temporibus dolor pariatur quo. Dolorem itaque nihil tempora inventore dolores. Quis rerum ut omnis ut.','1974-06-20 20:47:57'),
('163','813','813','163','163','Ipsam omnis ut iure dicta ut. Vel iusto deleniti ullam consequuntur ut ut nihil. Explicabo dolorum eos voluptas dolores consequatur.','1972-08-26 10:31:27'),
('164','816','816','164','164','Qui molestiae ipsum omnis qui numquam quod et suscipit. Cum facilis quidem qui tempora. Eos tenetur vitae qui officiis id facilis.','1998-08-16 08:53:32'),
('165','817','817','165','165','Quia autem non voluptatem itaque rem quibusdam. Maxime eaque et error natus nulla sint. Facere amet neque omnis recusandae. Quia excepturi nihil expedita ut.','1997-02-20 18:22:14'),
('166','818','818','166','166','Dolorum dolor quod eligendi aliquam est sunt. Facilis ut sit natus deleniti pariatur omnis eum. Ea ut quibusdam amet quam deserunt dolorum quod voluptas. Odit enim eum ullam.','1983-02-03 13:26:07'),
('167','820','820','167','167','Occaecati fugiat aut consequatur perspiciatis soluta vero. Magnam vero natus est.','1973-12-28 13:00:47'),
('168','824','824','168','168','Placeat ipsa dolorum aut et officia maiores. Laboriosam consequatur aut ad quidem officia. Consequuntur enim libero quae harum alias officia. Ad eaque nobis quas odio totam.','1995-04-23 23:44:40'),
('169','826','826','169','169','Quia beatae dolor ut et consequatur iste iste. Officia et ad voluptatem voluptas vitae veniam. Sint nihil eos iure.','1983-08-06 14:58:45'),
('170','827','827','170','170','Magnam officiis excepturi et quas. Ea est iste et dolores. Voluptatem pariatur quas vitae nobis.','1973-03-30 22:21:01'),
('171','828','828','171','171','Officiis ex nemo voluptates. Mollitia commodi qui qui aspernatur. Voluptatibus officia atque maiores ut dolorem et. Ut dolor enim neque non quas qui.','1971-02-20 20:54:55'),
('172','829','829','172','172','Et eveniet quibusdam ipsa in sit aspernatur inventore. Vel praesentium blanditiis molestias eos est similique. Nihil delectus iusto dolorem.','1990-04-14 12:10:50'),
('173','830','830','173','173','Sint explicabo ullam velit excepturi facere eum sint. Autem sint voluptatem nihil dolor est. Sit repudiandae aut praesentium id dolorum aut laboriosam reiciendis.','1998-12-10 14:39:37'),
('174','831','831','174','174','Suscipit velit magni repudiandae occaecati quia sed. Dolor excepturi sunt consequatur officia est. Expedita aliquam velit praesentium voluptas. Itaque eum aliquid architecto similique laborum quo tempore.','1978-03-07 15:02:53'),
('175','834','834','175','175','Rem quia rerum neque vero rem tempora omnis. Veritatis autem voluptatem molestiae accusantium iure. Quam sequi corporis qui modi et aut.','1980-04-07 09:48:36'),
('176','835','835','176','176','Accusamus excepturi quos qui omnis. Facere reiciendis asperiores fugit quam enim in. Et quas qui dolor illum exercitationem sit.','2014-10-23 14:13:47'),
('177','837','837','177','177','Corporis quo voluptates eum officiis necessitatibus. Eius aut ea voluptas et sunt. Eos dolores quidem quisquam sit vero dolorem. Doloribus sit officia atque reiciendis sequi quasi quis alias. Et consequatur consequatur omnis.','1972-08-06 13:53:31'),
('178','838','838','178','178','Voluptatem voluptatem dolorum voluptas ut atque est ipsam. Iusto et quos sit veniam voluptas veniam. Delectus suscipit aliquid itaque velit earum omnis suscipit distinctio.','2012-05-04 13:18:55'),
('179','839','839','179','179','Et fugit nisi ea assumenda perspiciatis ipsum veniam. Facilis quidem enim dolorum tempora reiciendis est. Reiciendis est consequatur molestiae omnis est quaerat.','1972-02-09 08:33:46'),
('180','845','845','180','180','Corporis atque non qui hic debitis. Quia expedita sunt enim temporibus aut beatae rerum. Fugiat quos atque ratione.','1976-06-02 05:14:44'),
('181','846','846','181','181','Animi velit officiis consequatur maiores similique voluptate est. Praesentium labore dolorum est sed. Sint harum porro perferendis et sed expedita repudiandae et. Ipsum officia consequatur dolor nam.','1999-08-08 23:11:14'),
('182','847','847','182','182','Itaque et repellat eos et alias. Quod vel doloremque et sequi.','2006-04-10 18:57:14'),
('183','848','848','183','183','Aut excepturi neque omnis laudantium quaerat. Libero voluptas provident voluptatum. Delectus laudantium et nihil dolores animi debitis. Aut pariatur eius ab impedit ullam nostrum.','1984-12-24 00:29:22'),
('184','854','854','184','184','Laboriosam magni sequi nisi minima natus. Itaque error quis ut ut voluptatem quae unde.','2014-06-23 04:03:14'),
('185','856','856','185','185','Labore numquam nihil deleniti soluta. Autem excepturi aliquam odit repellendus unde ipsum. Eligendi dolores quidem perspiciatis magnam illum. Ducimus illum nesciunt iusto inventore incidunt.','2004-07-12 16:48:50'),
('186','857','857','186','186','Aut in rerum quas iure pariatur ut non. Enim in nesciunt ex quos adipisci possimus. Vero molestiae at provident adipisci. Qui facere et et amet repellendus quae aliquam. Ex deleniti voluptate ducimus perspiciatis rem qui consectetur.','1986-02-14 11:13:58'),
('187','858','858','187','187','Qui occaecati atque recusandae deleniti et quos. Quo rerum tempore placeat accusantium quia quis. Sunt ad dolores ut aut inventore magnam sit aspernatur.','2019-12-09 21:04:35'),
('188','859','859','188','188','Consequatur ut et nihil repellendus. Ea ullam ut dolore et fuga. Debitis occaecati dolorem eveniet illum illo quia.','2013-10-10 14:58:35'),
('189','860','860','189','189','Consequatur quae quo labore illum rerum consequatur corporis. Tenetur facere itaque rerum quae hic. Praesentium suscipit natus temporibus similique doloremque maiores. Quod numquam rerum dolorum fugit dolores eius. Fuga sed voluptates corrupti possimus deleniti magnam dolor animi.','2007-11-27 23:09:38'),
('190','861','861','190','190','Ducimus laudantium nihil eum delectus unde maiores necessitatibus. Nihil similique cum itaque recusandae voluptates natus. Doloremque aut ut omnis consequatur in. Veniam ut quisquam et quas est maiores.','2004-02-29 08:07:39'),
('191','862','862','191','191','Ipsa non ipsum alias. Rerum molestiae error sunt officia non occaecati quasi et. Quia voluptate mollitia voluptas.','2010-09-09 13:38:12'),
('192','863','863','192','192','Eum ullam quia dolores eveniet. Placeat ipsum cumque aut adipisci exercitationem. Id dignissimos et quod a cupiditate. Vero et porro culpa sed recusandae iste.','2010-03-22 14:18:49'),
('193','865','865','193','193','Delectus animi eius dignissimos eaque vel et. Quo repellat consequatur quis et deserunt qui expedita nihil. Ipsa dolores deleniti commodi vel.','1974-02-01 20:04:28'),
('194','872','872','194','194','Ut ut repellat perferendis facilis. Fugit dignissimos aut beatae. Eos autem aut in repellendus. Hic rerum eos explicabo ducimus officia voluptatum a.','2019-05-02 00:09:02'),
('195','873','873','195','195','Cumque ut harum dolorem cumque deserunt consequuntur minus. Hic est eveniet unde corporis impedit quisquam expedita. Aut optio necessitatibus dicta et in delectus enim.','2008-01-11 22:12:54'),
('196','874','874','196','196','Maiores recusandae illum delectus soluta quae non aliquam. Deserunt error non neque ducimus sunt odit. Quas aut quis vel mollitia veritatis dignissimos. Eaque mollitia cum suscipit et quo similique.','2016-05-02 21:59:28'),
('197','875','875','197','197','Rerum iusto qui blanditiis ut ut incidunt dignissimos. Molestiae animi voluptate voluptatem et quia dolor.','1996-09-25 02:41:46'),
('198','876','876','198','198','Voluptas non placeat a autem. Odit eveniet totam nesciunt asperiores labore. Rerum nostrum quo quia non.','1985-08-22 14:06:38'),
('199','877','877','199','199','Eaque aspernatur consequatur temporibus vero tenetur. Deleniti quibusdam maxime sit facilis. Quaerat veritatis minus voluptatem ut nulla occaecati accusantium. Ex autem assumenda suscipit rerum non ratione.','2014-03-24 21:09:39'),
('200','880','880','200','200','Rerum tempora molestiae eaque laborum enim. Fuga voluptates sed consequatur porro. Sed excepturi aut sequi praesentium saepe fugit. Ab quisquam voluptas voluptatem eius.','1982-09-06 14:08:03'),
('201','881','881','201','201','Non aperiam quia eum dolores corporis nihil voluptate. At natus officia corporis occaecati reiciendis delectus dolorum quidem. Id natus harum nesciunt distinctio architecto magni occaecati voluptas. Earum earum perferendis quasi beatae.','1979-03-27 10:29:51'),
('202','882','882','202','202','Est ipsum rerum dolorem. Accusantium quia ab officia repudiandae. Provident facilis cumque odit et voluptatem quia. Repellendus voluptate aspernatur et perspiciatis nemo. Modi expedita excepturi et unde voluptatum nemo veniam.','1989-08-13 13:08:04'),
('203','883','883','203','203','Sit eum id omnis animi. Non tempore et cumque ratione fuga. Eveniet rerum atque voluptatibus atque ex beatae. Aut dicta ut culpa enim est eligendi qui et.','2003-11-29 10:47:38'),
('204','884','884','204','204','Odit pariatur temporibus cum illo sint qui quibusdam modi. Quo modi neque error soluta velit. Ab earum facilis maxime voluptatem excepturi voluptas. Alias nostrum quaerat ipsam inventore laboriosam ut sed vel.','2016-07-13 15:59:18'),
('205','885','885','205','205','Consequuntur vel incidunt aliquam nihil. Tempora quasi eveniet tempore blanditiis et animi nemo. Iure labore assumenda dignissimos mollitia nesciunt doloremque.','2010-06-07 09:38:32'),
('206','886','886','206','206','Magnam sed officiis soluta excepturi qui sapiente dolores atque. Omnis et quidem consequuntur. Fuga corporis velit omnis nostrum ratione hic et optio.','1999-12-14 15:42:33'),
('207','887','887','207','207','Quia et molestiae est excepturi molestias. Rerum ea nam adipisci ea veritatis deleniti illum nostrum. Accusamus harum inventore et omnis. Quod eum magni dignissimos fugiat consequuntur. Vel eaque nam ipsam ex repellendus adipisci fuga.','1997-01-07 23:14:13'),
('208','888','888','208','208','Quas laudantium accusantium ipsa assumenda explicabo. Labore et tempore soluta qui rem quam. Doloremque est consequatur dolorum. Nostrum at non totam. Quos eum blanditiis molestiae sint.','1985-04-29 17:10:42'),
('209','889','889','209','209','Saepe molestiae dolor esse id perspiciatis. Pariatur iure voluptatibus cum. Omnis omnis deserunt eveniet commodi reiciendis ducimus labore. Tempora autem tempora assumenda in doloribus dolorum ut.','1975-07-02 16:14:18'),
('210','890','890','210','210','Voluptatem est sed explicabo. Temporibus veniam voluptate aut. Voluptatem quo laboriosam qui ipsam inventore.','1982-07-29 10:03:41'),
('211','891','891','211','211','Ea excepturi et voluptas autem aut qui aperiam. Vero dolores nesciunt voluptatem non natus. Rem exercitationem inventore tenetur veniam in.','1999-07-28 19:54:06'),
('212','892','892','212','212','Autem ipsam corrupti praesentium modi nisi consectetur. Voluptate quo dolores enim provident.','2020-03-19 12:40:13'),
('213','895','895','213','213','Voluptatem animi qui rerum. Quaerat numquam incidunt ut. Accusantium sed voluptas numquam quo soluta. Eos possimus molestiae qui quod molestias porro aut qui.','2006-07-06 12:38:08'),
('214','902','902','214','214','Laudantium eos aut ratione accusamus distinctio eum perspiciatis. Cupiditate officiis aliquam mollitia sunt. Molestiae quis nihil sit unde id.','2004-01-31 05:24:15'),
('215','907','907','215','215','Dolorum nulla nesciunt vero voluptas impedit ipsam quasi ut. Placeat quia et incidunt repudiandae quae et deserunt. Qui autem est a sed qui.','1988-08-30 08:09:45'),
('216','908','908','216','216','Iste repellat optio qui error nam itaque. Quae eum voluptas tempore quo. Voluptas occaecati aut quam debitis. Aut tempora explicabo accusamus.','2010-05-27 12:15:01'),
('217','911','911','217','217','Consequatur voluptas repudiandae qui possimus non est quaerat temporibus. Laborum placeat voluptas cumque. Aut facere voluptas voluptatibus atque incidunt aut. Nulla velit accusamus minus impedit omnis et sed consectetur.','1995-12-04 03:15:16'),
('218','914','914','218','218','Impedit vel placeat ut. In ipsam consequatur dolores. Dolor libero possimus dolorem dolor quae sed.','1989-02-04 13:38:25'),
('219','917','917','219','219','Voluptatem doloribus rem enim odio. Odit quas earum neque fugiat aliquid ipsam deleniti. Dolorem tenetur sit et voluptatem neque.','1994-01-12 20:55:22'),
('220','918','918','220','220','Commodi eum sed quis ut officiis eaque. Aut cumque voluptas natus dolorem qui. A necessitatibus accusantium distinctio occaecati omnis. Est nihil consequuntur ducimus rerum omnis ut.','1993-05-18 15:54:29'),
('221','919','919','221','221','Qui libero alias error autem et. Molestias et aut voluptate. Eum at distinctio eum adipisci. Exercitationem accusamus praesentium vel.','1995-02-04 17:33:51'),
('222','921','921','222','222','Dicta sunt rerum omnis. Suscipit temporibus qui ut est quibusdam dolorum. Quod optio beatae sint voluptates autem qui quia.','1972-12-02 19:09:21'),
('223','923','923','223','223','Aut voluptatem architecto nobis nihil dolores aliquam dicta dolores. Libero veniam exercitationem cum. Non consequatur ut qui doloremque ut. Quia ut ullam qui numquam praesentium veniam.','1979-06-04 00:36:03'),
('224','924','924','224','224','Sapiente rerum accusamus cumque a repudiandae facere. Voluptate excepturi dignissimos deleniti officiis quo consequatur voluptas. Illo voluptatem aut magnam illum quidem aliquid sit libero. Assumenda vero aliquid asperiores iusto molestiae eaque.','1984-10-18 23:19:17'),
('225','925','925','225','225','Blanditiis ut ea facere animi. Harum vel quo repellendus omnis assumenda exercitationem quasi. Architecto magni dolorem modi.','2005-06-22 11:43:23'),
('226','927','927','226','226','Minima commodi aspernatur dolor. Odit et harum amet quisquam vel. Voluptates voluptatem animi necessitatibus corrupti esse.','1989-04-20 03:32:43'),
('227','928','928','227','227','Error voluptatem distinctio vero omnis vel atque ut. Dolores aspernatur dignissimos sed eos voluptatem. Consequatur iure est libero sunt et facere vero. Sint harum quia consectetur aut eos qui.','1997-05-31 11:54:06'),
('228','930','930','228','228','Provident ea inventore enim iste provident ratione. Incidunt voluptas nemo tempore assumenda consequuntur sed voluptatem. Omnis voluptatem enim nam iusto sunt voluptas. Nulla itaque corporis quos.','1994-06-10 20:51:31'),
('229','934','934','229','229','Deleniti ab vitae quae eaque eum. In iste necessitatibus rem ipsam molestiae fugit laborum totam. Aut voluptatem sunt totam officia vitae veritatis voluptates libero. Eum ad nihil in minus. Ratione deleniti dolor iste.','1971-04-11 02:39:01'),
('230','936','936','230','230','Explicabo quae vero voluptatibus amet eveniet possimus quas. Illum quia sunt autem dolores reiciendis. Exercitationem laboriosam enim et eum aut quaerat non. Voluptas velit est aliquam quo.','1979-10-16 07:53:04'),
('231','937','937','231','231','Iure deleniti optio delectus praesentium. Earum saepe iusto distinctio rem provident et excepturi. Vitae eius repudiandae hic et saepe ipsa. Cumque nesciunt distinctio consequatur facilis. Earum suscipit est doloremque saepe accusamus.','2015-02-28 12:38:41'),
('232','938','938','232','232','Est aut qui voluptates veritatis sapiente dolorum architecto exercitationem. Quis ipsa dolorem delectus velit perspiciatis beatae. Soluta ut voluptate cupiditate nihil adipisci.','1972-09-01 03:36:16'),
('233','942','942','233','233','Eligendi nihil ipsam at aut. Iure eaque qui reprehenderit illum ea nam. Sed illo quo neque dolorum quos sit. Sit quasi pariatur non dolore.','2000-03-07 17:02:20'),
('234','943','943','234','234','Eius ratione magni recusandae iusto. Rem repellat hic temporibus occaecati sit voluptatibus reprehenderit. Consequatur consectetur atque commodi nesciunt voluptas nisi aliquam.','2015-03-27 20:26:26'),
('235','944','944','235','235','Unde aut fugiat dolorem animi. Aspernatur enim quam qui ab nemo expedita labore. Molestiae sed reiciendis cumque cum enim omnis.','2010-03-06 10:47:23'),
('236','945','945','236','236','Quos consectetur autem minima magnam. Voluptatem sapiente possimus vel deleniti et et corrupti. Et fugiat et est mollitia ad.','2003-10-01 14:42:37'),
('237','948','948','237','237','Iste officia quod neque. Consequatur facere id vero autem voluptatum tempore. Facilis optio dignissimos dicta accusantium.','2001-02-26 09:02:52'),
('238','950','950','238','238','Sint voluptas ut aut dolor libero tempora laudantium consequatur. Quis est velit quia pariatur autem voluptatem consequatur. Corporis ratione labore animi eum in ut alias.','1979-10-19 23:02:04'),
('239','951','951','239','239','Dolorem et placeat sunt dicta pariatur quam quibusdam. Voluptatem ut omnis dolores. Deserunt deleniti inventore modi provident sapiente consequatur. Enim pariatur esse rerum impedit animi perspiciatis. Velit molestiae dolores facilis id est sit autem.','1982-03-06 03:14:24'),
('240','952','952','240','240','Ipsa culpa nihil ut tenetur optio rerum dolorem. Dolorem quibusdam voluptate ut consequatur necessitatibus qui. Dolor nisi odio consequatur sunt delectus quis velit cumque. Veniam et quos aut consequatur ea.','1970-10-18 23:48:33'),
('241','953','953','241','241','Aut maiores repudiandae voluptatem non est. Est culpa porro ut totam animi mollitia dolor.','2002-09-03 03:31:41'),
('242','954','954','242','242','Molestiae aut eius placeat labore tempora perferendis. At qui corrupti veniam. Similique maiores quo ipsam architecto earum voluptatibus vitae amet.','2014-05-28 14:34:23'),
('243','955','955','243','243','Molestiae et explicabo odio nostrum illum vel eius. Cupiditate nesciunt quod sequi dolor voluptatem rem reprehenderit. Dolorem exercitationem eligendi vitae sapiente sint modi. Voluptatem laudantium doloribus doloribus et natus.','1986-01-10 06:15:22'),
('244','956','956','244','244','Nemo voluptatem et sit qui qui. Omnis pariatur ab ea sint. Animi magni dolor consequuntur debitis porro qui. Id et rerum consectetur animi.','1980-11-30 15:40:43'),
('245','959','959','245','245','Nemo voluptas porro quis saepe quia eos. Id tempore natus quibusdam id pariatur occaecati. Nam ad commodi enim ullam ut velit et.','1994-02-05 05:34:34'),
('246','960','960','246','246','Nam iste quo sint repellat ut repellendus molestiae. Ab sequi quibusdam assumenda natus itaque vero est. Rerum voluptates quia iste repellat occaecati quas nam.','1990-10-17 02:05:28'),
('247','961','961','247','247','Dolor quibusdam possimus officiis dolor. Voluptas sunt et atque ipsum tenetur ipsum nobis. Natus quae consequatur nisi eos saepe exercitationem. Dolor itaque in omnis laborum atque qui.','1990-06-30 19:09:30'),
('248','962','962','248','248','Vero distinctio ipsum accusamus nihil numquam. Quis eum eius cumque quasi. Laborum voluptas veritatis assumenda labore possimus libero et tenetur. Ut omnis inventore quo accusamus distinctio impedit.','2017-11-27 12:10:53'),
('249','963','963','249','249','Ut consequatur facere minima adipisci omnis ipsum hic. Dolorem hic alias aut dolorum aut repellendus quo enim. Accusamus autem temporibus repellat. Et voluptatum laudantium porro consequuntur.','1987-08-19 09:11:20'),
('250','965','965','250','250','Consequatur in consectetur autem harum est voluptas. Omnis non autem accusamus voluptatem qui hic doloribus. Voluptatem quia sint aut voluptatem et aliquid.','1985-05-29 10:44:14'),
('251','966','966','251','251','Iusto commodi accusantium consequatur aspernatur quos a. Ut eveniet eos rem modi commodi ea possimus. Est aspernatur voluptatem tempora.','1980-10-30 19:33:10'),
('252','967','967','252','252','Corporis excepturi quia quo voluptatem. Maiores nam culpa pariatur eos veritatis. Laboriosam recusandae asperiores omnis iusto aspernatur.','1979-01-17 02:10:10'),
('253','969','969','253','253','Dolor omnis tenetur expedita expedita maxime qui vel. Voluptatem voluptatem velit reprehenderit et dolor esse qui. Hic quia inventore ipsam quo ipsa quae accusamus reprehenderit.','1970-03-23 18:46:21'),
('254','970','970','254','254','Sunt culpa ipsum deleniti necessitatibus nobis. Aliquam explicabo deleniti illo et dolor magnam sunt. At corporis possimus expedita quia qui.','1992-03-23 19:30:47'),
('255','971','971','255','255','Est placeat et ipsum in qui. Aspernatur aliquam nam aut qui. Qui illo cumque cupiditate dolorem aut laborum.','1972-10-16 15:02:41'),
('256','973','973','256','256','Accusamus cupiditate est harum quia laboriosam numquam quaerat dolores. Quod commodi quidem possimus quasi. Iusto doloremque consequatur quas doloremque maiores voluptas nobis omnis.','2013-01-26 17:26:51'),
('257','974','974','257','257','Et laborum quis voluptatem unde est libero tempora. Dolorem laudantium id facere error vel. Quisquam eius ipsa dignissimos facilis officiis. Mollitia eos impedit quia et minima quas.','1995-03-04 03:46:14'),
('258','975','975','258','258','Laudantium rerum ipsam sint impedit rerum et. Facilis laudantium velit veniam iure natus velit. Ad neque non et illo. Nisi quia sit fugit ipsam dolor deserunt nisi.','2007-02-04 02:42:17'),
('259','976','976','259','259','Et molestiae tenetur ut. Et dolores iusto voluptatem ut ea consequatur. Pariatur enim molestiae est quibusdam. Iusto vitae rem voluptate ut quidem itaque.','1992-01-19 05:55:35'),
('260','980','980','260','260','Aut voluptate velit tempore dolor qui. Expedita veniam minima repellat. Voluptatibus molestias assumenda ea commodi neque eligendi. Numquam ut unde est error et cumque officiis.','2009-08-18 10:14:35'),
('261','981','981','261','261','Eveniet architecto in pariatur soluta sunt. Sit est est id aliquam voluptas aut tempore. Libero explicabo necessitatibus qui et quia quos et sapiente.','1992-09-22 09:05:49'),
('262','982','982','262','262','Vero rerum aut et veniam vero aut. Molestiae velit quia repellendus saepe nam vel. Aut sapiente rem voluptatem libero corporis.','1993-07-03 10:40:15'),
('263','983','983','263','263','Voluptas culpa minus quia id quibusdam veniam culpa. Et in velit illum sit animi tenetur.','1995-04-01 02:38:24'),
('264','986','986','264','264','Voluptas non aut esse est eveniet sed ea. Quas hic perspiciatis earum non. Sequi harum aliquam et sed. Doloremque fugit qui deleniti unde.','1982-04-07 14:09:31'),
('265','987','987','265','265','Iusto nihil velit voluptatum rerum ab. Ut fuga sunt placeat unde. Aut et praesentium aut sit iure.','1979-09-10 11:34:29'),
('266','989','989','266','266','Dicta quia in iste. Voluptatibus impedit et earum unde. Voluptatem ut voluptatum esse autem.','1984-01-07 10:37:14'),
('267','993','993','267','267','Et aut id ut inventore rerum similique. Dolorem nulla vel sed iure commodi laudantium. Hic et dolorem deleniti commodi. Voluptatem aut sint nostrum corrupti veniam quasi suscipit dolores.','1999-08-07 04:05:09'),
('268','994','994','268','268','Officiis et tenetur in reiciendis. Sint molestiae in id modi autem distinctio. Dicta fugit et blanditiis ea adipisci. Voluptate sunt eum impedit iusto quis.','2016-10-03 18:15:42'),
('269','995','995','269','269','Adipisci harum inventore voluptatem quia. Dolorum nihil incidunt qui sed quam sit earum rerum. Eaque fugit porro maiores occaecati excepturi consequatur est.','1993-04-11 02:42:59'),
('270','997','997','270','270','Consequatur modi voluptatem fugit ab unde itaque vero. Facilis esse harum iusto provident ipsum et harum. Nisi voluptas eligendi quidem voluptas rerum.','1976-04-09 09:04:30'),
('271','999','999','271','271','Nostrum molestias error ut impedit temporibus autem. In voluptatem quia ea.','2012-10-07 18:43:28'),
('272','501','501','272','272','Blanditiis dolorem dolorem veniam molestias facere commodi cumque. Voluptatibus odit dolore eum sed magni. Nisi cupiditate suscipit voluptatem minus sequi numquam dolores.','2008-06-12 17:14:34'),
('273','502','502','273','273','Autem nesciunt aut voluptatem voluptatem quod nemo laudantium repudiandae. Quisquam ipsum cum voluptas itaque consequuntur iure nobis. Sit neque ab dolor quo. Harum dolorem omnis consectetur et fugit.','1997-02-11 00:26:27'),
('274','503','503','274','274','Non officia tempora maiores et dignissimos dolor. Qui veniam ut et et dolorem et quis. Et totam sit quibusdam libero perspiciatis inventore temporibus tenetur. Pariatur sunt neque voluptatum nihil voluptatem.','1979-07-15 21:52:03'),
('275','504','504','275','275','Vitae ipsam beatae provident quod est minima nihil. Nemo corporis et ex veniam est. Ullam natus dolorum et officia eaque. Numquam distinctio quia in voluptatem sint aperiam asperiores.','1989-11-13 19:16:12'),
('276','505','505','276','276','Sed dolores pariatur error illum. Nulla excepturi qui voluptatem harum aut laudantium hic enim.','1978-07-11 17:32:29'),
('277','506','506','277','277','Perspiciatis cum cupiditate id placeat. Fugit aut magnam facilis placeat incidunt non consequatur. Dolore corrupti ut quia eius. Magni sed repellat illo dolorum culpa non.','1988-01-11 02:39:17'),
('278','507','507','278','278','Aut natus nemo voluptas atque omnis repudiandae minima. Voluptas enim ut id voluptas repellendus quaerat. Quas error est quo totam. Quidem aut quia quisquam.','2001-08-24 16:59:43'),
('279','508','508','279','279','Modi quis illo placeat quia quas repellendus. Voluptates ipsam vitae laboriosam et. Aspernatur numquam quae cum facilis ducimus. Ullam ducimus magnam officiis ut aspernatur ab omnis odio. Odio consectetur rerum repudiandae vitae quia nesciunt.','1992-06-06 22:03:10'),
('280','509','509','280','280','Est et ea necessitatibus voluptas. Laborum nulla voluptatum voluptates sed ea et nihil. Earum ex aut atque est.','2012-03-01 04:44:01'),
('281','510','510','281','281','Sunt repellendus saepe et sed pariatur iusto inventore et. Voluptas beatae quia corrupti recusandae dolor inventore. Sit dolores quia necessitatibus ut voluptates voluptatem.','1984-11-12 12:20:54'),
('282','512','512','282','282','Aliquid rerum hic culpa voluptate quia et. Quas dolorem nesciunt aliquam voluptatibus at in omnis. Provident excepturi sint voluptate quos iure ut. Qui quos non vero quae.','2012-04-30 00:58:50'),
('283','515','515','283','283','Architecto animi libero vel quo ratione aliquam quod. Deleniti fugit tenetur eveniet modi consequatur fugit perspiciatis. Praesentium nesciunt dolore cumque maxime. Tempore expedita et inventore labore sequi ea animi.','2004-11-20 09:24:51'),
('284','520','520','284','284','Voluptate temporibus id voluptatem ipsam qui. Dolor veniam blanditiis nemo commodi vero esse non. Ipsam incidunt quo sit reiciendis tempore iusto aut.','1986-12-01 13:46:31'),
('285','521','521','285','285','Harum expedita laudantium quos. Et dolores est quia hic sint iusto inventore. Magnam doloribus voluptatem sed.','1980-12-25 10:24:21'),
('286','523','523','286','286','Sed maxime velit et corporis quibusdam ipsam. Aut facere ut voluptatibus sequi eius ea esse. Labore magnam consequatur omnis velit.','1991-07-14 23:53:21'),
('287','525','525','287','287','Vel eum et veniam rerum quae. Eos iusto blanditiis ea ad repellendus corrupti velit. Facilis autem non similique perspiciatis ut.','1997-01-30 15:38:32'),
('288','528','528','288','288','Officiis voluptate consequatur aut praesentium dignissimos neque. Ipsam eveniet est quo porro illo sequi. Adipisci nesciunt ut excepturi.','1970-09-29 21:04:48'),
('289','529','529','289','289','Voluptatem exercitationem quas ut atque similique est. Doloribus voluptatem sunt repellat et perferendis consequatur quo quis. Provident accusamus non quia nam et quis dicta. Aspernatur hic nam voluptas tenetur exercitationem sint. Facilis esse qui fugiat et.','2015-03-29 03:46:25'),
('290','535','535','290','290','Qui at at perferendis ex quidem voluptas. Exercitationem recusandae accusamus eveniet iste aspernatur recusandae omnis totam. Et aperiam dolorem et architecto.','2011-07-24 03:57:49'),
('291','538','538','291','291','Est culpa voluptatem id numquam corrupti voluptatem. Et eveniet alias ipsa architecto. Aliquam ut rerum enim voluptatem. Ad tenetur consectetur dolore esse enim ullam.','1986-09-20 17:42:25'),
('292','539','539','292','292','Aperiam ut est magni tenetur velit culpa. Quo ullam cum quidem itaque aspernatur.','1998-03-02 07:38:52'),
('293','540','540','293','293','Ipsa necessitatibus qui sunt et pariatur tempora unde. Tempora et illum ut sed autem. Rerum illo voluptatum quam in quia rerum. Ex dicta ipsam odio est et quisquam incidunt. Soluta occaecati architecto voluptas qui sit.','1976-12-14 21:06:12'),
('294','542','542','294','294','Dolores expedita perferendis deleniti assumenda mollitia sunt rerum quam. Vel magni voluptates vel ipsum omnis vero placeat impedit. Cum accusamus facilis dolores at sed dolor dolores.','2012-04-30 21:31:04'),
('295','543','543','295','295','Quos sed nihil laborum et corrupti. Repellat cupiditate voluptas accusamus aut unde ut omnis quo. Cumque repellendus ut magnam beatae.','1992-12-24 03:14:37'),
('296','544','544','296','296','Quam aut quasi expedita quidem. Omnis animi laudantium sed.','1972-03-01 22:12:25'),
('297','545','545','297','297','Ipsam aliquid ad et quas possimus eos enim. Tempore veniam suscipit voluptatibus molestias. Tenetur qui sit non quia in praesentium. Distinctio dolor tempora unde veniam.','1976-11-14 11:37:09'),
('298','546','546','298','298','Magnam et accusantium neque neque. Delectus odit ullam fugit qui voluptas. Ut eveniet veritatis dolore magnam nostrum. Harum qui alias sed voluptatem.','2001-09-23 03:08:13'),
('299','547','547','299','299','Est libero voluptatem et velit ducimus non labore. Aliquid quia et quod rem. Quia consequatur ad pariatur dignissimos unde qui itaque. Sapiente qui repellat voluptas aperiam vitae sed.','1976-04-03 18:53:00'),
('300','548','548','300','300','Officiis laudantium est ut blanditiis. Et aut quidem dolores ea. Praesentium voluptas assumenda sapiente magni non. Ullam laboriosam quisquam natus laboriosam sint quos.','2009-09-18 05:20:38'),
('301','549','549','301','301','Non ut tempore excepturi. Atque cupiditate est et esse.','1998-02-18 11:36:47'),
('302','550','550','302','302','Unde voluptas eum delectus rerum et est qui. Fuga consequatur ullam autem animi dolor recusandae illo. Aut est optio aut aliquid sint. Quis officiis dolores quod dignissimos ad.','2011-07-15 20:23:01'),
('303','551','551','303','303','Voluptatem itaque assumenda aliquam voluptas. Ducimus aut quo praesentium qui neque qui excepturi. Fugiat soluta hic quos nostrum voluptatem. Ut dolorem qui error et.','1979-09-15 23:30:23'),
('304','553','553','304','304','Voluptatem saepe et harum ut distinctio tempore voluptate. Voluptas sit aperiam culpa vel. A accusamus non quam officia non cupiditate voluptatum. Consequatur voluptate consequatur eos eius corrupti molestias maxime. Qui et qui dolore dolor.','1979-03-16 06:01:38'),
('305','554','554','305','305','Voluptates sunt odit ratione numquam placeat. Et explicabo et exercitationem quia et soluta quia. Illum et consequatur ut ducimus velit suscipit. Et voluptatibus deserunt ut laboriosam ut sunt reprehenderit.','1979-11-28 19:29:34'),
('306','555','555','306','306','Sed ullam veniam et. Expedita repudiandae quaerat cupiditate aut quaerat consequuntur soluta. Adipisci neque ut ratione reprehenderit.','1977-07-16 05:02:24'),
('307','558','558','307','307','Qui ut possimus nihil in. Est ex quam laudantium et eligendi quod non. Maiores nisi aut aspernatur quam ad mollitia. Error perspiciatis dolores quibusdam dolor saepe autem repellat.','2017-04-14 09:21:27'),
('308','559','559','308','308','Impedit consequatur officia in quod molestias ex. Saepe illo architecto quis est nemo est unde quae. Esse facilis consequatur laborum et. Ad ipsum temporibus dignissimos accusantium qui.','2004-01-31 10:43:42'),
('309','561','561','309','309','Tempora similique odit laboriosam ullam aut dolorem quasi eos. Vel rem in eligendi eum rerum sequi. Beatae eos sapiente quia sunt.','1996-03-06 05:55:22'),
('310','563','563','310','310','Adipisci quia dolorum et id enim. Adipisci magnam fugiat quos quia ut. Quod et eius eum nulla minus harum dolorum.','1984-07-04 16:13:22'),
('311','567','567','311','311','Vero sit quo est sed. Inventore esse ab qui adipisci minima cumque odit. Consequuntur fugiat molestiae rem aut.','1999-09-28 09:40:47'),
('312','571','571','312','312','Ad nostrum est error ea culpa qui. Velit ipsa fugit cupiditate temporibus.','2018-12-04 01:23:57'),
('313','573','573','313','313','Et doloremque illum in. Odit consequatur omnis placeat et blanditiis. Est tempore a ab ducimus distinctio alias maiores. Rerum commodi qui quaerat qui est excepturi.','1989-02-16 21:29:21'),
('314','574','574','314','314','Omnis sed maiores nihil. In ut minima quae rerum. Quos est quia expedita numquam maxime amet perferendis natus. Sed id sed nihil facere soluta.','2006-06-13 18:53:56'),
('315','575','575','315','315','Nostrum quo explicabo hic eligendi possimus beatae. Dolores quia et corrupti architecto qui iste hic qui. Omnis ipsa ex doloremque quae numquam.','1994-04-27 23:33:42'),
('316','579','579','316','316','Omnis accusamus minus vel cum. Tempore eum voluptas quo rerum omnis. Repudiandae enim et minima consequatur incidunt aut. Enim laudantium cum quo et ut magnam ea.','2013-01-31 03:36:05'),
('317','580','580','317','317','Perspiciatis eum quo eaque provident. Illo cumque sapiente fugiat quae. Necessitatibus est et quia vel asperiores. Cumque nesciunt et ad eaque culpa.','2007-05-16 08:38:23'),
('318','581','581','318','318','Aut enim itaque non quis molestiae enim. Non temporibus rerum non impedit numquam neque nihil deleniti. Rerum sed dolor esse.','1996-05-08 15:56:56'),
('319','583','583','319','319','Doloribus quia expedita tempore eligendi. Explicabo quia est debitis quaerat. Voluptatum dignissimos optio eos in velit at cumque. Praesentium illo voluptas eius natus.','1980-03-24 16:25:33'),
('320','585','585','320','320','Provident dolores sequi error suscipit. Voluptas corporis laboriosam voluptatibus quisquam consequuntur. Est voluptatem nihil molestiae praesentium dolor molestiae sit qui. Aut aspernatur at labore adipisci quia.','1974-08-27 07:39:21'),
('321','587','587','321','321','Veritatis temporibus cumque voluptatem nesciunt id esse. Ab incidunt ea eos nihil dolor ut nesciunt. Voluptas minus saepe quibusdam. Est sint nemo hic aspernatur voluptatibus dolor consequuntur.','2016-08-29 22:56:37'),
('322','590','590','322','322','Ipsum atque quis voluptatem nesciunt dolor omnis deleniti. Praesentium sit explicabo quas. Et harum qui consequatur ut explicabo non. Non quidem ut sit ab expedita ipsam.','1993-03-25 17:34:24'),
('323','594','594','323','323','Blanditiis nostrum illo ut deleniti libero debitis id. Perspiciatis voluptatem maxime vel dolores labore. Et asperiores soluta et recusandae. Cupiditate quam molestias est quia sapiente dolores maxime.','1996-07-31 10:13:20'),
('324','601','601','324','324','Amet consequuntur consectetur dolorem explicabo quia fugit. Dicta possimus numquam consectetur temporibus aperiam perferendis maiores. Sed neque a et unde in sed aut et. Amet porro non qui et.','1972-09-16 09:38:54'),
('325','603','603','325','325','Sequi est hic quidem sed recusandae. Rerum maiores optio quo earum repellat error possimus explicabo. Quo iste cumque nihil. Necessitatibus qui ullam autem.','1970-12-01 20:01:14'),
('326','605','605','326','326','Facilis et culpa voluptatem itaque adipisci sit at. Sunt qui laudantium qui quod cumque fugiat pariatur. Aut architecto provident voluptas possimus rem ut. Provident saepe sapiente et iste eum eum nesciunt.','2012-08-03 06:53:30'),
('327','607','607','327','327','Soluta sit est voluptas est animi. Esse excepturi repudiandae et facilis. Aut iure et et sed quod. Dolor et nihil quo dolore quo assumenda. Delectus veniam quaerat dolores possimus.','1986-08-21 21:19:28'),
('328','608','608','328','328','Velit nam sed eos molestiae. Vel et omnis ab odit eos qui nulla mollitia. At quis voluptatem repudiandae ad ut fugit in. Doloribus cum voluptas qui quisquam. Et inventore quidem sed et quam commodi numquam deleniti.','1999-11-02 13:34:36'),
('329','609','609','329','329','Saepe facilis soluta vero sit. Doloremque nemo corporis libero est voluptatum reprehenderit. Cupiditate asperiores qui blanditiis libero et est qui et.','1979-10-27 21:06:14'),
('330','613','613','330','330','Eveniet vel dolores ducimus pariatur vero doloremque autem. Sequi placeat quia est. Non ad magnam quo facilis. Eaque aliquid voluptatem dignissimos maiores aut.','1983-05-01 03:40:34'),
('331','618','618','331','331','Blanditiis occaecati non et maiores. Reiciendis architecto quam quas incidunt.','1993-04-16 09:40:50'),
('332','619','619','332','332','Vero maxime tempora aspernatur autem. Animi beatae quia saepe ut voluptatum magnam expedita facere. Vel labore consequatur quos labore libero cumque sed. Soluta et non ut sint est minus.','1988-06-29 04:33:20'),
('333','620','620','333','333','Et culpa quia dolorum. Nemo culpa optio exercitationem doloremque dolores voluptatibus et. Repellendus officia maiores non porro sint. Vero iure voluptas eius voluptates illum tempora.','1983-10-21 03:30:26'),
('334','621','621','334','334','Deserunt dicta rerum veritatis adipisci unde vitae. Et illo sunt placeat asperiores doloremque explicabo. Iusto aut quod deserunt maxime. Sed quaerat dolores cum ab non similique.','2005-07-27 12:53:21'),
('335','625','625','335','335','Velit voluptas et pariatur nihil. Earum molestiae ipsum perspiciatis dolorem autem. Odio ut nisi sapiente voluptate eius. Ex quaerat quaerat consectetur ut.','1974-01-30 00:55:52'),
('336','628','628','336','336','Nihil nobis cum ad deserunt pariatur et. Voluptas tenetur sint est facilis. Dolor non quaerat qui dolorum in consectetur culpa.','2014-07-10 10:43:13'),
('337','633','633','337','337','Est velit dolores deserunt consectetur aut. A qui ut voluptatem et tenetur repudiandae consequatur. Cumque sint aliquam eum rerum minus repellendus.','2002-10-26 03:16:58'),
('338','634','634','338','338','Nemo earum qui reiciendis voluptatem. Est et et quam consequatur reiciendis. Ut quibusdam id fugit inventore. Quae ipsa delectus animi odio.','1974-02-24 02:34:01'),
('339','637','637','339','339','Nulla illo voluptatum ut quasi qui libero labore. Laborum aut voluptates et dolorem omnis. Suscipit et soluta unde sed voluptas. Molestias corrupti voluptatem eum dignissimos repellendus quisquam.','1980-02-15 20:27:44'),
('340','639','639','340','340','Recusandae necessitatibus incidunt quibusdam facilis aspernatur. Praesentium similique aliquid voluptas repellendus ipsa sit numquam. Voluptatum et et quia perferendis quo et.','1970-11-04 06:33:12'),
('341','641','641','341','341','Excepturi non ut sint perferendis. Est omnis exercitationem neque tenetur vitae repellat rerum. Repellat tenetur sequi quia enim voluptatem. Voluptates quae sed iusto autem. Ipsa in consequatur reiciendis.','1990-12-01 04:05:21'),
('342','643','643','342','342','Aut facilis laborum ipsa illum nulla aut. Qui ea incidunt reiciendis omnis corporis quibusdam.','1980-03-13 22:20:21'),
('343','645','645','343','343','Totam delectus laboriosam aspernatur autem ut fugit non quis. Sed et rerum sed numquam et. Perferendis facere tenetur veniam laboriosam atque explicabo.','1977-12-10 10:05:04'),
('344','646','646','344','344','Architecto sed voluptas ipsum et doloribus. Sit quam totam ducimus aut. Sed enim ipsam deserunt aut.','2012-08-06 01:00:00'),
('345','647','647','345','345','Labore beatae et iste eligendi. Similique saepe asperiores rerum quos porro. Perferendis rerum laudantium perferendis eum temporibus sint id.','2001-01-26 22:21:13'),
('346','650','650','346','346','Id illum iste maxime sequi et tempore a. Modi distinctio nam voluptate aliquid facere quod. Cupiditate sit eos tenetur animi eaque soluta.','1991-10-29 13:06:05'),
('347','651','651','347','347','Consequatur consequatur ut non quaerat vel voluptatem eos. Necessitatibus distinctio modi molestiae consequatur est. Nulla saepe et deleniti magni ad officia optio. Perspiciatis provident cumque velit nulla assumenda.','1985-05-21 00:31:42'),
('348','653','653','348','348','Autem autem aut corrupti suscipit maiores et saepe perferendis. Saepe nemo veniam ipsa molestiae doloremque et fugit aliquid. Eaque ut soluta sit quia iste repudiandae. Eius est reprehenderit cupiditate veniam ab distinctio.','1987-07-09 13:42:13'),
('349','657','657','349','349','Est maiores error qui eum commodi doloremque non. Doloribus veritatis itaque dicta quae. Ullam quos dolores voluptatibus voluptatibus neque sint dolorum a.','1999-01-30 13:35:43'),
('350','658','658','350','350','Esse aliquid perferendis similique fuga ut. Enim aspernatur voluptatem totam. Rerum consequatur non ipsum error. Quibusdam aut qui soluta incidunt fugiat asperiores quia. Fugiat dolorem repellendus ut officia aut aperiam praesentium.','2003-04-06 06:40:32'),
('351','659','659','351','351','Quae non quos expedita et nesciunt aut magni. Sapiente nesciunt et labore cupiditate perferendis sint.','2014-02-01 13:48:04'),
('352','666','666','352','352','Accusantium optio laborum ut laudantium nemo. Temporibus praesentium cumque assumenda fuga adipisci ut. Aut quasi veritatis tempora ut dolorem saepe est. Dolor alias exercitationem vitae et eum sed enim excepturi.','2019-08-27 04:41:38'),
('353','668','668','353','353','Modi id voluptatem minus. Eos laboriosam aut esse alias quis soluta nesciunt. Consectetur alias quis alias et.','1991-04-22 08:32:16'),
('354','669','669','354','354','Eligendi culpa eum nulla totam. Minima aut unde veritatis corrupti enim consequuntur. Itaque ducimus quis odit deserunt et. Nihil error nisi explicabo qui eligendi.','2008-03-13 07:27:08'),
('355','673','673','355','355','Velit repudiandae sapiente eius quis. Inventore aliquam iusto porro sit et amet sunt. Ut omnis voluptatum nesciunt ratione aut qui. Modi est nihil commodi ut ut qui rerum.','1971-09-18 09:16:37'),
('356','677','677','356','356','Fugiat quae est temporibus ut et necessitatibus quibusdam. Aut in aut sequi perspiciatis. Facilis adipisci minus aut nostrum aut. Quo voluptatum sunt rem dolorum et. Pariatur saepe commodi maxime at iusto et.','1992-08-21 13:08:57'),
('357','678','678','357','357','Porro id odio qui officiis quis. Est libero totam qui aut et. Et natus in quis.','2000-05-09 15:58:00'),
('358','679','679','358','358','Quaerat quisquam amet qui. Tempora eveniet sed excepturi et sit quos quasi. Laborum similique dolores tempore id et sint rerum.','1970-09-09 08:32:54'),
('359','688','688','359','359','Dolor quas voluptate aliquam facilis libero quibusdam. Dignissimos numquam vel soluta consequatur rem aut officia.','2012-07-15 16:24:57'),
('360','689','689','360','360','Id molestiae laboriosam et ea id. Omnis corporis et aut. Sed adipisci fugit sit autem similique praesentium cum. Id officiis eum cum earum corporis et.','2016-09-23 08:38:47'),
('361','691','691','361','361','Debitis laudantium corrupti sit atque. Magni laudantium temporibus porro totam ut aspernatur quia. Quas dolore fuga tenetur tempora ab tenetur ipsum.','1970-01-23 13:12:23'),
('362','694','694','362','362','Id occaecati quod consequuntur omnis. Blanditiis pariatur velit sit facere temporibus. Eius illum est inventore itaque consequuntur. Nam aut qui ut placeat soluta.','1984-05-19 21:44:31'),
('363','695','695','363','363','Nostrum est voluptas tenetur sed. Ut quam nihil modi similique dolor perspiciatis.','1972-02-25 07:38:28'),
('364','696','696','364','364','Quibusdam dolor reiciendis cupiditate ut voluptate illum et sit. Vel hic mollitia modi expedita illum sint doloremque. Quis atque ut ipsum voluptas sapiente.','1988-02-07 13:19:37'),
('365','697','697','365','365','Rerum officia fugiat veritatis reprehenderit vitae ad. Asperiores vero itaque eos vel.','2011-02-17 08:14:38'),
('366','698','698','366','366','Doloremque et modi repellendus dolores nemo autem nesciunt voluptates. Commodi repellendus in mollitia qui non eligendi impedit. Iusto commodi ut earum. Et dolore repellendus molestiae culpa ut quisquam.','1993-07-13 07:17:56'),
('367','699','699','367','367','Eum quia ut nostrum praesentium repellat et. Corporis perspiciatis non voluptatibus. Odit alias est explicabo aut. Sit minus voluptatem nulla ea corporis officiis. Voluptatem nesciunt dignissimos odit culpa et omnis ad.','1970-08-17 18:45:36'),
('368','700','700','368','368','Porro non impedit consequatur ea. Labore nihil perferendis temporibus et. Iste harum deserunt amet ut ea est iste.','2005-06-16 15:09:16'),
('369','701','701','369','369','Quia ut velit natus quasi. Doloribus iure animi sit placeat aut. Omnis ut sunt qui sunt quos. Optio id aperiam vero cumque.','1977-11-26 19:31:42'),
('370','703','703','370','370','Ratione sapiente quia debitis eligendi provident praesentium blanditiis. Cum excepturi facilis tempora sed non labore. Rerum enim sint maiores voluptates deserunt asperiores. Ut maiores occaecati excepturi. Quo sed enim vitae a commodi aut.','1987-02-12 20:35:56'),
('371','704','704','371','371','Maxime ipsa totam asperiores libero expedita natus consectetur voluptatum. Eum incidunt quisquam ut quo facilis dolorem. Mollitia est cum aut harum eaque.','2012-09-02 06:52:53'),
('372','706','706','372','372','Sit et sunt cupiditate voluptatum aut in. Ipsa tempora iusto et ut a. Voluptas veniam praesentium suscipit eveniet inventore. Et enim quaerat similique ab et ab explicabo.','2005-08-07 23:06:19'),
('373','707','707','373','373','Dicta dolores beatae aut ex rem. Explicabo animi modi deserunt et. Earum illo alias quidem et.','1973-06-20 00:47:38'),
('374','709','709','374','374','Dicta minus corrupti consequatur sunt in. Quasi nihil aspernatur sit maxime qui cupiditate. Non doloremque aliquam maiores. Voluptas nesciunt cum eum non. Nulla voluptates dolorum adipisci quod excepturi.','1972-02-21 17:24:06'),
('375','711','711','375','375','Ab accusamus ea magnam vero et. In consequuntur repellendus eum non enim vel quos.','2008-11-12 13:42:46'),
('376','713','713','376','376','Omnis quia eligendi quis. Illum sunt fugiat aspernatur soluta sit quis. Doloremque inventore corrupti iure.','1970-07-31 19:36:26'),
('377','715','715','377','377','Eum possimus voluptas officiis id esse ducimus. Nam quae dicta sed facere autem est qui. Nisi dolor maxime recusandae exercitationem et a autem.','1987-01-25 16:33:30'),
('378','717','717','378','378','Corrupti porro beatae error magni et. Ea culpa ut rerum molestias et. Dolorem id molestiae recusandae nemo. Ullam omnis esse iusto dolore laudantium nihil impedit.','2002-02-20 02:36:17'),
('379','718','718','379','379','Et neque quo dicta nisi sunt. Et ex harum excepturi totam molestiae dolorum. Blanditiis et hic facere voluptatem rerum voluptas.','2017-08-25 17:55:27'),
('380','721','721','380','380','Voluptatum ab cum ipsam corporis et est voluptatem. Deserunt quis rerum eaque quia consequatur. Sint at non autem rem ab. Repellat earum aliquid mollitia officiis voluptas. Totam sint voluptate aspernatur ipsum.','1973-04-08 19:01:59'),
('381','723','723','381','381','Cumque dignissimos natus et exercitationem sunt culpa. Aut architecto aspernatur magnam. Nisi recusandae dolore aut.','1985-09-08 01:17:48'),
('382','725','725','382','382','Dignissimos laboriosam sit perferendis voluptatem laboriosam. Cumque id animi sunt et laudantium iusto nostrum. Itaque est ut facilis accusantium non. Et corrupti ea qui dolore possimus delectus rerum.','1991-09-02 19:04:43'),
('383','727','727','383','383','Dolorum sed et adipisci at libero fuga. Amet cumque voluptatem quis et aliquam aut voluptate aspernatur. Optio totam eos illum id possimus dolores nobis. Rerum tempore officiis sit et necessitatibus fuga. Non odit recusandae aut eius odio tenetur.','1972-11-30 19:57:37'),
('384','729','729','384','384','Nisi quae laudantium amet voluptatem dolorem repellat. Dolores perspiciatis et voluptatem eveniet illum nam. Recusandae officiis sed et recusandae deleniti laborum et ratione.','1979-04-17 14:28:10'),
('385','733','733','385','385','Esse in qui voluptas incidunt. Doloremque corporis pariatur delectus autem. Laudantium quam numquam eveniet voluptatem consectetur ut.','1970-04-28 05:15:55'),
('386','737','737','386','386','Cumque voluptas eum nobis rerum. Reiciendis voluptatem rerum repellendus eligendi. Ab nobis aliquam sit rerum maiores voluptatem.','1986-01-15 22:14:36'),
('387','740','740','387','387','Aut aut qui earum quibusdam qui. Error officia saepe consequuntur libero. Ipsum ducimus id asperiores. Harum cupiditate voluptates nihil nam. Quibusdam excepturi beatae voluptas earum debitis totam aut.','2009-08-05 15:40:46'),
('388','741','741','388','388','Quaerat pariatur et rem ut quod. Sequi sunt dolores iste sapiente suscipit eos quidem qui. Consequatur rem dicta assumenda est quisquam quasi eligendi. Dolorum quas unde reprehenderit eos sit est.','2004-01-01 14:16:30'),
('389','742','742','389','389','Cumque sunt qui quibusdam. Maxime temporibus nobis nisi adipisci enim ullam.','1988-04-06 09:35:30'),
('390','744','744','390','390','Tenetur laboriosam enim sunt ut. Consequatur culpa commodi est distinctio nam aliquid. Inventore in dignissimos nobis. Sed non velit ut possimus consequatur voluptatum omnis.','2015-10-03 02:40:12'),
('391','745','745','391','391','Dolorum eos assumenda qui possimus autem voluptatum. Dolores error est debitis sint magnam ullam. Illo saepe est vel sapiente.','1998-07-23 01:36:43'),
('392','747','747','392','392','Animi cum qui occaecati. Natus asperiores omnis qui repellat et. Natus sit aliquam rerum ex aut.','1993-03-02 09:16:52'),
('393','751','751','393','393','Ut animi et cumque necessitatibus sunt dignissimos veritatis reiciendis. Vero quisquam rerum dolorem ratione veniam. Doloremque rerum sed consectetur et.','1988-01-03 04:22:31'),
('394','752','752','394','394','Harum et sint ratione magnam voluptatum voluptatem. Molestias ea mollitia ipsa quisquam rerum non sunt aut. Quia error facilis et.','1994-05-27 02:35:22'),
('395','753','753','395','395','Rerum minima qui minus distinctio. Repellendus ipsa delectus qui. Veniam voluptas exercitationem explicabo laborum eveniet accusantium aut. Culpa vitae natus amet nam. Voluptates necessitatibus omnis tempora eius.','1995-10-01 17:53:32'),
('396','754','754','396','396','Et nihil nulla et accusamus nihil et. Dolor quia consequatur blanditiis quia cupiditate deserunt ad doloremque. Quia qui cupiditate excepturi magni.','2002-04-22 14:11:57'),
('397','756','756','397','397','Blanditiis et dolor non eum est iure optio enim. Nihil nihil aperiam unde tempore. Eos rerum nesciunt porro voluptas illum. Commodi dolor consectetur totam.','1997-02-12 10:03:26'),
('398','757','757','398','398','Nisi inventore culpa unde molestiae consequatur iusto vel. Et sed dicta magnam. Aut sint atque et soluta fuga.','2008-04-01 23:32:28'),
('399','758','758','399','399','Rerum quisquam natus doloremque est. Quam voluptatem libero nulla officia ratione minima qui. Rerum cumque enim quidem doloribus ut autem.','2015-12-16 08:40:51'),
('400','759','759','400','400','Consequuntur enim quia autem accusantium. Fuga vero molestiae ea maxime quibusdam. Debitis deleniti itaque et est et. Est et soluta ut consectetur recusandae eum. Amet consequatur eum cupiditate cupiditate quibusdam tempore voluptate.','1985-11-30 22:38:13'),
('401','760','760','1','401','Explicabo dolorem natus quidem nobis et et nulla. Aut adipisci optio nemo ipsam voluptas. Cum tempore doloremque eos consequatur doloremque nisi. Dolor similique quia nobis sint.','2011-07-22 10:40:38'),
('402','761','761','2','402','Omnis modi ab ex. Sapiente aut quidem quos eum quam. Voluptate voluptas nam eius. Vitae ut dignissimos dolores adipisci voluptatem est.','1977-09-29 14:26:04'),
('403','764','764','3','403','Incidunt veritatis et assumenda corporis quis. Provident libero fuga sit occaecati at vel. Itaque atque quo ducimus dicta non molestiae minus magnam.','2014-08-27 07:24:54'),
('404','765','765','4','404','Sit qui pariatur beatae voluptatibus voluptatem minus nisi molestias. Aut tenetur quo enim quasi perferendis praesentium. Officiis sit aspernatur rerum et quos.','2002-01-28 16:44:33'),
('405','766','766','5','405','Possimus provident recusandae nihil qui earum saepe sequi. Nisi eum vero ut explicabo ut incidunt tenetur. Nemo saepe deleniti numquam eaque ipsum repellendus rerum. Atque deleniti dolorum voluptatem est.','1996-05-15 06:28:06'),
('406','768','768','6','406','In quia enim quam. Cupiditate id voluptatem ut accusantium. Voluptas voluptatem rerum ipsam ut consequatur quia. Aut ut error dolores corrupti veritatis.','2011-03-13 21:31:24'),
('407','770','770','7','407','Beatae dolorem ut voluptatem harum libero amet itaque natus. Quo sit doloribus libero corrupti dolore laboriosam occaecati.','1984-09-11 23:21:50'),
('408','771','771','8','408','Neque qui temporibus porro fuga quidem voluptates rerum quis. Ipsa repellendus voluptatibus molestiae recusandae. Voluptatem impedit dolores ex ipsum et quidem officiis. Sint perspiciatis autem quisquam illo repellat.','1976-10-27 08:18:27'),
('409','772','772','9','409','Nisi et veniam unde non eius. Magnam provident adipisci aliquid dolores quibusdam. Velit ipsa adipisci et quasi.','1982-11-16 23:15:25'),
('410','773','773','10','410','Quos nobis repellat non rerum. Architecto aut aut ut dicta ut. Id alias debitis dicta nulla repellat. Culpa consequatur et recusandae cum accusantium sit et.','1985-03-09 00:51:00'),
('411','774','774','11','411','Sed dignissimos ipsam illum reiciendis veritatis minus alias. Omnis eveniet sed inventore perferendis voluptatem veritatis. Necessitatibus suscipit quia ab.','1988-06-26 14:23:22'),
('412','778','778','12','412','Assumenda temporibus ut optio culpa odio. Exercitationem et et at.','2001-09-21 19:48:38'),
('413','779','779','13','413','Aut quia corporis ut alias aut. Repudiandae voluptatibus voluptate eaque est pariatur voluptate. Sequi tempore ab qui et.','1979-07-20 02:05:41'),
('414','780','780','14','414','Recusandae possimus vero aliquam est recusandae eum sit aut. Quia harum minima pariatur. Et adipisci ab illo ea beatae.','2017-07-04 15:16:09'),
('415','782','782','15','415','Occaecati temporibus qui modi aut. Laboriosam ut assumenda quis non voluptatem aspernatur quis. Ut impedit qui non consequatur esse dolores non voluptatem. Provident veniam modi amet dolor.','1974-09-11 08:18:30'),
('416','783','783','16','416','Perspiciatis voluptatem iure et et dolor tempore facilis aut. Beatae omnis velit esse corporis iusto beatae qui nam. Et fuga fugit tempore recusandae ex vel. Consequuntur repudiandae tenetur accusamus quas.','2020-03-10 13:47:03'),
('417','785','785','17','417','Sit pariatur deserunt quis voluptas ut non et laudantium. Animi eum laborum dolor. Cumque voluptas blanditiis qui et esse.','1995-06-07 00:28:53'),
('418','787','787','18','418','Laboriosam ducimus voluptatibus ratione explicabo quos voluptate cupiditate quaerat. Non eos nisi error consequatur beatae quo molestias rem. Rerum ut quidem eos quia itaque laudantium. Harum ex nihil quam repellat error eligendi veniam.','2018-02-19 20:08:22'),
('419','788','788','19','419','Molestiae dolores temporibus autem omnis et. Veniam sit quia minus iste. Omnis quaerat aut corporis molestiae repudiandae dolores.','2007-01-15 07:30:43'),
('420','791','791','20','420','Nobis libero beatae porro voluptatibus et enim sint. Fugit quod nesciunt dolores necessitatibus qui pariatur dolores. Eligendi tempora temporibus placeat aut maxime.','1970-03-14 03:36:58'),
('421','793','793','21','421','Iste aut sunt aperiam sunt. Voluptas provident ex ad minima minus atque doloribus. Suscipit nesciunt a delectus aut rerum explicabo.','2010-03-12 16:11:56'),
('422','794','794','22','422','Aliquam dolorem vero debitis quasi. Ut sequi nisi deserunt et accusantium velit. Aut quia porro numquam dolorum. In dolorem ut corporis incidunt ut.','1974-01-08 05:36:42'),
('423','795','795','23','423','Consequatur vel dolorem et qui fugiat. Aut est et neque facilis nemo. Ducimus commodi quia qui quam.','1991-11-25 19:07:49'),
('424','796','796','24','424','Ut nemo corporis inventore atque at rerum. Nobis dolore quod qui id nihil officia. Cum recusandae voluptas libero possimus quam et quam.','1999-02-23 16:37:26'),
('425','797','797','25','425','In molestiae iusto adipisci non praesentium omnis omnis vitae. Sit ut enim perferendis illum.','2015-02-16 15:15:50'),
('426','798','798','26','426','At dolor molestias eos dolor praesentium dicta perferendis. Nostrum non corrupti et non aliquid quia. Corporis aut voluptatem quod vero voluptate iusto. Aut quis quae earum.','2011-08-25 17:56:28'),
('427','799','799','27','427','Rerum molestiae molestiae officiis suscipit et voluptas tempore. Vitae voluptatibus molestiae quasi incidunt optio sint. Cumque ut architecto nesciunt provident est repellendus eum.','1991-04-26 10:09:57'),
('428','802','802','28','428','Voluptas odit illum distinctio fuga sapiente nulla. Omnis vel et id corporis est aperiam nemo. Numquam ullam minus et provident adipisci perferendis assumenda quae. Sint est nostrum laboriosam excepturi quis. Non hic reiciendis omnis vero.','1997-01-18 09:11:08'),
('429','803','803','29','429','Id blanditiis sit repellat aut. Assumenda rerum commodi itaque suscipit. Repudiandae ullam error similique nisi quod. Voluptatem aut nam qui sit nihil quo maiores atque. Temporibus atque ut culpa eum illum illo praesentium.','1973-07-15 17:42:24'),
('430','806','806','30','430','Tempora ut eum cupiditate quia. Officia aut doloribus laudantium aperiam omnis ea numquam velit. Qui voluptas id eveniet sint et eum nobis fugiat. Deleniti voluptate consequuntur cum sapiente ducimus numquam.','2008-07-25 08:26:56'),
('431','810','810','31','431','Dignissimos est quo alias autem sunt mollitia sequi. Sunt possimus dolore provident sed fugiat. Ducimus possimus fuga architecto occaecati consectetur facilis omnis. A tempora qui molestiae ut exercitationem nulla quis.','1974-06-22 17:19:49'),
('432','811','811','32','432','Quia sint id est voluptatibus. Aliquam at dolorum qui aut molestiae. Voluptatem nihil nisi quisquam et molestias id facere. Quaerat quos ab laborum possimus.','1995-10-12 01:53:09'),
('433','812','812','33','433','Expedita consequatur ad odio autem recusandae molestiae dolores. Culpa illo blanditiis velit cupiditate velit eaque non. Molestiae expedita ratione ea dicta sequi expedita quas.','1977-03-20 10:54:19'),
('434','813','813','34','434','Culpa quis suscipit atque et at et corporis autem. Qui totam voluptas ut vero ea.','1995-06-11 03:41:31'),
('435','816','816','35','435','Eum accusamus dolorum sapiente fugit mollitia sit ut facere. Explicabo optio nesciunt quasi nihil consequatur. Provident ab ipsam officiis eum et quis quo voluptatum. Excepturi libero optio dolorum dolor expedita neque.','1978-10-26 08:11:36'),
('436','817','817','36','436','Suscipit beatae repudiandae aliquid omnis. Ut voluptate fuga facilis sed dicta accusamus. Omnis qui sapiente quas quo nemo ea est.','1993-04-02 00:22:19'),
('437','818','818','37','437','Incidunt quam reiciendis voluptatibus consequatur. Vero et reiciendis temporibus porro quis error. Est recusandae repellendus sunt incidunt esse asperiores. Quia eum ut est provident.','1982-09-27 00:59:27'),
('438','820','820','38','438','Minima facere autem corrupti quo ratione qui. In animi qui exercitationem perferendis. Tempora mollitia veniam quidem autem culpa.','1972-06-05 03:30:05'),
('439','824','824','39','439','Omnis rerum quas quo autem. Ullam reprehenderit consequuntur debitis ab. Est est voluptatem modi tempore.','2002-07-02 19:00:09'),
('440','826','826','40','440','Excepturi qui qui doloremque aspernatur et perspiciatis molestias impedit. Molestias sed totam porro ut assumenda. Ipsam sint incidunt facilis corrupti perferendis.','1979-09-19 21:10:42'),
('441','827','827','41','441','Dicta sit neque et ab distinctio qui et. Eos dolorum reiciendis soluta asperiores officia laboriosam. Facere omnis qui a expedita.','2019-07-24 11:40:01'),
('442','828','828','42','442','Enim dolorem similique qui corrupti ex esse. Possimus exercitationem quo dolor consectetur eveniet quia reprehenderit. Ullam voluptas blanditiis accusantium alias quisquam vel. Quo perspiciatis incidunt nisi eos ea tempore sunt dolorem.','1982-11-24 04:22:17'),
('443','829','829','43','443','Et quos perferendis autem in accusamus maxime. Quis nihil voluptatem itaque. Quasi aliquid minima et at libero. Tempore non sed molestias iusto aut atque necessitatibus.','2005-09-03 17:40:41'),
('444','830','830','44','444','Eum eveniet qui eos soluta neque vel explicabo. Est quaerat ipsa laboriosam dolores officiis dolorem. Optio iusto atque quis architecto incidunt.','1984-06-29 04:16:42'),
('445','831','831','45','445','Omnis dolor ut error quaerat quo. Veritatis autem molestiae adipisci sunt fuga fuga. Et architecto quaerat architecto quia et. Non laboriosam dolore ex aut.','1998-07-31 07:13:08'),
('446','834','834','46','446','Rerum neque et ut aut. Atque nihil nulla autem. In dolore quae atque asperiores adipisci voluptatem possimus.','1987-03-18 01:00:45'),
('447','835','835','47','447','Atque quia adipisci error reprehenderit libero est. Corrupti vel non et. Pariatur et consequatur culpa et deserunt amet. Dolorem omnis iste unde non ad.','2016-09-13 19:09:33'),
('448','837','837','48','448','Autem at ut et reiciendis voluptatem. Odit quia et dolores et excepturi. Nulla itaque voluptas et aut ad quam.','2005-11-30 13:43:29'),
('449','838','838','49','449','Est veniam quas non corporis consequuntur debitis soluta. Soluta eum aspernatur accusamus non est et. Magni placeat ut sit.','2008-11-27 02:05:33'),
('450','839','839','50','450','Exercitationem commodi nemo eligendi ea vel et et. Dignissimos omnis dolorem et quae rerum. Fugit dolore esse adipisci maxime tempore.','2011-07-19 02:30:00'),
('451','845','845','51','451','Velit similique tempora at eos vero labore. Recusandae architecto impedit veniam eos natus. Excepturi numquam aut iste minus. Consectetur rerum consequatur voluptatem voluptatum.','1995-04-10 02:45:35'),
('452','846','846','52','452','Fugiat corrupti quas vel sed reiciendis soluta non. Rerum molestiae et rerum consequatur ipsum enim et. Aliquid quia architecto placeat reprehenderit nam et.','2009-01-10 04:53:22'),
('453','847','847','53','453','Tenetur sint consequuntur ut architecto rerum. Vel adipisci quaerat deleniti itaque possimus. Repudiandae iure ipsam natus laborum et ducimus.','1997-07-21 05:35:41'),
('454','848','848','54','454','In voluptas autem id in quibusdam. Suscipit ut cupiditate recusandae sapiente et. Omnis sequi architecto fuga.','2012-10-24 07:15:13'),
('455','854','854','55','455','Et nihil ut numquam sequi est ea tempora. Eius cumque asperiores est.','1990-11-20 00:11:48'),
('456','856','856','56','456','Voluptatem ratione pariatur incidunt aperiam neque est sequi. Maiores dolore labore dignissimos placeat. Esse voluptatum qui aliquid rerum saepe autem.','1986-03-22 18:50:10'),
('457','857','857','57','457','Beatae vel rerum sint fuga deleniti. Quibusdam doloribus voluptate similique ut et veniam nesciunt. Ut praesentium suscipit mollitia est voluptatem.','1975-08-19 05:18:59'),
('458','858','858','58','458','Debitis aut repellat sed ut. Dolores ipsa deleniti eveniet et autem. Consequatur maiores possimus aut repellat voluptate quia incidunt.','1993-05-30 20:10:50'),
('459','859','859','59','459','Est dolores accusantium sunt sed. Optio adipisci ut id autem doloribus sint. Molestiae rerum aut quia nobis ad id eos. Unde delectus blanditiis vel ea asperiores corporis. Voluptatibus consequatur non ut itaque.','1984-03-14 06:20:14'),
('460','860','860','60','460','Molestias deleniti molestiae non beatae minus nesciunt ipsum. Corporis eum est voluptatibus aut rerum deserunt. Doloremque animi voluptates ullam quos qui. Nihil laborum dolorem quis eaque dolorum ducimus voluptatem.','1998-08-02 06:59:30'),
('461','861','861','61','461','Dolores nulla mollitia modi magnam reprehenderit fuga molestiae explicabo. Aliquid soluta et temporibus fugiat recusandae. Perspiciatis et et dolorem. Qui fugit eos non et voluptas quia.','1988-05-24 04:54:42'),
('462','862','862','62','462','Dolore excepturi sed hic corporis et voluptatum eius. Quibusdam et alias saepe neque voluptas. Est odit et at. Fuga numquam ea vitae in omnis officia nihil.','1998-06-23 17:32:28'),
('463','863','863','63','463','Dolores velit voluptatum ipsam sed qui molestiae qui. Quasi consectetur mollitia eaque doloremque animi. Optio omnis culpa porro qui fugiat repellendus reprehenderit. Et sint ipsum qui nihil autem.','2003-03-26 10:25:06'),
('464','865','865','64','464','Corporis atque deserunt et accusantium omnis cupiditate. Nesciunt id impedit et dolorem totam id odit. Voluptatem magni facere et doloribus voluptatibus. Dignissimos dolor enim et quia officia.','2005-08-08 00:20:18'),
('465','872','872','65','465','Ut cum dolorem dolore totam quo. Voluptas sunt corporis libero. Quo aut architecto repudiandae libero eum occaecati est error. Cum illo perspiciatis ipsum perspiciatis et et cum. Asperiores magni enim animi et.','1978-08-03 19:21:20'),
('466','873','873','66','466','Saepe voluptas dignissimos ea minus voluptatem facere vero. Accusantium optio id aut dignissimos illum. Earum aperiam qui illo alias voluptas. Pariatur quibusdam et eaque quod quia odit.','1972-09-17 13:40:53'),
('467','874','874','67','467','Eius qui id quod assumenda unde consequatur. Ad non eius iste.','1995-01-10 07:40:16'),
('468','875','875','68','468','Voluptate doloremque ipsam dignissimos cumque voluptatem id. Omnis deserunt earum assumenda repudiandae ipsum inventore est. Optio illum ut officia suscipit. Dolorum nesciunt perspiciatis totam voluptatem possimus.','2012-09-17 10:08:23'),
('469','876','876','69','469','Et est deserunt debitis aut recusandae. Animi provident consequatur nisi odit. Labore fugit quod ullam quas mollitia placeat nisi. Laudantium necessitatibus excepturi nam porro excepturi ex.','2007-10-04 15:16:33'),
('470','877','877','70','470','Corporis eum explicabo numquam libero sunt debitis deleniti. Dolore iste saepe officiis quas eaque ullam. Earum molestiae provident ratione sit.','1997-12-18 17:09:37'),
('471','880','880','71','471','Aut fugit enim dignissimos et dolores. Et vel dolores quam amet assumenda est. Blanditiis facilis error itaque ea rerum. Soluta laudantium inventore necessitatibus error consequatur neque.','1985-03-11 12:55:10'),
('472','881','881','72','472','A quod ipsa excepturi quas et rerum nostrum. Repellat omnis maxime voluptates. Cumque possimus et dolor eum aut ullam. Amet dolorem autem magnam quasi.','1977-12-22 09:02:12'),
('473','882','882','73','473','Perspiciatis pariatur a eaque inventore. Sed qui impedit iure autem. Repellat reprehenderit esse id et perferendis quidem.','1997-05-07 09:24:09'),
('474','883','883','74','474','Sunt quibusdam eos ea dignissimos eos. Et vel nihil magni vel sit. Voluptas iste expedita vel occaecati non. Omnis nobis accusantium saepe cupiditate libero quas et.','1998-05-05 10:26:30'),
('475','884','884','75','475','Quia consequatur quaerat occaecati perferendis natus qui quis. Inventore dolorem animi adipisci.','1979-11-25 18:10:43'),
('476','885','885','76','476','Aut atque reiciendis maxime ut doloremque adipisci a aperiam. Nihil tempore explicabo aut et ut libero. Eum alias sunt cumque molestias repudiandae est.','2019-06-30 04:58:01'),
('477','886','886','77','477','Numquam ut totam alias et voluptatem. Necessitatibus accusantium minus aut rerum nihil facilis. Debitis omnis necessitatibus repellat tempore quidem. Necessitatibus amet minus rerum.','1976-01-04 15:21:55'),
('478','887','887','78','478','Iure aspernatur nam sint. Ab perferendis officiis itaque quia. Et et a natus ea consequatur.','1983-07-21 12:56:57'),
('479','888','888','79','479','Recusandae temporibus beatae vel ut nemo minus aliquid. Quis accusamus voluptas nisi voluptatem qui sed ipsam vitae. Voluptas eos perspiciatis error accusamus vel porro nostrum. Odit aut vitae animi eum vel.','2004-01-15 14:44:47'),
('480','889','889','80','480','Voluptatum placeat aspernatur cupiditate ut similique. Nostrum qui alias quibusdam non impedit illo dolor.','2008-09-13 20:16:03'),
('481','890','890','81','481','Occaecati quidem nesciunt enim ea. Nemo delectus eum omnis at repudiandae aliquid laboriosam quia. Blanditiis consectetur autem iusto non. Ut blanditiis aspernatur rem omnis. Aut culpa officiis dolorem dolores facilis voluptatem.','2003-06-28 19:26:36'),
('482','891','891','82','482','Aut voluptatem est atque eum et non quia. Aut asperiores deserunt aut eligendi vero voluptas. Et provident sint omnis.','2016-02-22 20:37:17'),
('483','892','892','83','483','Aut provident repudiandae dolores suscipit. Ipsum sunt omnis ipsam. Possimus est officia sapiente nam quasi ut. Et sit quasi ipsa incidunt aut.','1983-01-17 03:39:45'),
('484','895','895','84','484','Qui nihil perspiciatis qui quas eius illum non. Quidem deserunt possimus autem vel quia molestias quod hic. Vel voluptatem odio error accusamus mollitia debitis tenetur. Et soluta eveniet ipsum autem aut. Voluptas unde eveniet eum et eos voluptatem.','1971-09-22 20:50:25'),
('485','902','902','85','485','Aspernatur libero ea ipsam qui quas. Odit et laudantium vero nobis tenetur molestias. Dolorum neque debitis esse.','1999-01-28 21:05:38'),
('486','907','907','86','486','Odio mollitia earum rem distinctio. Quo ut deleniti doloremque esse rem laborum. Aliquam quas quod est.','1981-02-24 08:29:35'),
('487','908','908','87','487','Alias neque enim sed iusto inventore. Sit quaerat magni animi ex et. Vero debitis odio sit voluptas.','1999-10-02 02:06:29'),
('488','911','911','88','488','Repellat rerum ullam explicabo voluptatem. Excepturi ut soluta dolore inventore. Repudiandae voluptas non praesentium quidem.','1976-06-22 21:12:58'),
('489','914','914','89','489','Voluptas in quia nulla quaerat qui odio libero. Earum deserunt fugit voluptatum iste nihil suscipit laborum. Et culpa ab cupiditate nesciunt suscipit ut. Tempore et corporis ut et.','1979-01-30 01:34:16'),
('490','917','917','90','490','Molestiae quod incidunt non voluptate velit. Et soluta est recusandae qui harum ullam ducimus. Provident officiis praesentium est magni voluptatem aut.','1981-12-05 16:10:17'),
('491','918','918','91','491','Totam maiores sunt et earum et rerum. Temporibus molestiae id error possimus. Alias asperiores maxime eligendi. Quia aut provident ipsam dolor voluptatum.','1992-05-07 05:07:25'),
('492','919','919','92','492','Eveniet aliquam et ad architecto. Qui est quia sed pariatur. Ea consectetur beatae sint et blanditiis et consequuntur dicta. Provident et soluta omnis dolorem velit autem.','1976-11-08 05:45:07'),
('493','921','921','93','493','Voluptatem molestias atque recusandae autem. Voluptates maiores quibusdam tempora debitis rerum omnis. Quos et consequatur distinctio iure voluptates pariatur et. Veritatis exercitationem rem iusto similique voluptas praesentium beatae laudantium.','1994-03-06 03:26:30'),
('494','923','923','94','494','Blanditiis impedit enim aperiam facere labore deserunt autem amet. Aut quo dolorem deserunt sit voluptas ab veniam illo.','1971-11-08 06:21:01'),
('495','924','924','95','495','Eos voluptate eveniet aliquid velit ut. Id ipsa vel aut accusamus. Eum et dolore numquam cumque culpa explicabo.','1981-06-30 10:31:55'),
('496','925','925','96','496','Et rerum ut velit. Vel eveniet illum iure enim suscipit. Atque incidunt mollitia tempora placeat.','2003-07-13 21:58:27'),
('497','927','927','97','497','Qui voluptas sequi autem sed ut. Ad commodi modi tempora voluptatem quas quo dolorem. Itaque debitis qui sit minima ducimus quidem. Debitis corrupti et sapiente dolore temporibus et quia.','2018-09-19 22:05:04'),
('498','928','928','98','498','Odio illum impedit amet quis. Fugit totam minima mollitia quod quos repudiandae in. Officiis iure provident ab. Perspiciatis dolore neque accusantium officia dolorum esse dolor numquam.','1989-03-31 04:53:32'),
('499','930','930','99','499','Eos voluptates sit quidem aut ut pariatur. Aut ut sit ipsa voluptatibus maxime sequi. Esse ut molestiae odio aut cum delectus. Non perspiciatis qui ea. Ratione facere voluptas blanditiis modi sint saepe iste qui.','1991-11-25 10:18:17'),
('500','934','934','100','500','Voluptate voluptatem quibusdam ipsum quia saepe odio dolor saepe. Cumque ipsam consequuntur amet.','1991-04-16 22:07:39'),
('501','936','936','101','501','Labore beatae omnis omnis rerum nihil. Molestiae aperiam quam eum praesentium culpa aspernatur. Dolorem nemo nostrum vel maxime similique eius sunt accusamus. Nam aut molestiae dolorum ducimus quo earum eos.','1991-12-19 03:33:24'),
('502','937','937','102','502','Ut commodi sint tempora accusantium tempora est sit. Repellat cum mollitia nostrum quisquam est neque maxime. Debitis exercitationem est porro nisi ipsum at voluptas saepe.','1987-11-24 21:27:46'),
('503','938','938','103','503','Cumque sint consequuntur repellat quod sit sit. Quia rem delectus quisquam eum minus quo saepe. Omnis soluta voluptatibus aut aut molestiae sequi.','2001-02-23 17:20:05'),
('504','942','942','104','504','Ab libero consectetur praesentium error ad tempora minima. Accusantium ut sunt debitis sequi. Aut consequuntur minus reprehenderit rem sit necessitatibus accusantium. Inventore nostrum qui placeat nihil perferendis et ea.','1971-09-29 10:00:55'),
('505','943','943','105','505','Ut delectus ea vero saepe totam. Quia ducimus et ut numquam consequuntur ex. Saepe in quisquam ut adipisci.','1984-12-29 21:34:41'),
('506','944','944','106','506','Fugiat est sint asperiores aut consequatur. Dolores rerum sapiente soluta suscipit. Eveniet vitae asperiores aliquam ex quia deleniti consequatur quia.','2001-06-03 07:53:09'),
('507','945','945','107','507','Et distinctio ut quo eligendi tempore quo omnis. Impedit veritatis voluptatibus asperiores. Sed laboriosam vel magni et atque. Quis porro nihil eos voluptas eum quisquam voluptatem. Sed asperiores maiores at repellendus.','1992-09-30 05:00:14'),
('508','948','948','108','508','Laboriosam vel sed sed facilis a. Ullam eum qui doloremque tenetur. Fugiat occaecati libero culpa assumenda officia modi.','1999-01-04 05:26:22'),
('509','950','950','109','509','Nostrum et placeat et pariatur quis sed molestiae. Qui nihil recusandae deleniti ducimus. Est et consequatur nesciunt et ut. Maxime ab dolor qui.','1972-10-04 17:52:24'),
('510','951','951','110','510','Rerum eligendi accusantium voluptatum nostrum magni rerum voluptatem repellendus. Aut veniam eos rem rem aliquid. Quam consequatur quia nobis qui sapiente perspiciatis qui. Illo veritatis consectetur laudantium exercitationem est quis. Voluptas minus voluptas blanditiis minima dolores.','1977-11-21 03:49:04'),
('511','952','952','111','511','Esse et aut nesciunt doloremque totam ipsam debitis illo. Harum laudantium quod vel quos labore asperiores.','1973-02-09 15:42:52'),
('512','953','953','112','512','Et cumque laborum perspiciatis animi sit dolores. Earum quis blanditiis perspiciatis vel iusto. Qui doloribus necessitatibus facere.','2007-12-27 06:34:56'),
('513','954','954','113','513','Quasi quia repellat blanditiis voluptates in animi. Ut aut deserunt incidunt atque perspiciatis repellat. Excepturi blanditiis sit voluptas officiis maxime est dolores.','1986-06-21 06:36:26'),
('514','955','955','114','514','Consequuntur dolores officia itaque quis repellendus et a. Ex dicta amet id est. Soluta voluptatem et omnis perferendis.','1977-02-21 18:44:09'),
('515','956','956','115','515','Dicta eaque quis dolorem sit voluptates tempora tempora. Perferendis est eveniet quis et. Inventore repudiandae provident tempora rem sit quia voluptatem.','1981-10-27 10:20:17'),
('516','959','959','116','516','Perferendis ut quidem a voluptatem animi officiis laudantium. Sequi eos ea suscipit doloremque quasi expedita ad.','1984-03-16 16:18:47'),
('517','960','960','117','517','Eos qui tenetur quaerat maxime quis incidunt quaerat architecto. Ut sunt quod sit soluta necessitatibus minus inventore. Id quis rem error doloremque id repudiandae ullam amet. Qui autem eligendi itaque qui eaque quam consequatur ut.','1987-05-28 13:33:05'),
('518','961','961','118','518','Voluptatum a sapiente omnis. Voluptas aliquam aut suscipit soluta. Ut quos excepturi ut.','2009-11-27 00:19:55'),
('519','962','962','119','519','Voluptates enim dolores praesentium vitae quis nisi rerum. Accusamus qui a repellendus non ut rerum. Quo dignissimos quam rerum consequatur neque eum suscipit qui.','2010-07-17 15:42:18'),
('520','963','963','120','520','Eaque enim ducimus aliquam rem corrupti repellat officiis. Ad ut eum omnis saepe. Sit odit totam beatae culpa aut vitae. Dolorem et facilis omnis debitis et sit fuga. Ipsam voluptatem itaque eligendi asperiores mollitia nihil.','2011-02-14 13:35:58'),
('521','965','965','121','521','Rerum nulla laudantium dolor ut. Laboriosam similique aut qui commodi a laboriosam.','1980-06-10 19:19:33'),
('522','966','966','122','522','Dolorem ab quia non labore. Omnis sint ipsa in assumenda. Adipisci similique reprehenderit recusandae quam numquam numquam qui dolorem. In et et repudiandae adipisci voluptas. Qui aliquid vero ut ut iste autem.','2016-06-03 08:30:13'),
('523','967','967','123','523','Minus mollitia sint sunt numquam. Quo ut explicabo similique distinctio placeat in. Rerum natus accusantium ut similique aut beatae suscipit. Minus blanditiis voluptas iusto qui quia corporis.','1997-08-23 00:57:45'),
('524','969','969','124','524','Numquam doloribus quo rem. Libero praesentium nisi consequatur laudantium culpa nihil quasi. Aut natus at ad nihil nesciunt.','1995-01-24 07:03:10'),
('525','970','970','125','525','Quia earum consequatur similique beatae. Pariatur nesciunt nemo perspiciatis est. Fuga provident dolores iusto error eligendi. Maiores molestiae perferendis aut fugiat praesentium. Illum expedita quia corrupti et laborum iste.','2012-05-27 21:31:25'),
('526','971','971','126','526','Nostrum quo occaecati nostrum numquam rem sint dolorem. Vel dicta iusto aut itaque. Itaque quaerat et sunt voluptas dolor expedita. Tempora ipsam quidem dolorem quisquam omnis.','1987-05-08 00:24:16'),
('527','973','973','127','527','Perferendis reprehenderit quisquam quae esse. Id quas ea dolor optio aut provident. Et quod hic omnis quis.','1971-11-29 02:51:54'),
('528','974','974','128','528','Fugiat similique rem voluptatem non occaecati autem similique. Error consectetur nostrum aperiam aspernatur vel. Expedita excepturi est commodi maiores iure. Possimus atque autem aliquid officia repellendus rem illo ipsam. Veniam perspiciatis id debitis temporibus dolorem.','2016-11-01 23:16:21'),
('529','975','975','129','529','Et vero cupiditate eum adipisci incidunt at iure. Ut expedita aut quos. Nihil ab aut enim cumque modi blanditiis. Enim inventore quisquam velit asperiores voluptas possimus.','1993-05-06 05:42:40'),
('530','976','976','130','530','Vero porro ipsum maxime perspiciatis enim pariatur suscipit. Sed dolores eius sunt nihil repellat. Minima eum blanditiis provident amet alias atque rerum. Explicabo est unde aliquid libero cum.','1982-10-05 07:13:27'),
('531','980','980','131','531','Doloribus sapiente ea cupiditate quia aut magnam velit. Et exercitationem qui non dolores animi fuga neque.','2003-11-23 14:58:41'),
('532','981','981','132','532','Unde architecto nihil illum maiores. Sunt velit sapiente dolorum. Enim maiores ipsam ipsa quisquam aut iusto dolorem.','1973-08-10 06:45:52'),
('533','982','982','133','533','Exercitationem error velit voluptatem optio. Autem tempora laudantium eos odit et. Voluptatum rem vel eos fugit sequi animi.','1981-01-06 17:51:57'),
('534','983','983','134','534','Eveniet ad tempora praesentium ipsum blanditiis aut. Odit eligendi vitae neque eligendi hic aperiam ut. Architecto eligendi est voluptates culpa voluptatem.','1978-01-10 19:59:15'),
('535','986','986','135','535','Natus eveniet iste eius voluptas non facilis. Quod totam explicabo et accusantium ut. Omnis vitae corrupti distinctio magnam occaecati consectetur aspernatur. Cupiditate quisquam eum libero itaque illum qui.','2005-07-18 05:10:03'),
('536','987','987','136','536','Non optio est adipisci sed iste molestiae. Et omnis consequuntur ipsam ullam eos a expedita est. Dicta aut neque non soluta ad consequatur. Eos non nihil voluptas quaerat consectetur error. Quia eveniet quia a laudantium fugiat sequi rerum.','1994-04-12 02:22:52'),
('537','989','989','137','537','Minus suscipit ea explicabo ea assumenda. Tempore maiores dolorem non maxime perspiciatis sit dolores. Mollitia odio dolorem aperiam laborum. Sed quia vel ex eveniet placeat.','2019-12-12 11:51:56'),
('538','993','993','138','538','Consequatur quisquam est dolor eum alias nisi molestiae voluptatem. Non iste adipisci nihil. Officia sit ut magnam natus.','1979-07-19 15:40:08'),
('539','994','994','139','539','Est ea eos tempora delectus. Cum quo quam ut. Voluptas non fuga et quis nisi et ut.','1987-10-22 04:16:00'),
('540','995','995','140','540','Saepe est asperiores rerum nam asperiores debitis. Et magni eum consequatur. Unde facere exercitationem dolor. Necessitatibus aperiam saepe aspernatur fugiat dolores.','1972-11-25 10:59:45'),
('541','997','997','141','541','Officiis quae perspiciatis odit alias libero illum rerum. Tenetur et fuga in tempora commodi. Ut eius porro aliquid natus corporis. Expedita ad ullam rerum ab sint voluptatem.','1986-11-02 06:09:23'),
('542','999','999','142','542','Quos distinctio autem dolorem quis error. Iste nihil laudantium consequuntur id unde et. Ipsa quia officia deserunt dolor.','2016-03-12 03:36:29'),
('543','501','501','143','543','Voluptas voluptatem dicta qui quaerat sequi. Velit aliquam officia et corporis itaque quia dolorem. Quos itaque et dignissimos at labore id quis. Provident dolores et numquam perferendis. Blanditiis et voluptatem vel nihil unde ab doloribus.','2003-10-12 11:59:08'),
('544','502','502','144','544','Non est et excepturi consequuntur quis. Unde repudiandae inventore corporis dolores.','2003-06-21 07:04:17'),
('545','503','503','145','545','Hic ut cum id voluptatibus cum sint. Asperiores quia voluptatem quas sit voluptas quo ipsam. Consequatur voluptatem sed et ullam.','1971-06-12 20:52:16'),
('546','504','504','146','546','Tempore molestiae dicta maiores culpa. Dolores et et totam sint. Qui ullam doloribus quasi deserunt nulla dicta.','1975-11-29 17:40:47'),
('547','505','505','147','547','Voluptas inventore provident impedit repellendus et earum. Praesentium delectus aut minima eveniet dolore. Qui et accusamus eos et.','1978-10-06 01:21:47'),
('548','506','506','148','548','Dolores similique laborum ut quod. Alias et similique aperiam nulla sapiente culpa beatae. Qui consequatur deserunt unde vel asperiores. Qui rerum dicta eveniet.','1984-03-15 20:03:16'),
('549','507','507','149','549','Dolor non explicabo sed. Exercitationem perferendis et quia et autem suscipit. Ut animi quia et maiores occaecati amet in.','2010-01-21 19:36:23'),
('550','508','508','150','550','Est occaecati maiores a expedita. Dolorum ex non sed alias laboriosam non impedit. Rerum delectus fugiat omnis et iste non.','1985-09-16 15:59:22'),
('551','509','509','151','551','Suscipit magni et voluptatem laborum ipsum exercitationem. Non voluptas sunt autem cupiditate voluptatem. Hic ab nulla sunt omnis dolorum voluptas nemo. Esse sed quam deleniti. Nihil quia excepturi veniam ea.','1970-07-07 16:26:10'),
('552','510','510','152','552','Culpa et architecto omnis nemo in dignissimos harum aut. Et est rerum non et. Tempora neque ut molestiae reprehenderit cum soluta eaque. Assumenda earum eius voluptatem occaecati voluptas earum.','1988-08-28 05:10:54'),
('553','512','512','153','553','Repudiandae voluptas placeat ratione aperiam. Ut perspiciatis voluptatem dicta magni repellendus.','1994-12-25 05:23:25'),
('554','515','515','154','554','Et quod esse veritatis aspernatur similique. Nulla aut molestias magni sit velit molestiae quia nulla. Corporis vitae inventore est non sit doloribus ratione.','1975-10-06 13:17:51'),
('555','520','520','155','555','Unde et accusantium aut tempora porro voluptates. Fuga ut at omnis deserunt nostrum consectetur consequatur aut. Ut autem distinctio ullam officiis impedit ratione eum. Mollitia et aut totam et et.','2016-12-10 06:44:32'),
('556','521','521','156','556','Possimus voluptas quam quia molestiae et. Voluptas quo fuga sunt harum vitae voluptatem. Non et non adipisci. Asperiores iste ad omnis qui dolor.','2003-09-08 14:32:12'),
('557','523','523','157','557','Minima inventore repellat aliquid sunt. Temporibus voluptas suscipit dicta nam facere ducimus et. Dolorem quo fugit quia. Quidem sit vero vitae reprehenderit vero in repellendus.','1974-09-30 20:08:15'),
('558','525','525','158','558','Placeat qui voluptas id sequi voluptatem. Maiores nam qui repudiandae dolor officiis similique numquam et. Et dolor sunt voluptatem perferendis.','2008-01-22 02:52:32'),
('559','528','528','159','559','Possimus et incidunt libero ducimus fuga quos aut dolor. Est sint earum et delectus quibusdam aut ducimus eveniet. Perspiciatis ab et dolores recusandae ducimus sunt laboriosam.','2016-05-28 23:23:13'),
('560','529','529','160','560','Omnis voluptatem quia cumque nisi. Explicabo sunt molestiae provident hic omnis et porro sunt. Repudiandae et sed exercitationem dignissimos adipisci. Vel facilis sunt quidem dolor doloremque repellendus fuga.','2000-08-07 07:10:57'),
('561','535','535','161','561','Ipsam quo sapiente vero est quia molestiae. Quos non est est ab. Quo animi itaque repellat sed.','1975-12-11 14:06:36'),
('562','538','538','162','562','Distinctio amet sint aut ullam. Id hic numquam culpa eos impedit quia. Tempore et qui illum perspiciatis molestiae debitis. Harum omnis mollitia eaque aut.','1991-03-15 08:11:28'),
('563','539','539','163','563','Neque non illum blanditiis. Magnam quisquam ut non ut beatae rerum eligendi molestias. At vel beatae laborum minima aut. Quas rem iste eveniet dolores unde.','1977-10-01 10:31:01'),
('564','540','540','164','564','Quo saepe et est ipsum a excepturi a sed. Aperiam voluptatem non et pariatur aut. At corrupti et accusantium est.','2007-02-12 10:16:19'),
('565','542','542','165','565','Laudantium eum quibusdam optio sint sed laudantium aut enim. Non quia aut enim reiciendis. Totam ipsum est numquam enim quod dolorem sit. Dolorem ullam esse est quae nihil.','1985-10-22 18:31:16'),
('566','543','543','166','566','Sit nihil voluptates nostrum placeat repellendus rerum necessitatibus quisquam. Molestiae incidunt ea repudiandae blanditiis veritatis ut commodi. Sed voluptates sequi atque et eos dignissimos consequatur. Vitae aliquid omnis sequi tempore id.','1971-02-14 01:04:49'),
('567','544','544','167','567','Rerum soluta voluptatibus et cum consequatur assumenda temporibus distinctio. Reprehenderit sunt et officiis a est qui possimus. Inventore sit molestias consequatur. Laborum nemo inventore libero quod dolor.','1971-06-15 19:01:11'),
('568','545','545','168','568','Veritatis voluptatem aut maiores saepe sint dolore neque. Qui qui natus quas qui velit quos architecto.','2016-09-18 19:59:58'),
('569','546','546','169','569','Non quas omnis qui aliquam fugit. Non magnam rem vel ut. Vel illum quis laboriosam blanditiis. Et esse est molestias rem esse voluptas voluptatem. Nihil repellat ea quia esse aut.','1987-12-20 05:15:02'),
('570','547','547','170','570','Voluptas autem rem nam odio enim excepturi. Dolores sint minus nobis. Quo dolores nam aut omnis ea. Dolores possimus est nobis et dolor dignissimos iste.','2004-08-01 19:40:15'),
('571','548','548','171','571','Suscipit possimus exercitationem molestiae qui voluptas dolor. Reprehenderit ad est blanditiis et officia et. Nobis sed numquam odit suscipit laborum et fuga fuga.','2000-12-29 15:14:22'),
('572','549','549','172','572','Voluptatem nihil qui ipsam sunt eos. Eum dicta cupiditate est libero nulla et. Dicta qui omnis amet nam omnis qui corrupti. Qui ex tenetur ab dolor veritatis est vitae quas.','1996-03-02 08:58:16'),
('573','550','550','173','573','Fugiat qui corrupti et numquam molestiae et. Ut dolore debitis architecto natus facilis. Voluptates est ut saepe et quae sed. Alias suscipit consequuntur nam.','1979-02-08 23:05:16'),
('574','551','551','174','574','Repellendus molestias suscipit inventore doloremque qui numquam voluptatibus. Fugiat repellendus vel voluptate enim temporibus nemo debitis voluptatem. Doloribus harum magni rerum ut nam.','1983-09-26 20:11:09'),
('575','553','553','175','575','Soluta aut qui dolores vel non ullam culpa. Sed corrupti illo voluptatem accusantium soluta quo rerum tempora. Et aut enim praesentium. Tenetur adipisci eligendi aut necessitatibus ad. Sit in necessitatibus temporibus dolor quisquam.','1970-07-28 23:57:55'),
('576','554','554','176','576','Deserunt amet enim ipsa sit velit et illum quos. Ipsa voluptatem magnam vero quam. Sint et eveniet est tempore et minus et et.','1978-08-28 18:19:32'),
('577','555','555','177','577','Et sed accusantium voluptates et ullam dolor adipisci est. Praesentium occaecati at similique. Perferendis architecto sed velit quibusdam cupiditate. Aliquid vitae commodi cupiditate omnis ut perferendis.','2003-03-25 17:23:15'),
('578','558','558','178','578','Quidem ea quas sed quas modi consectetur. Esse non reiciendis amet inventore quo. Quis libero corporis et.','2016-01-17 11:53:12'),
('579','559','559','179','579','Labore perferendis exercitationem nam minus quidem. Sed molestiae vitae nobis reprehenderit. Et sequi quas libero itaque aut. Eos magnam iusto assumenda reiciendis quibusdam tempore. Ullam architecto quo qui omnis.','2011-05-22 20:48:55'),
('580','561','561','180','580','Quidem commodi voluptatum error molestiae autem. Mollitia tempore dolore est doloremque doloribus. Repellendus praesentium aut sit. Ducimus quo tempore labore consequatur sit.','2010-07-22 07:27:14'),
('581','563','563','181','581','Est vitae voluptate autem nemo temporibus. Enim quis non eum est. Quo est commodi et incidunt est nobis. Facere praesentium doloremque nihil.','1989-10-31 14:48:47'),
('582','567','567','182','582','Dicta recusandae similique non cumque voluptates voluptatum placeat. Commodi odit eos quidem numquam illum.','1990-03-10 08:10:37'),
('583','571','571','183','583','Amet consectetur ex dolorem commodi molestiae id sed. Laborum doloribus et aut incidunt. Iste est aspernatur aliquam vitae sapiente et. Quae eos reprehenderit esse omnis laudantium asperiores eligendi nam. Sunt repellat recusandae esse sit saepe accusantium.','2006-02-18 11:14:30'),
('584','573','573','184','584','Minima deserunt fugiat quae amet eum. Non mollitia ex totam voluptatem animi inventore. Magnam aut aspernatur magni magni.','1985-11-10 01:39:53'),
('585','574','574','185','585','Quis rem in consequuntur exercitationem occaecati pariatur. Est ut dolore recusandae quisquam earum vero illo. Possimus laboriosam et vel aut.','2015-05-20 17:46:04'),
('586','575','575','186','586','Earum voluptates praesentium ipsa. Earum animi nihil voluptates minima. Itaque est consequatur illum ullam est.','2006-04-11 13:05:14'),
('587','579','579','187','587','Quia distinctio illum id rerum non sapiente perferendis. Quibusdam fugiat expedita nemo corrupti. Temporibus sed corrupti assumenda temporibus sunt accusamus et.','1973-12-05 06:11:57'),
('588','580','580','188','588','Recusandae et explicabo error quo doloremque rerum ipsam. Provident suscipit quo aut ab eveniet. Error expedita sequi minima officia voluptatem. Omnis non qui quos nobis et beatae aut doloremque.','1995-03-08 19:22:48'),
('589','581','581','189','589','Et molestiae unde vel iure et. Repellendus et sapiente aspernatur nulla.','2000-04-29 21:23:50'),
('590','583','583','190','590','Nemo voluptate itaque vero ipsum voluptates sint laboriosam. Suscipit est similique odio dolores hic consequatur aspernatur. Eos et asperiores nisi rem. Eaque asperiores a modi cupiditate ut molestiae ut. Occaecati voluptatem repellendus laudantium temporibus.','1973-04-11 15:34:48'),
('591','585','585','191','591','Ab pariatur voluptates est temporibus. Molestiae quia repellat et et est facere magni. Et ducimus corrupti consectetur id.','1993-10-21 07:52:43'),
('592','587','587','192','592','Voluptatem molestiae excepturi asperiores saepe et. Est labore et laborum dignissimos omnis voluptatem recusandae dolor. Qui eveniet sunt pariatur quis incidunt. Quidem eos neque ipsam eligendi.','1988-07-15 00:43:20'),
('593','590','590','193','593','Voluptatem minus cumque cum et. Nostrum delectus placeat ea modi est. Odit voluptatem aut et accusamus aspernatur iure rerum. Sit atque est adipisci quia cum. Qui porro suscipit exercitationem dolorem.','1979-02-12 08:39:55'),
('594','594','594','194','594','Vero dolores mollitia non quae earum sequi. Beatae voluptatibus vel nobis consequatur distinctio illo. Qui autem voluptas sint deserunt. Accusantium eum praesentium eligendi sit rem. Consequatur dignissimos nam a ipsum.','2008-10-29 10:05:48'),
('595','601','601','195','595','Sit dolor vitae vel quis aut aut accusamus. Voluptatum possimus minima ut eius et nobis quae. Quia voluptas illum voluptatem consequatur dolore deleniti.','1972-05-11 12:43:10'),
('596','603','603','196','596','Rerum quas porro nulla quibusdam eligendi. Sunt aut quae nam ab. Voluptas excepturi enim ut eos voluptas animi consequatur minima.','1997-07-07 14:03:23'),
('597','605','605','197','597','Et nulla repellat rerum qui perspiciatis et laboriosam voluptas. Quaerat animi mollitia et ratione. Porro est omnis quis necessitatibus vel. In unde ipsum atque consequuntur.','1974-11-18 01:17:57'),
('598','607','607','198','598','Unde itaque rerum temporibus omnis minima voluptas dolor. Sunt est omnis quisquam deserunt porro neque. Quia aspernatur nostrum ab perferendis.','2009-08-24 20:37:32'),
('599','608','608','199','599','Quo quibusdam placeat velit sequi laudantium quo excepturi. Provident quaerat voluptatibus ducimus aspernatur optio in molestiae. Itaque qui deleniti magnam hic velit aspernatur et.','1989-01-20 15:14:30'),
('600','609','609','200','600','Neque velit ut aut culpa. Modi expedita sunt necessitatibus iusto omnis est impedit.','1970-07-03 11:32:27'); 


DROP TABLE IF EXISTS `communities`;
CREATE TABLE `communities` (
  `id` bigint(20) unsigned NOT NULL AUTO_INCREMENT,
  `name` varchar(150) COLLATE utf8_unicode_ci DEFAULT NULL,
  `admin_users_id` bigint(20) unsigned NOT NULL,
  PRIMARY KEY (`id`),
  KEY `communities_name_idx` (`name`)
) ENGINE=InnoDB AUTO_INCREMENT=101 DEFAULT CHARSET=utf8 COLLATE=utf8_unicode_ci;

INSERT INTO `communities` VALUES ('1','non','501'),
('2','necessitatibus','502'),
('3','eum','503'),
('4','et','504'),
('5','quis','505'),
('6','nulla','506'),
('7','nihil','507'),
('8','odio','508'),
('9','voluptatum','509'),
('10','ad','510'),
('11','voluptatem','512'),
('12','est','515'),
('13','sed','520'),
('14','dolores','521'),
('15','et','523'),
('16','possimus','525'),
('17','vel','528'),
('18','non','529'),
('19','quasi','535'),
('20','laboriosam','538'),
('21','iure','539'),
('22','blanditiis','540'),
('23','beatae','542'),
('24','eos','543'),
('25','aspernatur','544'),
('26','vel','545'),
('27','maxime','546'),
('28','tempora','547'),
('29','voluptatibus','548'),
('30','animi','549'),
('31','voluptatem','550'),
('32','aut','551'),
('33','sequi','553'),
('34','et','554'),
('35','vitae','555'),
('36','sed','558'),
('37','exercitationem','559'),
('38','aperiam','561'),
('39','et','563'),
('40','magnam','567'),
('41','fuga','571'),
('42','voluptatem','573'),
('43','quaerat','574'),
('44','id','575'),
('45','ut','579'),
('46','aliquid','580'),
('47','aut','581'),
('48','enim','583'),
('49','cumque','585'),
('50','rerum','587'),
('51','ut','590'),
('52','ut','594'),
('53','cum','601'),
('54','ut','603'),
('55','voluptas','605'),
('56','cupiditate','607'),
('57','laudantium','608'),
('58','molestiae','609'),
('59','a','613'),
('60','quia','618'),
('61','pariatur','619'),
('62','earum','620'),
('63','illum','621'),
('64','officiis','625'),
('65','et','628'),
('66','porro','633'),
('67','quis','634'),
('68','qui','637'),
('69','ad','639'),
('70','sed','641'),
('71','nam','643'),
('72','et','645'),
('73','sunt','646'),
('74','deserunt','647'),
('75','velit','650'),
('76','possimus','651'),
('77','voluptatem','653'),
('78','deleniti','657'),
('79','veritatis','658'),
('80','eos','659'),
('81','aut','666'),
('82','occaecati','668'),
('83','vitae','669'),
('84','dolor','673'),
('85','enim','677'),
('86','est','678'),
('87','est','679'),
('88','voluptatum','688'),
('89','nihil','689'),
('90','occaecati','691'),
('91','non','694'),
('92','et','695'),
('93','quos','696'),
('94','sint','697'),
('95','nostrum','698'),
('96','impedit','699'),
('97','occaecati','700'),
('98','repellendus','701'),
('99','veniam','703'),
('100','omnis','704'); 


DROP TABLE IF EXISTS `event_requests`;
CREATE TABLE `event_requests` (
  `event_requests_id` bigint(20) unsigned NOT NULL AUTO_INCREMENT,
  `initiator_user_event_id` bigint(20) unsigned NOT NULL,
  `target_user_event_id` bigint(20) unsigned NOT NULL,
  `status_event_request` enum('requested','confirmed','declined') COLLATE utf8_unicode_ci DEFAULT NULL,
  `requested_event_at` datetime DEFAULT current_timestamp(),
  `updated_event_at` datetime DEFAULT NULL ON UPDATE current_timestamp(),
  `confirmed_event_at` datetime DEFAULT NULL,
  PRIMARY KEY (`initiator_user_event_id`,`target_user_event_id`),
  UNIQUE KEY `event_requests_id` (`event_requests_id`),
  KEY `target_user_event_id` (`target_user_event_id`),
  CONSTRAINT `event_requests_ibfk_1` FOREIGN KEY (`initiator_user_event_id`) REFERENCES `users` (`id`),
  CONSTRAINT `event_requests_ibfk_2` FOREIGN KEY (`target_user_event_id`) REFERENCES `users` (`id`),
  CONSTRAINT `fk_event_id` FOREIGN KEY (`event_requests_id`) REFERENCES `events` (`id`) ON DELETE CASCADE ON UPDATE CASCADE
) ENGINE=InnoDB AUTO_INCREMENT=201 DEFAULT CHARSET=utf8 COLLATE=utf8_unicode_ci;

INSERT INTO `event_requests` VALUES ('1','501','501','declined','1974-09-19 00:17:42','1976-09-04 02:56:44','1995-10-04 00:23:25'),
('2','502','502','confirmed','1988-07-03 02:25:57','2002-02-13 16:00:59','2011-11-04 13:16:45'),
('3','503','503','declined','1978-01-09 07:32:47','1979-04-25 12:10:38','1996-08-28 03:14:04'),
('4','504','504','declined','2013-03-26 11:53:20','1975-04-20 05:13:18','1995-02-11 13:33:02'),
('5','505','505','requested','1972-01-29 12:36:05','2010-10-24 09:45:57','2000-03-02 20:20:28'),
('6','506','506','requested','1985-06-22 12:51:59','1988-12-14 12:50:30','1998-10-04 10:27:01'),
('7','507','507','confirmed','1991-09-23 14:05:51','1986-10-07 16:10:28','1973-12-17 23:49:00'),
('8','508','508','confirmed','1998-05-23 22:09:15','1973-06-12 19:03:49','1980-09-22 10:37:36'),
('9','509','509','requested','2002-10-28 01:31:40','1974-03-13 21:36:52','1978-12-14 03:10:53'),
('10','510','510','confirmed','2016-01-22 04:08:49','1998-03-08 12:13:20','1985-12-20 07:40:17'),
('11','512','512','requested','1975-05-10 01:24:28','2016-03-01 01:03:11','1990-05-27 08:59:11'),
('12','515','515','requested','1987-05-04 07:24:00','1998-07-03 22:42:30','2003-06-01 06:44:32'),
('13','520','520','requested','1983-10-24 11:33:37','2009-01-26 20:34:23','1988-02-24 05:57:58'),
('14','521','521','requested','1993-11-19 11:56:06','1986-10-22 16:35:59','1989-08-26 07:33:09'),
('15','523','523','confirmed','2005-04-09 15:30:59','2002-03-22 14:31:25','1982-07-28 23:05:13'),
('16','525','525','requested','2018-02-14 00:53:06','1979-09-26 02:53:06','1975-07-27 07:28:36'),
('17','528','528','requested','1982-04-06 16:21:29','1996-04-12 12:34:50','2003-06-15 18:15:35'),
('18','529','529','requested','1988-12-31 05:08:46','1980-03-10 23:00:46','1984-03-15 03:29:17'),
('19','535','535','requested','2018-09-25 19:37:56','1994-05-16 01:49:57','1997-04-07 01:34:48'),
('20','538','538','confirmed','2017-01-05 01:56:30','2014-10-14 23:17:09','1988-03-17 11:39:39'),
('21','539','539','confirmed','1986-11-20 21:47:05','1992-09-08 09:14:40','2013-07-07 07:34:58'),
('22','540','540','confirmed','2012-01-15 04:52:06','1994-02-26 11:55:30','2004-10-30 05:02:39'),
('23','542','542','confirmed','2013-08-09 08:26:12','2006-03-26 13:37:45','1985-03-26 10:31:58'),
('24','543','543','confirmed','2014-03-16 22:48:58','1984-11-29 11:25:15','1971-12-29 16:21:34'),
('25','544','544','confirmed','1977-01-16 17:02:25','1999-12-18 20:51:56','2012-08-16 01:41:24'),
('26','545','545','requested','2003-03-10 14:28:19','1981-09-23 08:21:56','1980-10-19 03:57:51'),
('27','546','546','requested','2005-09-07 08:09:14','1985-03-22 00:55:57','2014-09-03 11:45:23'),
('28','547','547','requested','2015-10-14 08:17:41','1994-06-18 05:20:27','2018-01-21 16:37:37'),
('29','548','548','confirmed','1976-11-18 06:02:41','2000-12-31 20:49:32','1980-01-28 23:54:03'),
('30','549','549','confirmed','2015-03-07 17:08:01','1997-01-11 21:56:01','2015-03-01 01:05:04'),
('31','550','550','requested','1993-02-10 12:38:47','2012-10-30 11:02:17','2010-05-26 05:09:23'),
('32','551','551','requested','1970-04-14 18:46:36','2016-08-03 14:57:56','1986-06-20 08:45:42'),
('33','553','553','requested','2006-04-12 22:55:22','1983-06-20 01:56:19','1995-03-27 11:35:53'),
('34','554','554','declined','1970-09-15 04:15:28','1974-04-04 09:34:50','1991-04-04 03:26:47'),
('35','555','555','declined','2000-02-10 04:44:31','1970-09-21 00:05:36','1989-12-15 10:49:53'),
('36','558','558','requested','2011-11-20 15:29:15','2010-11-09 23:21:08','1982-12-23 03:22:36'),
('37','559','559','declined','1985-08-11 00:02:20','1974-04-17 09:17:27','1995-05-31 12:38:12'),
('38','561','561','declined','1979-11-14 15:00:27','1979-12-26 14:15:59','2002-03-11 06:21:18'),
('39','563','563','declined','1982-07-31 10:17:14','1974-12-03 08:52:28','2007-10-17 02:18:51'),
('40','567','567','declined','2012-05-04 05:14:20','1981-12-10 00:45:38','1976-12-01 10:45:23'),
('41','571','571','declined','1978-07-13 03:54:48','1980-11-08 06:20:52','2009-12-19 15:26:00'),
('42','573','573','confirmed','1993-11-23 11:13:29','1991-03-02 23:45:26','1991-08-07 03:15:33'),
('43','574','574','requested','2006-04-18 04:01:43','1992-11-21 19:05:13','1970-12-02 19:18:25'),
('44','575','575','confirmed','2013-01-17 04:56:44','2009-01-21 16:23:00','2013-11-05 03:28:57'),
('45','579','579','declined','1995-09-22 16:34:30','2009-03-29 02:43:32','2012-09-12 18:08:11'),
('46','580','580','declined','1999-11-30 17:00:43','2006-12-07 08:24:52','1988-04-30 04:18:52'),
('47','581','581','requested','1993-11-19 10:55:31','2013-12-11 14:37:35','1999-08-06 02:22:33'),
('48','583','583','declined','1979-11-10 13:07:57','1982-12-28 02:51:07','2003-08-20 10:48:57'),
('49','585','585','declined','1981-12-31 12:50:16','1982-01-24 04:00:06','2016-12-23 01:09:32'),
('50','587','587','declined','2009-05-10 19:46:39','1998-03-09 14:16:12','1995-11-29 21:23:04'),
('51','590','590','confirmed','2019-07-19 11:33:39','1987-05-30 04:48:58','1981-04-16 02:27:45'),
('52','594','594','confirmed','2001-09-08 16:05:44','1980-06-21 05:13:06','2015-01-06 15:11:43'),
('53','601','601','declined','1997-09-30 08:05:33','1972-06-20 19:33:43','1999-10-30 06:22:40'),
('54','603','603','confirmed','2014-04-19 05:25:40','1983-09-30 10:26:12','2019-05-09 17:15:46'),
('55','605','605','requested','1976-04-17 16:41:41','2001-10-31 05:50:08','1981-03-09 03:23:22'),
('56','607','607','requested','2005-06-14 07:59:55','1971-11-17 17:28:21','1985-09-05 22:47:31'),
('57','608','608','requested','1987-07-31 22:03:58','1990-07-28 20:47:11','2017-11-28 05:03:12'),
('58','609','609','confirmed','1975-04-21 00:42:38','2015-08-30 03:31:56','1990-02-17 13:36:03'),
('59','613','613','confirmed','1993-04-14 17:46:37','1977-06-05 00:54:39','2009-12-13 12:46:44'),
('60','618','618','confirmed','1971-09-24 11:27:39','1988-12-22 05:46:23','1972-01-18 21:30:42'),
('61','619','619','confirmed','1990-03-05 06:29:26','1977-12-20 15:52:25','2009-08-25 07:07:16'),
('62','620','620','confirmed','2004-10-24 21:08:44','1980-03-01 00:39:35','2003-12-25 11:53:30'),
('63','621','621','requested','1985-08-12 22:12:31','2003-02-12 23:22:29','1991-12-12 00:41:35'),
('64','625','625','declined','1978-10-30 03:22:09','2007-04-14 10:25:06','1996-11-24 00:00:50'),
('65','628','628','confirmed','1976-04-25 05:29:49','1985-08-12 12:14:41','2010-04-15 20:59:08'),
('66','633','633','confirmed','2019-11-06 05:51:30','1987-04-24 12:28:44','2012-10-27 13:13:00'),
('67','634','634','confirmed','2015-05-31 02:44:46','1989-12-16 19:46:53','1986-05-29 00:55:40'),
('68','637','637','requested','1990-06-23 06:01:32','1985-02-13 02:11:02','1993-01-11 05:28:38'),
('69','639','639','requested','2005-11-17 18:27:44','2013-02-25 13:57:59','2016-12-09 03:07:41'),
('70','641','641','declined','1973-05-24 09:58:12','2008-02-29 00:59:29','2009-05-04 09:43:11'),
('71','643','643','requested','1996-05-10 10:29:56','2017-08-21 17:18:10','1990-03-25 15:44:12'),
('72','645','645','requested','2012-12-17 18:27:43','1980-06-30 01:52:22','1989-03-20 20:27:40'),
('73','646','646','declined','1983-05-09 16:23:12','1980-01-19 01:27:07','1996-07-03 02:41:37'),
('74','647','647','declined','1987-09-02 16:26:54','1997-01-01 05:04:17','1998-05-11 19:30:41'),
('75','650','650','declined','2018-08-29 05:51:27','1971-03-18 06:05:32','2004-06-16 12:58:33'),
('76','651','651','requested','1991-01-06 11:17:44','1992-11-29 14:10:05','2016-01-27 19:02:41'),
('77','653','653','requested','2003-04-27 06:50:41','1983-02-12 15:35:29','2020-03-06 21:17:24'),
('78','657','657','confirmed','1983-04-21 09:44:11','2003-12-26 13:55:19','1988-02-26 12:45:39'),
('79','658','658','declined','1994-07-10 00:42:58','1970-08-18 21:48:05','1970-02-05 03:08:19'),
('80','659','659','confirmed','1974-12-23 20:29:18','2016-06-03 14:35:13','1971-10-27 08:05:52'),
('81','666','666','requested','1979-07-23 14:09:26','1993-04-09 00:25:39','1970-08-05 15:53:51'),
('82','668','668','declined','1990-08-26 20:12:32','2011-09-14 03:59:43','1975-05-01 00:32:25'),
('83','669','669','requested','1979-07-01 21:50:41','2005-12-06 13:57:22','1993-08-12 15:47:23'),
('84','673','673','declined','1973-03-12 16:47:29','1994-08-27 00:45:24','1979-12-08 18:55:27'),
('85','677','677','confirmed','2002-07-26 05:19:46','2006-12-26 11:03:24','1979-03-14 02:42:27'),
('86','678','678','requested','2009-01-07 21:57:30','1988-07-07 10:37:48','2007-07-06 12:23:10'),
('87','679','679','confirmed','2002-11-20 16:24:37','1992-02-14 01:06:09','1976-05-27 14:28:24'),
('88','688','688','requested','2003-05-07 09:33:32','2015-11-24 15:59:23','1995-03-07 18:38:54'),
('89','689','689','declined','1980-02-16 00:24:32','1997-12-21 04:31:12','1998-08-31 21:16:12'),
('90','691','691','confirmed','1991-10-23 20:00:35','2009-05-17 12:30:25','1991-02-19 23:17:30'),
('91','694','694','confirmed','2018-03-11 04:19:29','1987-05-01 06:06:58','2010-08-24 05:34:43'),
('92','695','695','requested','2005-12-25 22:07:24','2016-04-08 03:30:57','1987-07-31 10:24:50'),
('93','696','696','declined','1982-08-03 10:37:30','1970-07-15 16:28:48','1991-03-31 00:05:54'),
('94','697','697','confirmed','1979-01-17 13:29:36','1987-03-06 00:19:49','1983-10-04 18:38:23'),
('95','698','698','confirmed','2000-01-28 15:29:46','2006-05-20 11:32:56','2018-01-07 01:38:38'),
('96','699','699','requested','1976-09-23 06:48:44','2018-11-08 17:38:57','2018-08-12 19:42:05'),
('97','700','700','confirmed','1970-02-16 10:38:41','1981-04-08 17:38:54','1978-06-04 06:17:21'),
('98','701','701','confirmed','1971-10-02 07:01:35','1990-05-13 23:31:34','1997-11-20 08:04:20'),
('99','703','703','confirmed','2002-11-08 00:38:17','1979-01-05 22:43:18','1971-05-01 19:34:55'),
('100','704','704','declined','1990-06-14 06:44:41','2010-06-06 06:08:26','2001-08-26 02:42:03'); 


DROP TABLE IF EXISTS `events`;
CREATE TABLE `events` (
  `id` bigint(20) unsigned NOT NULL AUTO_INCREMENT,
  `user_event_id` bigint(20) unsigned NOT NULL,
  `text_event` text COLLATE utf8_unicode_ci NOT NULL,
  `filename_event` varchar(255) COLLATE utf8_unicode_ci DEFAULT NULL,
  `size_event` int(11) DEFAULT NULL,
  `metadata_event` longtext CHARACTER SET utf8mb4 COLLATE utf8mb4_bin DEFAULT NULL,
  `data_event` datetime NOT NULL,
  `created_event_at` datetime DEFAULT current_timestamp(),
  PRIMARY KEY (`id`),
  KEY `user_event_id` (`user_event_id`),
  CONSTRAINT `events_ibfk_1` FOREIGN KEY (`user_event_id`) REFERENCES `users` (`id`)
) ENGINE=InnoDB AUTO_INCREMENT=151 DEFAULT CHARSET=utf8 COLLATE=utf8_unicode_ci;

INSERT INTO `events` VALUES ('1','501','Et et quo ducimus aliquid et eos quam qui. Libero quod sit neque odit fugiat. Maiores numquam nemo quia optio eum quia consequuntur.','inventore','544940',NULL,'1982-04-08 22:43:47','2015-05-26 14:29:09'),
('2','502','Voluptate sunt quod enim. Qui repellendus vel voluptas est placeat. Neque velit quod nobis ipsa in ut pariatur.','et','760',NULL,'2007-05-04 14:00:01','1982-07-21 04:41:15'),
('3','503','Aperiam quia quis provident facere asperiores ut. Id nostrum nesciunt atque sed. Nemo et et at in ad. Eligendi aliquid consequatur modi ut.','sunt','3431',NULL,'1990-11-19 15:57:20','2012-06-23 15:18:58'),
('4','504','Ipsum officia quae aliquam et inventore id. Inventore vel quia aperiam minima sed id porro.','suscipit','3',NULL,'1983-10-06 07:09:26','1990-07-20 04:22:59'),
('5','505','Quaerat magni fugit ipsum fugit illo libero voluptatem. Sit sit commodi quae alias sit dolorem. Voluptatem quis quasi consequuntur cumque laborum soluta. Dolor laboriosam qui incidunt minima sunt autem. Nobis ab exercitationem nesciunt dolor laboriosam odio consequatur.','non','6',NULL,'1978-08-26 16:08:09','1993-09-21 18:28:56'),
('6','506','Officia consequuntur et mollitia unde. Eos voluptatem nihil ut excepturi dolorem non repellat. Eos omnis odio voluptatem qui.','ut','901837',NULL,'1974-07-28 23:02:43','1989-09-29 16:16:20'),
('7','507','Qui officia soluta neque ipsum voluptatibus molestias voluptate. Officiis et et id quaerat aut dolor ratione. Accusamus odit rerum consequatur eos perspiciatis assumenda.','voluptatem','0',NULL,'2002-06-02 07:13:03','2013-07-19 15:08:03'),
('8','508','Molestiae quae qui incidunt dolores aliquid commodi. Aut id maiores eos voluptatem architecto aut molestiae. Laudantium rerum ut ut repudiandae.','quam','81062159',NULL,'2020-03-12 19:17:00','1974-12-14 12:27:48'),
('9','509','Ex laboriosam et sed aspernatur nesciunt quia. Non et officiis modi. Qui voluptatum pariatur exercitationem voluptatem et. Corporis aspernatur qui magnam dolorem.','deserunt','9772464',NULL,'1991-08-02 13:43:36','2004-10-28 17:57:25'),
('10','510','Voluptatem voluptatum sunt quis enim. Quia hic sit repudiandae quia repellendus commodi. Numquam magni totam ea unde.','porro','6559376',NULL,'1987-11-29 19:02:04','2006-07-01 19:12:09'),
('11','512','Minima iusto error aut rerum nobis. Quas ea totam ducimus est ea similique. Fugiat explicabo cum est nesciunt. Perspiciatis voluptatibus ut qui quia expedita est illo.','id','4501571',NULL,'1989-08-27 19:06:24','2015-05-29 13:45:23'),
('12','515','Aperiam magni ea vero corrupti. Beatae explicabo repellendus ut quisquam aut quod. Eius rerum asperiores repellat voluptatem.','quis','2981',NULL,'2019-01-17 17:16:56','1991-04-06 17:30:54'),
('13','520','Velit fuga consequatur numquam. Eligendi deleniti molestiae qui numquam doloremque. Est perspiciatis quis non numquam quia. Quia explicabo suscipit earum aut. Cumque officiis fugit porro.','adipisci','6',NULL,'1980-08-30 00:42:56','2013-12-03 22:31:48'),
('14','521','Fugit sit occaecati ut itaque ullam delectus dolor. Minima animi dolores consequatur. Eveniet ullam eum id at ea impedit reiciendis. Eum veritatis sit quia quae eligendi dolorem eum.','fuga','95738149',NULL,'1998-06-28 10:18:56','2000-02-27 20:39:23'),
('15','523','Aliquid aut ipsam sint laborum blanditiis impedit voluptate. Eaque perspiciatis ab nihil dolorem pariatur ratione. Tempora aut quae ratione dignissimos voluptate praesentium vitae et. Vel architecto dolores voluptate voluptatem ea blanditiis.','cum','9',NULL,'1991-04-23 03:47:10','1999-01-07 18:58:37'),
('16','525','Voluptas ipsa magni repudiandae. Nesciunt fugiat repudiandae est et. Modi ipsa omnis voluptatem a reprehenderit autem ut. Voluptatem cupiditate facilis dolores nihil dicta labore.','assumenda','0',NULL,'1976-03-21 11:39:57','1972-01-10 06:15:06'),
('17','528','Esse nostrum facilis sed quas expedita vitae. Est sit quae placeat. Maxime officiis quia ad sapiente.','voluptatibus','84432525',NULL,'1981-08-19 03:17:07','1987-07-26 14:42:03'),
('18','529','Ut et voluptatem impedit dignissimos. Et explicabo doloremque sed sed repellendus. Iusto dolor non debitis qui in enim. In quo reprehenderit ex nesciunt soluta et.','rerum','0',NULL,'2002-03-04 07:19:15','2009-06-23 14:37:44'),
('19','535','Dolor dolor rerum rerum sit possimus adipisci id eos. Unde est cumque distinctio error qui atque. Nihil provident dolore et similique recusandae. Doloremque quam et tenetur et optio consectetur culpa.','debitis','94',NULL,'1988-02-08 15:40:32','2019-05-03 02:50:15'),
('20','538','Dolores illo est qui eos tempore. Et rerum in ducimus et. Voluptas eos libero et facilis reprehenderit voluptas cum.','possimus','110364',NULL,'2005-04-22 00:57:29','1982-05-17 18:12:02'),
('21','539','Ullam consequatur consequatur voluptas commodi sed provident et. Maxime nihil eius eligendi eius voluptas sunt eveniet. Vel quae praesentium quia. Eius aliquid totam iusto quis saepe aliquid.','commodi','704502505',NULL,'1998-01-06 14:06:16','2009-12-19 02:33:42'),
('22','540','Labore voluptates ex optio et illo nulla labore deserunt. Occaecati non ipsa omnis laudantium. Nobis aspernatur est magni. Voluptatem voluptatem eum ut voluptatem animi eum non.','voluptatem','217955',NULL,'2019-01-30 00:57:21','1977-10-09 15:20:43'),
('23','542','Aperiam nisi autem voluptatem animi molestias est ipsa numquam. Aut similique minus labore amet rerum ipsa velit veniam. Provident consequuntur non omnis in numquam. Aut et magni optio magni et.','aut','600',NULL,'2015-04-12 17:06:22','2001-04-12 09:20:10'),
('24','543','Et aut excepturi quia omnis. Labore sapiente quia at optio. Fuga quisquam quis aut incidunt.','laboriosam','9771362',NULL,'1989-06-03 15:42:43','2014-10-26 11:25:37'),
('25','544','Magnam commodi voluptatum natus sit ut. Modi sit explicabo deserunt odit. Ab voluptas ea qui nam minima officia. Dignissimos laudantium eum dolorem unde itaque non eligendi.','quia','8',NULL,'2013-11-29 00:47:50','1980-01-25 16:55:02'),
('26','545','Velit sequi necessitatibus dolorem nihil. Recusandae iure enim qui vel et recusandae porro. Dignissimos dicta dicta in error non qui quae. Aut et neque eaque repellendus inventore deleniti.','rerum','27',NULL,'1983-10-04 01:37:07','2009-03-25 10:46:58'),
('27','546','Omnis voluptas deserunt atque eum. Nihil debitis perferendis voluptates. Inventore ut quisquam dolores ut.','ut','0',NULL,'1981-02-13 02:26:03','1986-07-21 06:12:37'),
('28','547','Non nostrum possimus dolorem natus. Rerum dolorem accusantium rem iure delectus. Veritatis odio et debitis. Quia dignissimos aliquid non molestiae ipsum quis.','quia','8876971',NULL,'1995-12-20 04:31:28','1989-02-25 07:29:24'),
('29','548','Cum laborum repellendus repellat inventore autem vero nihil. Voluptatem voluptas error necessitatibus voluptate voluptas dolor laudantium. Est ut dolore perferendis harum.','animi','558',NULL,'2003-03-25 07:40:57','1999-11-17 10:53:07'),
('30','549','Ea rerum repudiandae cupiditate nemo. Odit facere est in quia voluptatibus. Aspernatur est aut soluta fuga rerum sit quis recusandae.','ut','8086638',NULL,'2002-12-11 07:29:58','1980-03-22 10:09:23'),
('31','550','Fuga sit neque dolore nisi. Est repudiandae saepe alias saepe doloremque dolor perspiciatis. Et nulla sit necessitatibus iusto. Architecto libero architecto facere modi dolor libero.','et','5165587',NULL,'2015-04-16 11:06:28','1975-01-24 00:25:23'),
('32','551','Labore architecto porro optio a odit. Voluptatem esse occaecati enim ut atque ad molestiae minus. Laborum voluptates iusto aut omnis architecto eius et. Iure ab dolores voluptatem voluptatum aperiam.','sed','127441058',NULL,'1971-03-31 22:48:02','1978-12-28 20:49:30'),
('33','553','Sit deserunt voluptatem quo molestiae rerum accusantium velit. Cumque accusamus temporibus eaque delectus maxime qui praesentium aut. Qui quo iste saepe aut possimus. Corporis libero quibusdam et id non.','animi','0',NULL,'2010-06-20 17:23:36','1987-04-27 15:00:03'),
('34','554','Est minus rerum doloremque vel. Aperiam nobis voluptatem aut dolore ipsam sit. Voluptates labore veritatis et. Et veritatis quia quisquam est suscipit quae.','amet','72686727',NULL,'1972-11-05 19:13:09','1992-09-07 18:22:59'),
('35','555','Accusamus non deserunt delectus autem ab. Unde fugit natus sapiente quo. Qui maxime excepturi provident magni.','aut','915416',NULL,'2017-09-22 03:46:44','1982-09-07 17:25:45'),
('36','558','Laudantium enim omnis esse nesciunt optio assumenda. Totam aut blanditiis officiis quia. Molestiae veritatis inventore ipsa eligendi architecto.','tenetur','0',NULL,'1993-09-06 23:14:15','2016-11-04 10:48:42'),
('37','559','Rem iste modi dicta a consequatur. Ea ut ullam eos atque. Aut cupiditate laudantium ea placeat aut quas inventore.','quod','42',NULL,'1983-08-03 19:10:41','2014-12-15 18:35:23'),
('38','561','Dolor qui aut laudantium exercitationem. Eligendi minus ipsam optio molestiae esse sed quae. Aliquid natus alias sed ipsa repudiandae rerum. Sapiente dolorum minima nulla nobis quam ratione voluptatem.','accusantium','64300',NULL,'2016-02-07 21:06:55','2002-07-07 02:40:38'),
('39','563','Velit adipisci cupiditate accusamus odit nesciunt maiores ut. Eaque quidem laboriosam nihil beatae vero eos iste. Voluptatem labore debitis quo tempore voluptatem ut.','voluptatem','3',NULL,'2016-07-10 13:29:02','1975-02-09 09:48:17'),
('40','567','Necessitatibus eos aut ipsa vitae distinctio quia. Sunt saepe natus qui minima nulla nostrum qui. Rerum sed neque qui totam neque dolor. Similique consequatur sapiente dolores earum.','rerum','7635',NULL,'1988-01-19 23:55:34','2019-06-24 03:48:48'),
('41','571','Perspiciatis nam magnam eligendi. Ipsum voluptas velit vero enim optio dolorem voluptas. Iusto eos autem iusto aut. Natus nobis repellendus et asperiores consequatur velit quia esse. Nisi voluptatum voluptatem libero ea voluptate.','dolor','0',NULL,'1976-11-25 15:56:12','2001-06-22 23:25:58'),
('42','573','Exercitationem velit consequuntur est quo sed sit. Omnis nihil totam commodi aspernatur sunt quis voluptatem. Possimus nihil repellat perferendis autem dicta a.','aperiam','976',NULL,'1981-08-26 18:07:26','2017-06-30 18:35:51'),
('43','574','Saepe sit similique eos beatae corporis aut veniam. Aspernatur perspiciatis accusantium corporis. Fugiat in qui consequuntur nobis aut. Nulla voluptas ut ut non sed.','sit','424807',NULL,'1972-11-03 05:58:01','1997-08-08 22:42:22'),
('44','575','Commodi qui perferendis maiores doloremque. Nesciunt labore totam accusamus nam non occaecati. Ratione adipisci doloremque ea qui placeat est recusandae sunt.','ut','48218339',NULL,'2008-02-08 11:23:53','2014-07-04 04:13:11'),
('45','579','Enim animi praesentium quia. Aliquid ea quos et distinctio. Voluptas hic exercitationem in aliquam. Aut dolor iure laboriosam ut cum sint.','nihil','131',NULL,'2005-09-21 22:16:33','2020-03-29 14:42:46'),
('46','580','Molestias animi delectus deserunt eius ipsam. Sit tempora aliquid voluptas saepe nisi.','asperiores','715',NULL,'2001-10-23 16:11:30','1991-12-07 23:54:51'),
('47','581','Quo sit earum voluptate a. Dolor est qui est qui mollitia quis. Placeat dignissimos ut quo et qui. Consequatur ut unde fugit blanditiis explicabo vitae. Eveniet consequuntur placeat est.','voluptatem','372029',NULL,'2017-10-14 14:46:47','2016-01-14 20:05:53'),
('48','583','Consectetur non aut placeat laboriosam inventore officiis et cum. Aut quidem sed dolorem necessitatibus et beatae. Ut voluptatem mollitia quas quaerat.','omnis','5490898',NULL,'1977-12-14 10:18:29','1973-03-07 15:35:07'),
('49','585','Molestias nulla officia repellat magnam exercitationem. Adipisci excepturi ipsum consectetur et magni. Porro dolorem odit eos accusantium dicta.','accusamus','25981028',NULL,'1981-12-14 00:07:13','1992-07-18 11:53:58'),
('50','587','Odit consequatur tempora aut commodi. Repellat occaecati beatae laboriosam animi voluptatem pariatur. Ab sequi odit illum pariatur.','tempora','1',NULL,'1978-02-04 16:04:50','1988-11-02 03:41:54'),
('51','590','Nisi tempore ex laudantium saepe sit quia deleniti. Repellendus quasi praesentium repudiandae quisquam quidem. Tempore voluptatum earum accusantium voluptatem. Eius minima ullam adipisci delectus et excepturi. In et qui est impedit et eum.','omnis','474618699',NULL,'1989-03-01 19:20:06','2001-12-23 06:34:06'),
('52','594','Quos impedit et rerum eum. Ex labore quia nihil officia velit illo ratione. In quas deleniti nostrum rerum aliquam sed velit. Aut a nemo sed non omnis quo.','et','932740',NULL,'2013-08-17 07:30:13','2005-03-25 02:06:15'),
('53','601','Rerum asperiores non voluptatibus similique. Et aut esse sequi. Doloribus recusandae ipsam placeat doloribus.','iure','4269855',NULL,'2002-03-07 04:56:20','1984-08-02 09:43:20'),
('54','603','Rem rerum voluptas cupiditate eum natus qui consequatur. Qui iusto earum unde. Possimus et iste dicta aut non ipsa non et.','corporis','0',NULL,'2010-01-31 18:03:53','2008-03-20 03:26:58'),
('55','605','Accusantium nam provident officia saepe. Eius unde laboriosam ut excepturi sit nihil nesciunt. Temporibus et provident sint velit blanditiis tenetur veniam.','mollitia','534442',NULL,'1977-03-08 17:09:21','2010-09-11 23:44:16'),
('56','607','Ut illo nostrum et in. Optio nostrum voluptatem similique excepturi necessitatibus sapiente officiis. Minus vel et debitis quas deleniti.','sapiente','500269672',NULL,'1974-05-17 20:57:36','1984-08-04 01:01:27'),
('57','608','Dolore officiis commodi illum harum in. Debitis voluptatibus rerum quos. Temporibus esse eos itaque aut sed quod ducimus officia. Doloremque a inventore a quia.','molestiae','83452205',NULL,'1997-04-27 20:53:37','2014-09-09 16:05:41'),
('58','609','Ea autem expedita sed eveniet asperiores eaque fugiat debitis. Ducimus voluptates veritatis facilis.','magni','5',NULL,'1981-06-10 04:13:21','1970-06-29 22:58:35'),
('59','613','Voluptas doloremque repellendus officiis deleniti. Cumque magnam ut autem voluptas quo soluta.','nihil','5',NULL,'1991-10-08 20:44:06','1980-08-12 11:41:45'),
('60','618','Ipsam deserunt nesciunt sed error maiores. Distinctio nemo ut dolorum et consequuntur et. Omnis expedita qui enim expedita.','illum','35223',NULL,'1997-09-27 22:07:50','1979-12-31 20:05:38'),
('61','619','Voluptatem tenetur velit et voluptatum. Est fuga corrupti voluptatum unde magnam neque quas. Aut dolores repudiandae debitis et consequatur harum voluptas. Consequatur et molestiae laboriosam repudiandae.','saepe','81475',NULL,'1973-08-20 02:59:43','2011-01-23 20:33:57'),
('62','620','Laborum non laborum repellat culpa adipisci explicabo aut ut. Ea commodi aliquam ea cumque ad. Ipsa magni dolores aliquam tempore sunt et facilis.','quia','138',NULL,'1978-04-29 17:21:19','2013-05-19 13:03:03'),
('63','621','Ab incidunt officiis maxime fuga ut quam voluptatem numquam. Et recusandae alias eum et possimus rerum. Saepe vel facilis quia.','tempore','881557',NULL,'1992-10-10 16:21:16','1988-06-29 02:14:35'),
('64','625','Blanditiis assumenda amet eos odio. Omnis libero dolore minus rerum molestiae sapiente. Ut enim maiores pariatur est atque ratione et. Voluptatum molestiae error hic ducimus.','necessitatibus','265',NULL,'1995-05-09 14:09:52','2006-11-17 14:44:01'),
('65','628','Dolorem ut enim aut a ipsam libero velit. Quod error quis consequatur eos quibusdam delectus et. Dolorem ut quisquam possimus numquam quibusdam placeat.','aut','4368367',NULL,'2017-04-01 16:21:36','1973-04-23 04:29:49'),
('66','633','Enim vel non dolores ipsa. Voluptatem commodi cupiditate rerum quidem aut modi vitae. Libero nihil corporis voluptatem.','quidem','221',NULL,'2013-05-21 01:16:55','1982-06-28 11:02:06'),
('67','634','Assumenda dolor est quis fugiat voluptas facere. Quas totam nisi qui sed sint. Iusto eveniet modi ea quia facere voluptatum. Omnis et ut odit dolorum quis quidem. Rerum reiciendis harum facilis aliquam.','labore','900166099',NULL,'2015-12-16 09:10:29','1981-05-03 08:21:37'),
('68','637','Provident nisi assumenda dolor est reiciendis veritatis. Unde consequatur accusantium velit dolore.','quo','516460963',NULL,'1983-03-14 04:48:39','2005-01-07 19:04:58'),
('69','639','Enim necessitatibus esse veritatis quaerat dolorem nihil eveniet id. Adipisci aut dignissimos ipsa sed excepturi. Temporibus dolores minus quia natus aliquid in placeat dolorem. Possimus alias officia explicabo qui eaque ex dolorum. Accusantium libero animi dolorum sed dolorem.','et','54166967',NULL,'1986-01-08 01:08:14','1972-09-29 14:36:02'),
('70','641','Quis tenetur odio esse necessitatibus explicabo maiores consequuntur nulla. Ut iure ea iure dolorem quo nobis sequi. Molestias quidem molestiae officia. Nihil dicta libero asperiores nesciunt nam ratione similique placeat.','porro','440475',NULL,'2018-12-10 22:04:08','1996-02-20 20:02:33'),
('71','643','Et error delectus delectus et facilis dolorum laborum. Alias voluptas voluptatem libero nobis velit qui est. Modi vero fuga sint dolor magnam in voluptatem.','qui','542048',NULL,'1989-05-14 03:46:06','2008-03-13 16:00:55'),
('72','645','Voluptatum quibusdam consequatur eaque est placeat debitis dolores. Et odio sint incidunt asperiores provident optio nihil amet. Quisquam incidunt officiis blanditiis dignissimos quos.','cupiditate','4997516',NULL,'1981-09-07 10:37:45','1999-11-07 15:41:40'),
('73','646','Odit error reiciendis repudiandae enim reiciendis. Quis et quod laborum quod dolores. Architecto amet et vel amet et rerum officiis.','ut','153076',NULL,'2015-07-03 11:26:39','1971-11-10 20:24:09'),
('74','647','Qui neque nemo voluptatem minus quibusdam est. Consequuntur labore ipsa natus delectus beatae illum. Quia ut dolore hic neque exercitationem vel. Ab provident qui sint illo ratione amet qui.','eos','95503',NULL,'1995-11-17 00:43:45','2008-03-26 01:29:46'),
('75','650','Veniam officiis sit quisquam ea laboriosam. Accusamus eum voluptas dolores quis expedita. Amet est debitis labore ut. Quas qui asperiores voluptatem voluptatem tenetur eveniet asperiores.','vero','6',NULL,'1970-08-16 16:50:49','1986-07-08 19:59:05'),
('76','651','Ea id suscipit cumque consectetur nemo ab. Molestias modi praesentium assumenda hic est quisquam. Quia qui suscipit beatae nihil molestiae est. Delectus at beatae deserunt illo eos odit quibusdam.','aperiam','507764859',NULL,'2006-11-02 16:43:26','1985-12-26 07:03:55'),
('77','653','Voluptatibus eius eum accusamus maxime necessitatibus. Voluptatem velit perspiciatis repellat temporibus neque facilis est ut. Vel et eum nihil ipsam voluptas omnis. Quod culpa iste qui iusto iste labore.','tempora','936099',NULL,'1998-09-15 13:27:31','1983-08-09 07:08:07'),
('78','657','Repellendus velit beatae excepturi qui qui dolor necessitatibus. Magni ducimus odit corporis sit odio. Excepturi explicabo rerum minima esse quisquam delectus aspernatur eum.','sint','0',NULL,'2015-07-01 00:51:57','2006-12-10 17:30:11'),
('79','658','Cum provident nesciunt eum quia laudantium temporibus mollitia. Et et esse et assumenda. Sapiente magnam modi esse dolores commodi aliquam. Rerum nesciunt eligendi in quasi.','tenetur','61',NULL,'1983-11-23 13:49:10','1994-04-07 05:37:42'),
('80','659','Sed aspernatur aut facere necessitatibus fugiat vitae. Sed et vitae et minima ducimus.','consectetur','70',NULL,'1985-12-20 10:00:11','1971-10-03 15:23:17'),
('81','666','Magni non assumenda possimus nostrum non expedita deleniti. Eum ut corporis ea rerum similique eligendi. Quis doloremque recusandae et voluptates iure sed. Et earum eos nemo eaque repellat.','possimus','88415713',NULL,'2006-02-10 20:21:21','2005-12-08 23:23:02'),
('82','668','Consequuntur iusto nam qui possimus. Quisquam molestias numquam voluptas earum quia. Nostrum placeat alias ut ipsum eos optio ea. Dolores veniam libero amet voluptatem.','perferendis','98',NULL,'1979-07-10 13:31:32','2016-08-07 03:43:46'),
('83','669','Sequi est qui illo reiciendis velit id. Nostrum itaque sequi eveniet nam ut. Pariatur ad at porro qui velit quis sint facilis. Minima ut et a illum deserunt libero ut.','dolor','4928',NULL,'1988-06-11 00:02:42','1999-06-08 02:27:10'),
('84','673','Quis quod dignissimos voluptatem beatae hic. Molestias ut sint modi fuga. Possimus maxime harum et ex sed.','modi','776505',NULL,'1998-03-18 15:34:52','2005-07-27 08:17:38'),
('85','677','Optio earum eum molestiae expedita praesentium. Qui ipsa laboriosam earum corporis nesciunt. Eligendi vero et dolorem.','ipsum','645871',NULL,'1988-10-27 21:41:33','1996-08-21 07:50:48'),
('86','678','Aut consequuntur aut non eveniet. Voluptatem ipsa omnis maiores et explicabo aliquid. Nostrum distinctio consequuntur dolore sit mollitia.','voluptatem','9936557',NULL,'2017-12-20 16:41:13','1987-01-16 10:52:15'),
('87','679','Magnam eveniet vel ad dolorum impedit doloribus. Aut a perspiciatis tenetur quia et quidem quibusdam. Velit vel sunt at velit magni ea officia. Rem soluta illum officiis nam occaecati vitae.','eum','0',NULL,'1988-07-30 16:44:06','1983-07-12 18:06:13'),
('88','688','Non amet illum voluptatem tempore recusandae dolorem accusantium. Qui esse quia exercitationem sed.','ea','3888',NULL,'2015-09-16 13:36:34','2014-05-08 07:09:16'),
('89','689','Totam consequuntur in deserunt molestias id vel. Necessitatibus eos debitis quisquam quibusdam expedita placeat. Est qui fugit quia temporibus quam accusantium nostrum. Eligendi alias voluptas nesciunt id repellat libero.','sit','6373',NULL,'1971-11-30 17:09:23','2007-11-19 00:08:59'),
('90','691','Quis perspiciatis aspernatur nostrum. Non dolore molestiae expedita qui harum placeat. Exercitationem vel et recusandae qui vero velit non.','ex','35',NULL,'1980-04-08 00:54:41','1991-06-19 21:21:47'),
('91','694','Dolores ea laudantium sed nemo. Nobis quasi ab pariatur id amet.','qui','7',NULL,'1987-09-06 08:53:40','2007-02-19 01:14:17'),
('92','695','Molestiae nostrum sit eos tenetur eum voluptas. Asperiores sint et earum odit consequatur et. Quam suscipit natus ut qui. Ipsam omnis consequatur debitis. Consequatur quo nesciunt aliquam nisi voluptatem quis.','molestias','338494',NULL,'1974-10-03 23:08:24','1993-03-01 17:47:22'),
('93','696','Omnis provident aut nobis quaerat eligendi dolorem. Ut sapiente quisquam omnis quas ea blanditiis qui ut.','quis','0',NULL,'1978-03-18 03:23:19','2006-10-28 18:38:12'),
('94','697','Accusantium consequuntur molestiae nihil reprehenderit itaque soluta autem. Quia autem veritatis sed voluptatum. At itaque laudantium excepturi laudantium quae.','eos','3',NULL,'2007-01-14 10:41:08','1973-04-08 22:03:34'),
('95','698','Rerum eligendi officia et aut asperiores quia necessitatibus. Possimus et voluptas expedita velit id. Inventore et eligendi quia porro in illum minus.','et','890',NULL,'2002-12-18 09:17:12','1988-06-12 17:31:33'),
('96','699','Veritatis et nesciunt quo. Veniam dolores ut quasi fugit iure. Dicta amet et eos sit ut incidunt omnis.','alias','9',NULL,'1976-10-27 00:56:35','1991-10-11 21:39:01'),
('97','700','Repudiandae saepe velit molestias repellat animi doloribus. Ut ullam a voluptatibus sed. Hic itaque natus nobis accusantium.','enim','9',NULL,'1982-06-10 05:05:21','2008-09-25 15:44:49'),
('98','701','Ut officia doloremque necessitatibus molestiae incidunt. Voluptatem laudantium similique maxime ut fuga perferendis. Sequi vitae facilis fuga impedit velit totam atque. Iste dignissimos quam sed maiores et vitae vel rerum.','odit','8280014',NULL,'1999-12-15 03:32:29','1992-04-03 17:01:49'),
('99','703','Aperiam nihil possimus neque sunt. Consequatur et sit unde ab. Occaecati reprehenderit voluptatem rerum et. Sunt et sed est ut inventore enim ex.','aut','547',NULL,'2016-09-29 06:04:28','1994-05-04 10:20:53'),
('100','704','Sed animi optio voluptatem aspernatur aut cum. Dolorum eaque veniam iste provident modi quae tenetur. Aut vero quos qui sint eaque temporibus. Dolor facilis mollitia incidunt mollitia eius.','quia','218455137',NULL,'1975-11-29 07:39:24','1998-03-06 03:00:02'),
('101','706','Omnis natus est accusamus omnis et ipsam. Et accusantium maiores a officiis. Culpa maxime fugit perferendis aut aut aut.','animi','6',NULL,'1971-07-05 13:14:11','2002-12-05 11:34:04'),
('102','707','Cum magni quo blanditiis reiciendis excepturi delectus eos. Possimus voluptas et quis necessitatibus. Quia nobis accusamus aut voluptas natus dolorum quia.','suscipit','652',NULL,'1995-11-06 23:17:35','1982-01-01 00:41:43'),
('103','709','Est rem optio est est. Velit sunt deserunt est reiciendis omnis in.','et','0',NULL,'1986-06-15 02:56:20','2014-06-16 21:59:43'),
('104','711','Et doloribus eveniet eaque veniam. Perspiciatis non doloremque facilis voluptate. Ea dolorem dolorem eos voluptatem numquam rerum eius nesciunt. Suscipit molestiae molestiae in eum sit et.','nisi','25',NULL,'2004-02-09 18:48:10','1982-11-24 05:49:44'),
('105','713','Quidem dignissimos voluptates quis et molestiae et ipsam. Amet voluptas tempore temporibus.','et','9145369',NULL,'1991-02-16 20:31:56','1985-07-31 05:32:19'),
('106','715','Exercitationem deleniti laborum eos reiciendis. Et commodi et quo itaque officia voluptatem eos. Tempora voluptate ad ut assumenda soluta omnis consectetur.','laboriosam','576138275',NULL,'2019-06-02 20:12:24','1990-09-22 13:05:16'),
('107','717','Voluptatum amet est laboriosam. Nobis sequi suscipit vero quas vero adipisci. Non vel aut non perspiciatis iste in. Quas et sequi delectus alias.','est','77454',NULL,'2018-07-22 00:12:28','1979-08-11 02:13:41'),
('108','718','Necessitatibus architecto et culpa. Voluptatum facere nisi nam incidunt amet. Voluptatem sit facilis quae. Est cum quam et dolorem qui aperiam.','amet','70896978',NULL,'2009-02-02 01:19:02','1978-07-20 21:01:30'),
('109','721','Qui quia consectetur suscipit repellendus aperiam. Praesentium laborum nisi illo. Ducimus quod non voluptatem autem laudantium non incidunt deleniti. Adipisci quia voluptas excepturi ut velit inventore officia. Sit nihil quam et in.','qui','788',NULL,'1995-06-19 20:51:58','1988-07-25 02:43:57'),
('110','723','Cum et nostrum autem numquam hic voluptas reiciendis tempore. Non perspiciatis voluptatum explicabo excepturi error. Culpa voluptatum quam pariatur saepe officia iste.','vitae','0',NULL,'1970-07-06 10:35:33','1993-12-10 08:26:56'),
('111','725','At quam rerum explicabo. Accusantium quo architecto voluptatum libero veritatis placeat culpa. Et sed autem repellat et delectus exercitationem.','quisquam','87742',NULL,'1977-06-09 08:20:54','2018-06-01 18:20:26'),
('112','727','Vel et et nostrum blanditiis quidem. In et dolorem velit esse nam est sed. Voluptas voluptas omnis consectetur sunt quibusdam. Animi sit voluptatum sapiente iure voluptatem.','reprehenderit','80339',NULL,'1982-12-05 05:38:10','2006-12-24 00:26:40'),
('113','729','Est dolor modi omnis voluptatem. Dolores reprehenderit nihil quas. Sunt et dolorum minima maxime. Rerum velit consectetur aut deleniti dolore.','accusamus','0',NULL,'1971-07-16 04:08:15','2000-03-17 05:07:07'),
('114','733','Nemo commodi provident magnam et. Fugit molestiae quia omnis rerum rerum saepe et. Eveniet tenetur corrupti labore est necessitatibus et. Earum distinctio ex suscipit voluptatem corrupti.','sit','6',NULL,'1973-11-24 19:11:08','1995-09-19 20:58:17'),
('115','737','Aut ea harum officia ab. Beatae quisquam ea enim at ea.','magnam','6',NULL,'2014-11-16 14:44:16','2009-07-10 05:40:35'),
('116','740','Est qui et ea facere quia nisi. Aut repellendus ex ut. Sit provident qui id quia nobis. Cupiditate perspiciatis est velit fuga.','voluptatibus','0',NULL,'1992-04-16 22:52:39','2003-07-07 18:24:19'),
('117','741','Necessitatibus quisquam aliquam autem eos officiis odit tempore eos. Explicabo similique voluptas voluptatibus illo. Incidunt ut nihil facilis ratione autem ut voluptas. Placeat inventore et autem quaerat officiis.','provident','3523068',NULL,'2015-05-01 01:15:15','1979-06-02 05:28:40'),
('118','742','Consequatur ipsa nesciunt quidem eum. Soluta dolor est sit perferendis. Id facilis mollitia tenetur libero veniam praesentium quae.','porro','2',NULL,'1976-12-21 00:20:30','1991-09-07 14:43:16'),
('119','744','Ipsum eum qui at voluptatem velit sint ducimus. Voluptas nihil temporibus sint soluta omnis consequatur. Laboriosam velit nihil sed qui deserunt rerum officia velit. Asperiores et perspiciatis repellendus corporis.','et','2',NULL,'1998-05-26 16:44:56','1978-04-25 03:05:29'),
('120','745','Reprehenderit rerum dicta excepturi quo beatae. Occaecati facere nesciunt amet perspiciatis. Qui nobis molestiae voluptatem est tempore quas doloremque incidunt.','laudantium','0',NULL,'1995-10-28 15:51:29','1996-05-10 01:04:03'),
('121','747','Dolorem sit occaecati tenetur qui blanditiis nam ut. Architecto velit vero sunt officia quidem quam necessitatibus. Ipsum molestiae incidunt nisi magni nam vel. Tempora voluptatem hic voluptatibus rerum totam quibusdam.','nam','7',NULL,'2003-11-30 01:59:37','1984-10-26 14:21:54'),
('122','751','Sint nihil perferendis magni similique beatae dolor. Vel et omnis est eum amet. Sed nemo ea veritatis totam aperiam pariatur corrupti iure.','minima','246008757',NULL,'1997-12-15 20:18:54','1974-10-19 08:12:57'),
('123','752','Nobis corrupti sit labore consequatur in non. Consequatur id saepe ut fuga. Voluptates molestias enim eligendi a.','aut','138',NULL,'1992-09-13 08:51:36','1975-04-12 10:52:55'),
('124','753','Autem dignissimos repellendus officiis rem dignissimos fugit porro. Adipisci rem quia molestiae dolore non. Accusamus temporibus dicta qui.','et','0',NULL,'1972-05-06 18:07:17','1988-08-27 04:34:40'),
('125','754','Facilis minus voluptas ipsam dolore cum rem. Quo quis modi qui ipsam ipsa doloribus. Ducimus voluptatem atque voluptatum delectus.','occaecati','43',NULL,'2018-07-18 11:22:25','2010-10-29 00:08:35'),
('126','756','Fuga itaque nisi quia aut. Optio blanditiis ut velit eos in earum aspernatur. Et dolore temporibus architecto asperiores ad ipsum ratione.','et','98108',NULL,'2005-05-24 20:18:48','1982-09-18 21:23:52'),
('127','757','Ut deleniti asperiores ullam aut est totam temporibus. Sint dolores doloribus possimus doloremque quasi est ipsa. Asperiores voluptatem labore sit amet laudantium aut molestiae. Minima et aliquam sint ut voluptas molestiae exercitationem.','nemo','0',NULL,'1995-03-28 10:46:49','1985-03-28 12:02:26'),
('128','758','Impedit sit quis quibusdam ea accusamus sint et. Nihil dolores praesentium cupiditate dolor eum fugit ab. Soluta et asperiores qui natus. Quod quidem at neque voluptatum minus.','assumenda','23',NULL,'1979-10-17 23:27:39','1979-05-17 20:47:25'),
('129','759','Aut perspiciatis molestias ducimus. Ipsum dolorem et facilis nihil alias aliquid perferendis.','et','2866026',NULL,'1997-02-13 08:23:19','1974-06-25 23:28:32'),
('130','760','Est neque libero quas asperiores voluptates magnam. Voluptates quis perspiciatis fugit molestiae omnis. Temporibus iure officiis sed quibusdam. Dignissimos tenetur tenetur itaque nisi tempora saepe reiciendis. Dolores sed sed iure repudiandae ipsum laboriosam.','velit','585998',NULL,'2013-04-25 15:42:48','1972-11-23 15:59:58'),
('131','761','Culpa fugit fugit hic ut. Doloribus enim non corrupti inventore. Accusantium nesciunt magni assumenda maiores rem. Reprehenderit eos veniam et natus ipsa. Consequatur et non nulla nostrum ipsum ut.','explicabo','119291771',NULL,'2004-12-11 19:18:42','2000-08-13 18:48:29'),
('132','764','Qui enim rem quidem sed et eligendi voluptas. Quam ut quis est magnam provident. Blanditiis fuga laudantium dolorem molestiae consectetur quidem. Error qui sit vitae harum. Veritatis corrupti quidem nisi tenetur aliquam et voluptates.','nesciunt','2',NULL,'2000-09-05 13:38:26','2015-03-21 17:14:30'),
('133','765','Quisquam excepturi architecto consequatur. Consectetur sint ut recusandae eos. Id rem in corporis. Quisquam ut molestiae ullam.','libero','804010584',NULL,'2004-10-07 14:06:30','2011-07-06 16:16:05'),
('134','766','Animi optio voluptatibus perspiciatis ut perferendis corporis. Qui sapiente quaerat voluptatem sit vero deleniti ut. Itaque ullam consectetur tenetur quia totam ab aut. Veritatis magni velit est voluptatem ut.','placeat','9093',NULL,'2009-07-05 05:48:02','1976-11-11 16:29:19'),
('135','768','Quasi et consequatur et dolorum esse odit officia. Officia animi non laudantium provident quaerat. Quod impedit non omnis officia aut dolor voluptatum.','qui','998',NULL,'2017-06-21 08:42:26','2001-03-19 01:43:04'),
('136','770','Perferendis omnis esse soluta recusandae tempore magnam voluptates. Tenetur deleniti ad fugit at velit nemo. Et est ipsum eos rem eius ex fugit. Suscipit sit porro dolorem quis ea error et voluptatum.','adipisci','0',NULL,'2011-08-07 18:22:07','1978-03-06 22:53:31'),
('137','771','Architecto dicta est voluptatem quas error et voluptatibus. Sed pariatur temporibus quod maxime ratione voluptates omnis voluptatem. Incidunt vitae voluptatem reprehenderit molestiae.','quos','4',NULL,'2000-01-14 10:06:06','2000-06-24 23:19:46'),
('138','772','Iure natus sequi sit quibusdam eum distinctio reprehenderit. Aut neque magni sunt alias. Dolorum dolorem porro voluptatem beatae sit architecto minus alias. Vel distinctio temporibus eum expedita voluptas odit sint dolorem.','earum','66301325',NULL,'1987-11-29 22:55:32','2000-05-09 01:30:31'),
('139','773','Corporis et facilis labore dicta soluta sed quibusdam possimus. Dolorum sit modi dolorem repudiandae eligendi expedita laborum. Dolores delectus quis nobis aspernatur cum.','minus','8371',NULL,'1996-09-20 19:50:58','2000-02-12 20:04:17'),
('140','774','Voluptatem omnis sit tenetur. Fuga sed exercitationem sequi quidem eum. Labore itaque natus veritatis non nostrum consequatur pariatur illo.','velit','623816153',NULL,'1988-05-10 11:45:28','1985-08-02 18:46:36'),
('141','778','Tenetur quidem eveniet provident saepe voluptates et. Quis ullam fugiat eos sed ipsa eaque est. Nihil occaecati at enim et possimus pariatur.','et','419033286',NULL,'1998-11-06 18:11:34','1976-06-18 02:24:10'),
('142','779','Maxime esse aut ea esse voluptas. Eligendi fugit est modi qui. Alias qui facere optio eum et qui laboriosam.','consequatur','2',NULL,'1971-05-29 22:36:20','2012-11-22 04:23:37'),
('143','780','Fugit quis iste vitae id explicabo tempore. Beatae voluptas libero quod sint eum. Sint eaque ullam recusandae quis omnis. Et alias sit ex vel dolore dolorem corrupti.','deleniti','55561372',NULL,'2004-03-12 05:02:39','1991-05-26 19:06:47'),
('144','782','Nam omnis reprehenderit dignissimos molestiae asperiores. Autem ab laboriosam consequatur rem.','necessitatibus','9',NULL,'1977-11-02 15:08:24','1995-07-14 10:52:10'),
('145','783','Commodi aut in et repellendus suscipit. Odit tenetur mollitia exercitationem asperiores minus labore. Necessitatibus non accusamus quis asperiores dolores. Cum in fuga ratione laudantium id fuga et.','rerum','94',NULL,'1997-02-22 23:21:45','1981-02-01 09:53:38'),
('146','785','Perferendis facere aliquid suscipit aliquam. Accusamus officia quis et cum. Ea corrupti architecto itaque consequatur. Incidunt odio assumenda vero sit aliquam.','culpa','501508656',NULL,'1974-02-27 19:56:59','1991-05-02 16:35:47'),
('147','787','Dolorem saepe quia iste quasi vel aut facere. Ipsam culpa adipisci inventore ut. Ipsam et rerum repellendus. Minus explicabo voluptates perferendis rerum.','alias','150327',NULL,'2017-04-03 03:50:11','1986-10-16 00:19:27'),
('148','788','Molestiae autem et hic facilis voluptas ipsa. Aliquam dolorem rem asperiores beatae.','suscipit','9',NULL,'2000-05-11 20:08:00','1990-04-29 00:48:08'),
('149','791','Et ducimus dolore tempore. Omnis error harum accusantium autem dignissimos. Debitis est atque omnis accusantium soluta corrupti. Nemo ipsa et enim in.','rerum','0',NULL,'2018-03-26 18:12:05','1974-01-04 11:32:17'),
('150','793','Ex exercitationem accusantium aspernatur architecto hic. Qui harum maxime commodi error et excepturi laborum nisi. Soluta qui et et debitis.','fugit','17211284',NULL,'1979-05-26 07:47:10','1990-06-05 07:14:53'); 


DROP TABLE IF EXISTS `friend_requests`;
CREATE TABLE `friend_requests` (
  `initiator_user_id` bigint(20) unsigned NOT NULL,
  `target_user_id` bigint(20) unsigned NOT NULL,
  `status` enum('requested','approved','unfriended','declined') COLLATE utf8_unicode_ci DEFAULT NULL,
  `requested_at` datetime DEFAULT current_timestamp(),
  `updated_at` datetime DEFAULT NULL ON UPDATE current_timestamp(),
  `confirmed_at` datetime DEFAULT NULL,
  PRIMARY KEY (`initiator_user_id`,`target_user_id`),
  KEY `target_user_id` (`target_user_id`),
  CONSTRAINT `friend_requests_ibfk_1` FOREIGN KEY (`initiator_user_id`) REFERENCES `users` (`id`),
  CONSTRAINT `friend_requests_ibfk_2` FOREIGN KEY (`target_user_id`) REFERENCES `users` (`id`)
) ENGINE=InnoDB DEFAULT CHARSET=utf8 COLLATE=utf8_unicode_ci;

INSERT INTO `friend_requests` VALUES ('501','501','declined','1994-02-13 03:23:06','1975-03-17 15:00:11','1991-09-08 00:46:07'),
('502','502','unfriended','1999-03-04 10:16:10','2003-03-26 16:05:18','1981-08-29 04:37:35'),
('503','503','declined','1995-09-18 18:49:44','2008-07-05 10:44:44','2017-09-29 11:48:40'),
('504','504','requested','1981-09-30 11:45:22','1972-01-06 05:37:18','1979-10-18 18:35:20'),
('505','505','declined','2006-12-29 04:48:47','1992-04-30 12:00:49','2003-12-04 15:17:29'),
('506','506','requested','1986-03-10 01:22:37','2009-12-08 07:55:30','1996-12-27 18:08:07'),
('507','507','unfriended','2003-08-03 19:28:27','2003-05-23 13:20:43','1992-11-21 01:15:24'),
('508','508','declined','1977-09-30 19:36:56','1996-04-21 06:03:18','1992-12-11 11:28:37'),
('509','509','approved','2000-09-28 05:48:10','1974-07-10 18:32:59','1983-03-29 04:24:16'),
('510','510','approved','2004-07-07 08:16:00','2019-09-26 18:21:42','2010-02-12 22:24:25'),
('512','512','declined','1984-01-13 10:29:54','1992-07-08 19:49:04','2002-05-25 13:56:29'),
('515','515','requested','1983-12-26 13:46:59','2019-02-01 18:43:52','1987-05-21 02:41:37'),
('520','520','unfriended','2005-03-11 05:07:34','1979-01-31 09:21:37','1980-01-20 05:17:58'),
('521','521','unfriended','2011-09-12 04:38:11','2005-08-18 15:46:06','1989-09-02 22:47:00'),
('523','523','requested','1993-02-15 04:25:02','1989-07-17 12:27:47','2018-03-13 21:06:28'),
('525','525','requested','1970-12-17 19:41:07','2001-08-05 11:59:13','1977-05-21 13:01:06'),
('528','528','approved','1994-06-01 18:24:28','2011-03-14 21:19:55','1988-10-30 10:25:24'),
('529','529','declined','1980-07-07 10:36:45','2007-04-09 03:00:14','1995-01-06 22:39:24'),
('535','535','unfriended','2005-02-18 18:01:22','2003-10-23 08:12:51','1994-05-26 15:29:59'),
('538','538','approved','1994-02-18 09:12:05','2017-09-15 02:23:46','2002-04-19 02:07:15'),
('539','539','requested','1998-11-12 22:58:13','2009-10-21 06:14:23','1990-02-25 10:45:03'),
('540','540','unfriended','1977-04-22 23:31:08','2018-08-15 14:07:48','2011-03-13 17:20:57'),
('542','542','unfriended','1973-03-14 06:08:21','1985-08-14 06:32:14','1998-10-14 00:18:10'),
('543','543','approved','1990-05-04 07:56:56','2006-01-24 21:34:19','1985-09-21 18:08:34'),
('544','544','declined','2020-01-25 15:25:03','2006-11-26 04:32:52','1990-01-28 11:11:54'),
('545','545','declined','2014-08-25 23:44:34','1986-01-11 10:16:11','2011-08-14 17:29:22'),
('546','546','approved','1982-10-19 15:51:18','2012-09-12 18:17:43','1972-01-04 10:17:42'),
('547','547','unfriended','1986-04-14 00:03:29','1985-08-30 22:11:41','1980-04-28 04:41:05'),
('548','548','unfriended','1996-09-27 20:38:36','2003-12-20 04:55:37','2001-10-07 07:23:00'),
('549','549','declined','1993-08-14 10:25:46','1993-10-03 21:31:10','1996-07-03 06:13:39'),
('550','550','unfriended','2019-05-26 05:17:45','1981-08-31 11:49:25','1995-08-13 20:50:04'),
('551','551','requested','2019-10-25 00:28:54','1978-05-25 10:52:04','2001-02-13 06:36:24'),
('553','553','requested','2010-06-16 13:01:26','1974-02-02 16:07:05','1984-01-04 15:01:51'),
('554','554','approved','2017-07-23 09:40:31','1971-10-26 05:21:29','2012-05-20 18:07:38'),
('555','555','requested','1990-06-22 11:34:52','1988-06-09 08:59:48','1984-09-26 16:25:45'),
('558','558','approved','2017-12-19 14:19:29','1977-02-03 10:31:15','1985-05-09 16:41:50'),
('559','559','declined','1996-08-09 14:50:18','1980-01-07 05:59:31','2006-03-20 23:45:38'),
('561','561','requested','2018-03-08 14:20:42','1970-12-13 06:54:45','1974-01-26 23:55:14'),
('563','563','approved','2014-02-27 13:11:01','1992-09-02 08:25:26','2006-06-29 01:37:55'),
('567','567','approved','1977-11-11 23:21:13','1975-03-25 20:58:42','1976-02-23 23:57:16'),
('571','571','unfriended','1997-07-28 11:42:54','1980-03-10 03:59:58','1971-03-15 07:35:35'),
('573','573','declined','1974-08-23 21:04:28','1993-09-26 20:28:20','2006-03-07 11:07:55'),
('574','574','requested','2015-03-26 23:15:27','1998-12-24 15:44:19','2007-07-18 18:01:29'),
('575','575','approved','2005-02-09 18:08:30','1984-08-15 15:23:00','2018-08-25 23:57:50'),
('579','579','declined','1977-12-29 19:56:07','1975-05-30 22:14:14','2003-11-18 08:41:05'),
('580','580','unfriended','1990-10-02 22:45:12','2006-06-16 18:28:58','2013-10-17 13:13:45'),
('581','581','approved','1982-05-30 18:59:27','2019-11-29 22:25:15','2006-01-01 07:16:33'),
('583','583','approved','1994-07-31 21:21:51','1997-11-25 12:08:00','1974-12-02 17:13:01'),
('585','585','unfriended','1974-05-27 18:38:20','2002-09-04 10:54:25','1998-03-04 23:56:19'),
('587','587','approved','1981-01-19 23:48:10','1990-02-01 02:44:46','2018-06-28 23:31:39'),
('590','590','approved','1985-10-15 08:22:31','1974-02-07 23:37:38','2002-04-26 11:14:19'),
('594','594','unfriended','2011-07-06 00:53:34','2010-01-03 09:10:43','1979-05-26 20:19:38'),
('601','601','approved','1991-02-08 00:59:51','1999-09-05 23:17:14','2007-06-21 03:31:14'),
('603','603','approved','1995-03-16 16:07:19','1994-03-18 22:49:27','1985-01-12 05:38:15'),
('605','605','requested','2013-12-04 20:08:40','1995-06-25 10:39:28','1979-06-30 00:11:50'),
('607','607','approved','2006-11-07 12:42:21','1997-06-16 00:19:16','2012-02-04 10:42:10'),
('608','608','unfriended','1970-01-18 15:35:15','1971-03-12 21:35:40','2013-12-06 23:57:36'),
('609','609','approved','1989-03-10 09:32:22','2001-01-08 13:17:19','1978-02-01 08:36:11'),
('613','613','requested','2017-01-31 18:14:13','1972-12-10 15:09:34','2013-08-06 09:37:25'),
('618','618','approved','2008-02-27 10:17:24','1996-05-27 07:14:56','2001-12-13 17:07:20'),
('619','619','approved','1983-08-31 05:22:02','1999-10-11 03:12:55','2003-03-07 10:27:50'),
('620','620','approved','1980-08-13 07:15:38','1970-04-12 04:07:34','2006-09-25 03:47:41'),
('621','621','approved','1981-02-04 22:41:04','1981-03-15 13:27:35','1990-07-24 09:24:50'),
('625','625','unfriended','1987-11-05 06:18:41','1974-02-26 08:37:53','1971-05-09 14:20:47'),
('628','628','unfriended','1992-06-12 22:14:38','2004-05-30 20:17:15','2012-01-19 17:22:18'),
('633','633','unfriended','1995-09-28 09:00:52','2004-03-05 02:47:07','2006-06-24 23:03:45'),
('634','634','unfriended','1992-06-10 10:27:14','1982-10-06 21:17:04','1996-07-06 11:22:37'),
('637','637','declined','1976-02-23 15:34:33','1971-03-22 23:30:48','2004-01-19 12:58:06'),
('639','639','unfriended','2007-10-22 19:13:43','2018-04-24 12:55:04','2013-02-16 19:06:33'),
('641','641','approved','1992-05-12 04:38:04','1982-09-11 11:37:17','1980-02-09 11:38:26'),
('643','643','requested','2006-02-25 15:24:19','2008-07-23 09:05:15','2008-01-24 09:08:44'),
('645','645','declined','2009-10-20 09:53:53','1998-06-18 15:27:52','1985-10-17 05:58:12'),
('646','646','unfriended','1988-11-08 00:21:34','2007-11-05 18:23:14','1989-04-01 13:27:30'),
('647','647','approved','1999-04-16 03:55:08','2019-09-05 02:13:30','1972-08-17 21:08:10'),
('650','650','declined','2001-09-26 20:18:37','2013-05-21 19:11:53','2006-02-21 06:05:06'),
('651','651','requested','1976-03-09 14:01:34','1997-08-02 14:53:54','2014-04-16 04:49:14'),
('653','653','unfriended','2004-06-15 19:09:18','1991-11-20 12:39:45','2003-06-21 01:25:55'),
('657','657','requested','1994-07-20 12:13:47','2006-10-07 06:18:14','1992-06-15 21:45:01'),
('658','658','approved','2017-07-28 06:26:53','1975-03-25 16:58:17','1977-12-20 09:17:37'),
('659','659','unfriended','1991-10-23 17:01:08','2004-06-05 07:29:10','1992-11-13 20:03:53'),
('666','666','unfriended','1994-10-10 10:21:36','1997-10-26 16:39:10','2002-11-25 01:40:47'),
('668','668','approved','2005-06-30 15:12:02','2019-10-10 04:23:14','1971-12-03 18:13:35'),
('669','669','unfriended','1976-06-22 23:00:28','2012-07-14 13:22:34','1979-10-01 15:35:20'),
('673','673','requested','2019-02-19 09:35:31','2011-05-17 06:37:16','1982-03-05 22:21:45'),
('677','677','approved','1970-08-27 19:44:33','1978-07-07 06:01:48','1996-05-12 01:01:32'),
('678','678','requested','2006-02-12 12:55:12','2015-01-30 21:08:24','1982-03-10 16:00:27'),
('679','679','unfriended','1992-01-08 06:01:03','2004-10-29 20:39:02','1975-12-26 01:14:35'),
('688','688','declined','1989-09-29 21:18:32','2001-02-18 05:02:40','2012-09-22 22:27:13'),
('689','689','unfriended','1991-07-25 09:42:16','1985-06-20 08:16:20','1985-10-04 11:01:53'),
('691','691','requested','1984-07-28 18:05:33','1982-11-07 05:58:44','2016-08-03 19:11:30'),
('694','694','requested','2000-08-03 05:02:55','2004-05-06 03:19:45','2006-11-27 02:34:28'),
('695','695','unfriended','2008-03-20 19:51:10','2007-03-20 09:21:51','1971-03-05 10:25:53'),
('696','696','requested','1986-06-26 16:09:35','1997-01-10 05:10:13','2015-09-09 04:21:34'),
('697','697','approved','1990-04-25 12:27:03','2016-05-02 11:40:46','1990-09-12 03:29:57'),
('698','698','declined','2005-06-17 22:40:19','1981-10-08 17:39:14','2011-12-17 20:13:12'),
('699','699','declined','2008-07-09 02:37:21','2010-03-29 08:07:59','1974-07-18 07:13:20'),
('700','700','unfriended','2011-09-26 15:51:41','1974-10-05 22:52:12','1992-04-07 04:36:24'),
('701','701','declined','1997-01-16 21:47:20','1982-12-11 18:07:13','1998-05-06 06:01:50'),
('703','703','approved','1982-05-24 18:36:29','1980-05-01 18:00:55','1994-04-25 18:31:38'),
('704','704','approved','1992-05-04 22:28:36','1982-01-16 05:29:08','1981-08-06 12:53:51'),
('706','706','approved','1985-04-11 16:29:30','1970-04-07 07:09:32','1998-03-04 17:44:28'),
('707','707','declined','2007-11-10 00:22:18','1986-12-30 20:17:46','1984-10-04 00:04:52'),
('709','709','unfriended','1986-03-28 14:26:42','1999-08-09 04:43:02','1999-09-24 04:09:13'),
('711','711','unfriended','1990-12-24 20:21:32','1970-08-07 09:28:06','1999-11-26 20:56:32'),
('713','713','approved','1996-10-19 18:00:13','2014-07-11 07:00:56','2001-08-28 19:40:11'),
('715','715','unfriended','2009-03-13 02:56:36','1991-09-01 18:13:42','2018-05-30 05:54:13'),
('717','717','requested','1980-06-26 17:21:47','1978-05-15 19:50:41','2005-04-16 21:39:23'),
('718','718','requested','2018-03-16 08:38:46','1982-03-02 08:04:51','2009-02-10 11:36:25'),
('721','721','requested','1991-02-12 18:29:37','2019-05-25 23:13:55','2002-03-16 06:14:43'),
('723','723','declined','1977-06-10 10:56:34','1990-03-13 12:17:29','1990-10-22 14:47:21'),
('725','725','requested','1988-04-11 17:09:50','2005-11-06 22:33:46','1993-06-20 14:12:58'),
('727','727','unfriended','2018-10-12 11:48:31','1970-05-23 11:58:18','1974-11-04 16:03:22'),
('729','729','unfriended','1973-07-13 13:54:13','2008-12-09 06:02:31','1997-06-21 16:18:27'),
('733','733','declined','1978-03-12 09:13:11','2012-02-19 02:22:40','2003-05-16 11:08:09'),
('737','737','requested','2018-12-12 04:39:57','2008-07-10 09:43:03','2013-04-14 10:10:07'),
('740','740','unfriended','2008-11-08 23:13:44','2002-10-29 13:02:05','1973-01-10 06:10:05'),
('741','741','declined','2015-05-19 11:47:59','2019-09-21 18:01:45','2009-11-20 06:01:45'),
('742','742','unfriended','2019-10-21 15:31:18','1986-01-19 11:08:41','1988-04-02 03:07:43'),
('744','744','unfriended','1999-10-23 05:56:01','2001-09-03 04:44:40','1983-01-27 15:09:37'),
('745','745','approved','1983-08-20 10:27:52','2012-10-23 19:33:21','1977-10-28 03:48:33'),
('747','747','declined','2008-01-27 20:24:29','1975-06-07 00:34:24','2017-09-11 22:56:59'),
('751','751','unfriended','1975-08-23 04:43:24','1988-05-19 23:13:39','1988-05-10 06:27:48'),
('752','752','approved','2008-10-26 14:50:02','1988-09-10 04:11:35','2006-03-01 03:07:47'),
('753','753','unfriended','2001-10-24 15:04:32','1976-09-19 20:40:50','2012-12-01 22:28:17'),
('754','754','unfriended','1979-04-03 00:55:20','2007-03-09 15:56:44','1985-08-27 13:46:26'),
('756','756','approved','2005-05-12 04:28:05','1977-11-04 08:29:02','1989-10-30 04:24:56'),
('757','757','requested','1970-09-17 05:34:20','1977-09-30 21:11:34','1984-03-09 21:51:49'),
('758','758','approved','1996-09-20 09:35:56','2019-04-24 11:56:25','1980-10-26 14:33:58'),
('759','759','approved','1974-05-15 03:33:37','2001-05-08 09:49:01','2002-11-18 21:02:14'),
('760','760','approved','2016-06-12 03:38:26','1989-01-17 04:41:58','2002-10-09 04:12:19'),
('761','761','unfriended','1997-09-15 05:48:03','2001-06-07 20:26:25','2017-08-03 18:16:56'),
('764','764','declined','1989-02-04 00:26:30','2014-06-13 14:58:00','1978-10-01 03:17:46'),
('765','765','requested','2008-11-25 15:00:38','2002-09-14 11:15:56','1970-09-30 17:10:21'),
('766','766','unfriended','1996-06-27 22:09:55','2008-10-27 02:44:23','1996-07-14 02:02:54'),
('768','768','declined','2012-06-30 13:17:14','1976-05-27 05:10:48','2014-04-09 23:03:22'),
('770','770','declined','2007-12-13 03:54:25','2016-05-13 10:14:09','2007-11-17 22:20:36'),
('771','771','approved','1982-08-01 04:56:05','2002-11-25 15:04:49','1991-11-09 23:29:22'),
('772','772','requested','1982-05-27 19:54:00','2011-07-05 17:29:42','1978-01-09 11:12:09'),
('773','773','approved','1988-04-13 12:49:50','1986-04-11 14:47:54','1977-10-21 11:04:23'),
('774','774','unfriended','2016-07-09 05:33:49','2017-01-01 01:45:24','1990-03-02 20:37:25'),
('778','778','approved','2010-02-02 00:30:54','2012-02-15 10:34:44','2010-06-13 13:52:53'),
('779','779','approved','1972-10-04 16:52:20','1992-12-20 02:18:59','2017-06-07 15:03:30'),
('780','780','declined','1980-04-10 03:39:53','1984-06-28 05:25:55','1995-07-28 01:55:34'),
('782','782','unfriended','1998-03-05 01:46:57','1985-05-05 06:59:56','1989-11-02 17:00:46'),
('783','783','requested','1975-08-12 13:38:32','1971-04-16 08:25:29','1997-09-24 06:20:03'),
('785','785','requested','1999-02-27 05:54:43','2012-05-13 09:59:37','1989-09-08 22:50:29'),
('787','787','declined','1993-02-06 21:23:49','2006-05-30 14:34:13','1977-01-01 15:44:39'),
('788','788','declined','2015-02-10 00:59:10','1983-01-25 23:16:55','2011-03-31 21:28:55'),
('791','791','approved','2012-10-31 03:24:42','2010-02-10 17:52:42','2009-06-04 02:11:27'),
('793','793','declined','1999-10-31 19:35:18','1978-01-31 06:50:46','1998-07-28 14:41:05'),
('794','794','requested','2020-02-17 10:46:36','2001-10-13 01:10:24','1995-06-21 11:44:23'),
('795','795','unfriended','2017-01-04 09:27:27','2018-11-15 07:41:26','1971-11-16 21:16:42'),
('796','796','unfriended','2006-01-28 01:17:38','1978-12-18 13:08:33','1993-08-13 14:24:13'),
('797','797','approved','1999-06-12 14:27:56','2004-02-05 18:46:57','1986-09-12 00:51:01'),
('798','798','unfriended','1996-08-04 22:01:08','1976-04-03 06:17:32','2018-10-11 00:39:47'),
('799','799','approved','1994-01-09 03:23:19','2009-10-21 06:20:02','2002-11-05 01:28:21'),
('802','802','requested','1986-12-31 01:17:28','1977-04-16 16:34:03','1984-07-31 18:36:24'),
('803','803','approved','2015-05-07 07:04:55','1990-10-25 11:48:36','1987-11-09 18:22:38'),
('806','806','approved','1996-12-07 22:34:46','2006-02-28 05:18:44','1988-05-20 10:40:36'),
('810','810','declined','1979-10-27 07:56:04','2005-10-23 23:22:18','1975-06-23 17:57:39'),
('811','811','approved','1996-01-29 14:10:03','1995-09-24 21:06:45','1974-04-02 01:19:55'),
('812','812','unfriended','1988-08-12 04:51:48','2002-04-04 07:57:50','2013-02-07 00:56:29'),
('813','813','requested','1987-01-23 18:09:50','1982-11-15 12:12:53','1987-02-24 12:39:18'),
('816','816','declined','1983-12-12 13:58:08','2002-09-05 21:58:59','1975-01-20 14:20:10'),
('817','817','requested','1979-12-31 01:03:01','1981-05-21 03:42:15','1985-05-16 02:13:10'),
('818','818','declined','1987-08-12 08:52:06','2012-09-15 02:45:24','1994-05-23 09:57:51'),
('820','820','declined','2001-12-20 03:45:44','2017-08-25 09:53:34','2013-02-05 04:34:40'),
('824','824','declined','2010-04-12 21:12:15','2001-04-13 14:28:34','1973-04-10 23:01:05'),
('826','826','approved','1982-07-30 08:47:54','2008-10-25 05:47:17','2000-09-09 20:15:45'),
('827','827','requested','1993-04-05 05:29:54','2009-09-30 19:42:22','1977-08-17 23:35:24'),
('828','828','declined','2013-08-27 07:36:23','1998-04-16 06:48:10','2016-01-31 06:36:42'),
('829','829','declined','2009-04-04 03:44:52','1982-04-23 13:15:59','1972-04-24 13:48:23'),
('830','830','unfriended','1997-01-22 01:33:23','1970-09-27 10:39:32','1982-12-29 23:35:04'),
('831','831','approved','1996-05-25 17:23:41','2012-11-18 00:30:58','2005-08-13 08:58:26'),
('834','834','declined','2012-11-15 13:05:01','2018-05-20 14:22:29','1992-05-12 05:38:24'),
('835','835','approved','2004-05-28 15:29:01','2007-03-13 07:16:41','2018-01-30 12:10:29'),
('837','837','unfriended','1993-03-30 16:06:25','1979-09-01 12:09:48','1970-10-24 03:04:02'),
('838','838','approved','2013-08-13 14:21:06','2009-12-19 22:32:48','2005-02-18 20:21:57'),
('839','839','requested','1979-08-10 06:20:36','1999-02-06 22:33:03','1980-12-21 03:51:32'),
('845','845','unfriended','2004-07-14 22:16:25','2018-10-08 14:23:54','1974-05-12 14:35:57'),
('846','846','unfriended','1973-04-06 08:54:18','1984-01-20 18:52:01','1997-07-05 13:13:20'),
('847','847','approved','2008-11-12 14:59:13','2000-04-28 22:25:10','1988-08-09 08:57:39'),
('848','848','unfriended','1997-04-10 14:58:34','2019-03-17 09:55:39','1989-02-02 02:14:57'),
('854','854','unfriended','1979-05-30 16:15:43','1974-12-18 03:37:26','2005-07-11 13:56:05'),
('856','856','unfriended','1999-06-06 03:42:56','1970-11-17 06:41:12','2001-09-20 14:51:58'),
('857','857','declined','1980-02-24 01:40:29','1992-10-17 17:20:53','1995-05-21 01:55:25'),
('858','858','declined','2001-12-11 14:58:22','1972-09-25 16:23:20','2019-07-14 09:19:06'),
('859','859','unfriended','1971-11-14 10:17:56','2019-11-11 12:41:50','1977-02-14 06:54:40'),
('860','860','requested','1998-07-05 01:43:42','2011-12-24 17:41:45','1994-01-05 12:06:36'),
('861','861','approved','2005-08-01 12:47:07','1983-12-19 23:51:35','1992-03-25 22:05:49'),
('862','862','declined','1993-04-15 10:23:51','2000-01-02 01:17:34','1999-11-06 06:05:37'),
('863','863','unfriended','1986-01-10 16:44:30','2003-07-29 19:23:33','2013-04-21 03:12:36'),
('865','865','requested','2018-06-11 06:24:28','2014-03-09 09:12:35','2018-06-20 17:56:48'),
('872','872','approved','1988-12-29 11:53:51','1988-04-17 15:06:47','1993-10-06 02:41:42'),
('873','873','requested','1983-04-17 16:59:54','1991-08-10 22:19:45','1997-07-12 14:29:55'),
('874','874','requested','1984-04-11 01:20:24','1975-04-28 18:41:27','1978-07-25 17:09:01'),
('875','875','approved','1991-09-10 20:17:06','2018-12-01 08:55:22','2010-05-09 14:57:23'),
('876','876','requested','2001-10-31 20:01:11','1984-09-26 20:21:16','2002-05-14 06:14:59'),
('877','877','declined','1974-09-30 09:56:35','1995-03-23 03:55:32','1992-09-26 03:42:31'),
('880','880','requested','1990-06-27 02:09:05','1990-04-08 13:25:26','2017-06-13 02:34:41'); 


DROP TABLE IF EXISTS `likes`;
CREATE TABLE `likes` (
  `id` bigint(20) unsigned NOT NULL AUTO_INCREMENT,
  `user_id` bigint(20) unsigned NOT NULL,
  `media_id` bigint(20) unsigned NOT NULL,
  `created_at` datetime DEFAULT current_timestamp(),
  PRIMARY KEY (`id`),
  KEY `user_id` (`user_id`),
  KEY `media_id` (`media_id`),
  CONSTRAINT `likes_ibfk_1` FOREIGN KEY (`user_id`) REFERENCES `users` (`id`),
  CONSTRAINT `likes_ibfk_2` FOREIGN KEY (`media_id`) REFERENCES `media` (`id`)
) ENGINE=InnoDB AUTO_INCREMENT=501 DEFAULT CHARSET=utf8 COLLATE=utf8_unicode_ci;

INSERT INTO `likes` VALUES ('1','501','1','1983-06-02 06:36:52'),
('2','502','2','1997-10-26 07:32:52'),
('3','503','3','2018-04-05 12:09:21'),
('4','504','4','1972-05-31 02:13:02'),
('5','505','5','2019-04-07 23:30:59'),
('6','506','6','2006-01-22 19:34:01'),
('7','507','7','2010-08-20 05:57:14'),
('8','508','8','1989-07-19 20:39:12'),
('9','509','9','1993-06-29 03:37:51'),
('10','510','10','1972-06-14 01:14:37'),
('11','512','11','1989-08-08 03:45:52'),
('12','515','12','2012-08-14 11:57:48'),
('13','520','13','1990-01-30 02:14:19'),
('14','521','14','1994-07-18 04:50:07'),
('15','523','15','1973-01-17 04:07:28'),
('16','525','16','2003-08-10 22:18:37'),
('17','528','17','1975-08-28 20:11:01'),
('18','529','18','1971-07-07 19:21:47'),
('19','535','19','1981-02-08 10:35:57'),
('20','538','20','1998-02-05 14:37:29'),
('21','539','21','2007-10-11 21:49:56'),
('22','540','22','1999-03-11 22:44:50'),
('23','542','23','1987-08-05 21:09:22'),
('24','543','24','2000-01-10 10:27:34'),
('25','544','25','1973-10-14 11:57:45'),
('26','545','26','1998-12-04 12:48:35'),
('27','546','27','1995-10-18 02:20:33'),
('28','547','28','1979-08-30 02:29:07'),
('29','548','29','1987-11-25 06:21:30'),
('30','549','30','1983-03-20 02:02:15'),
('31','550','31','1974-09-25 14:04:38'),
('32','551','32','1973-06-19 05:53:14'),
('33','553','33','1987-03-27 21:51:09'),
('34','554','34','1979-07-17 19:54:56'),
('35','555','35','1987-12-27 22:38:23'),
('36','558','36','2020-01-01 11:37:55'),
('37','559','37','1987-02-25 01:14:05'),
('38','561','38','1995-11-27 06:29:05'),
('39','563','39','1991-08-01 22:44:05'),
('40','567','40','2003-10-22 23:59:41'),
('41','571','41','1981-05-05 11:44:19'),
('42','573','42','1989-11-21 06:37:11'),
('43','574','43','1991-04-01 12:22:13'),
('44','575','44','1979-09-28 03:01:26'),
('45','579','45','1987-11-20 08:51:01'),
('46','580','46','2014-12-15 23:28:55'),
('47','581','47','1975-03-25 01:18:18'),
('48','583','48','1983-08-28 06:29:02'),
('49','585','49','1999-03-31 15:15:27'),
('50','587','50','1973-08-04 16:35:51'),
('51','590','51','1978-10-03 08:30:52'),
('52','594','52','1997-06-18 07:22:45'),
('53','601','53','1974-03-01 19:42:46'),
('54','603','54','1989-09-15 17:06:57'),
('55','605','55','1997-10-19 09:18:33'),
('56','607','56','2009-10-26 06:45:27'),
('57','608','57','2019-12-29 10:25:49'),
('58','609','58','1977-01-20 12:16:52'),
('59','613','59','2008-02-02 12:33:59'),
('60','618','60','1983-11-07 21:48:49'),
('61','619','61','1984-05-27 09:05:08'),
('62','620','62','2014-01-23 18:18:34'),
('63','621','63','1972-11-10 15:47:05'),
('64','625','64','1997-03-03 13:48:17'),
('65','628','65','2008-08-10 11:20:58'),
('66','633','66','2005-08-06 19:39:10'),
('67','634','67','2019-05-20 18:46:26'),
('68','637','68','1993-07-17 04:19:34'),
('69','639','69','1977-06-27 15:39:26'),
('70','641','70','2017-06-30 11:20:27'),
('71','643','71','2001-02-22 13:50:05'),
('72','645','72','2001-07-06 06:28:25'),
('73','646','73','1991-12-06 01:06:49'),
('74','647','74','1974-05-19 13:09:13'),
('75','650','75','2003-03-19 05:47:25'),
('76','651','76','2010-03-05 06:26:11'),
('77','653','77','1994-08-26 10:37:24'),
('78','657','78','1996-11-02 13:04:48'),
('79','658','79','2001-03-18 06:39:29'),
('80','659','80','1979-11-09 18:47:33'),
('81','666','81','1976-12-26 19:45:18'),
('82','668','82','2016-03-01 12:04:11'),
('83','669','83','2017-05-28 18:20:27'),
('84','673','84','1988-10-31 16:53:42'),
('85','677','85','1974-10-08 17:14:10'),
('86','678','86','1978-01-13 06:26:43'),
('87','679','87','1991-03-11 13:46:04'),
('88','688','88','2019-05-23 20:12:35'),
('89','689','89','2001-02-08 09:32:34'),
('90','691','90','2010-01-23 14:08:30'),
('91','694','91','1982-10-27 06:33:38'),
('92','695','92','1979-07-04 06:51:12'),
('93','696','93','1993-04-16 12:46:59'),
('94','697','94','2013-02-12 10:05:18'),
('95','698','95','1998-03-18 15:14:54'),
('96','699','96','2015-04-13 00:48:29'),
('97','700','97','1987-03-16 14:36:11'),
('98','701','98','2007-11-11 22:45:06'),
('99','703','99','1999-04-06 06:09:24'),
('100','704','100','2013-06-11 23:31:55'),
('101','706','101','1977-07-11 19:49:21'),
('102','707','102','1988-03-28 10:49:56'),
('103','709','103','2007-07-26 20:49:41'),
('104','711','104','1989-01-22 21:31:45'),
('105','713','105','1981-09-10 14:52:02'),
('106','715','106','1987-03-09 15:00:55'),
('107','717','107','2008-06-17 09:06:13'),
('108','718','108','1974-02-01 03:46:57'),
('109','721','109','2015-10-04 20:30:35'),
('110','723','110','1975-10-11 09:31:17'),
('111','725','111','1976-03-23 20:23:44'),
('112','727','112','1991-09-17 03:48:14'),
('113','729','113','1987-10-21 20:54:44'),
('114','733','114','2018-11-03 01:09:03'),
('115','737','115','2019-09-19 05:12:15'),
('116','740','116','1988-03-07 20:37:55'),
('117','741','117','2015-11-30 08:31:19'),
('118','742','118','2008-11-08 06:08:59'),
('119','744','119','1980-11-05 11:13:42'),
('120','745','120','2004-08-28 20:20:08'),
('121','747','121','1993-01-11 23:42:57'),
('122','751','122','1976-06-03 10:19:51'),
('123','752','123','1990-07-14 04:07:51'),
('124','753','124','1972-08-26 02:55:37'),
('125','754','125','1979-10-15 02:44:42'),
('126','756','126','1978-11-09 15:09:26'),
('127','757','127','1995-03-08 17:18:42'),
('128','758','128','2014-04-10 04:55:12'),
('129','759','129','1997-08-24 02:53:27'),
('130','760','130','1992-11-28 13:00:20'),
('131','761','131','1997-05-08 17:05:45'),
('132','764','132','2020-03-27 02:15:50'),
('133','765','133','1979-11-06 07:48:35'),
('134','766','134','2019-08-28 21:47:31'),
('135','768','135','2011-11-02 04:06:45'),
('136','770','136','2008-11-11 15:42:23'),
('137','771','137','1978-01-19 00:12:44'),
('138','772','138','1972-02-19 11:27:44'),
('139','773','139','1981-02-01 00:34:32'),
('140','774','140','1978-01-12 11:14:21'),
('141','778','141','1991-09-28 20:31:16'),
('142','779','142','1983-10-22 09:09:28'),
('143','780','143','2012-05-30 15:57:07'),
('144','782','144','1983-11-26 10:11:22'),
('145','783','145','1977-01-25 15:06:37'),
('146','785','146','2018-07-21 02:14:00'),
('147','787','147','2012-08-29 16:58:51'),
('148','788','148','2018-12-14 23:52:41'),
('149','791','149','2003-09-16 21:10:46'),
('150','793','150','2005-11-13 19:57:04'),
('151','794','151','2003-11-04 06:34:50'),
('152','795','152','2002-05-25 22:49:04'),
('153','796','153','2001-03-06 12:24:16'),
('154','797','154','2015-10-20 11:39:36'),
('155','798','155','1983-01-18 12:26:01'),
('156','799','156','2014-07-11 17:45:19'),
('157','802','157','1984-04-20 13:40:27'),
('158','803','158','1971-01-25 21:49:15'),
('159','806','159','1975-02-15 23:20:50'),
('160','810','160','1973-03-14 03:46:23'),
('161','811','161','1995-08-22 19:27:09'),
('162','812','162','2017-09-10 03:04:26'),
('163','813','163','1996-02-09 11:07:36'),
('164','816','164','2012-01-08 12:20:50'),
('165','817','165','1978-11-25 21:00:44'),
('166','818','166','1976-01-15 21:45:00'),
('167','820','167','2009-10-18 16:39:59'),
('168','824','168','1989-11-17 18:38:50'),
('169','826','169','2015-03-07 03:42:05'),
('170','827','170','1999-08-22 12:56:32'),
('171','828','171','1983-11-11 20:00:35'),
('172','829','172','2019-07-27 02:14:22'),
('173','830','173','2006-05-29 08:55:54'),
('174','831','174','2002-06-18 00:13:46'),
('175','834','175','1975-10-01 03:07:32'),
('176','835','176','1999-11-25 04:46:25'),
('177','837','177','1994-01-18 00:39:42'),
('178','838','178','1987-05-15 16:11:54'),
('179','839','179','2007-08-13 17:13:32'),
('180','845','180','1983-12-11 07:48:45'),
('181','846','181','2011-03-31 12:06:40'),
('182','847','182','1986-03-26 21:03:00'),
('183','848','183','2008-03-13 17:30:11'),
('184','854','184','1972-08-27 11:48:06'),
('185','856','185','1998-09-25 03:59:09'),
('186','857','186','2013-10-20 10:19:58'),
('187','858','187','1978-10-28 01:14:38'),
('188','859','188','1986-07-28 10:29:28'),
('189','860','189','1993-03-13 16:22:23'),
('190','861','190','2018-01-07 08:52:11'),
('191','862','191','1983-11-06 03:41:14'),
('192','863','192','1985-11-04 20:53:22'),
('193','865','193','1970-10-31 20:07:18'),
('194','872','194','1976-11-22 14:29:36'),
('195','873','195','1980-06-27 16:33:38'),
('196','874','196','2013-12-22 18:02:50'),
('197','875','197','1989-04-29 11:25:13'),
('198','876','198','1997-04-28 05:37:20'),
('199','877','199','1981-03-15 13:40:06'),
('200','880','200','2000-05-24 09:39:08'),
('201','881','201','2003-08-25 13:56:33'),
('202','882','202','1986-10-10 07:02:46'),
('203','883','203','1993-07-01 09:56:50'),
('204','884','204','1977-03-29 21:28:39'),
('205','885','205','2002-01-25 23:10:43'),
('206','886','206','2010-09-04 08:44:44'),
('207','887','207','2016-06-04 07:17:26'),
('208','888','208','1973-03-11 23:49:06'),
('209','889','209','1974-01-09 16:53:08'),
('210','890','210','1974-02-06 11:16:52'),
('211','891','211','1973-10-29 13:14:15'),
('212','892','212','1999-01-06 05:32:15'),
('213','895','213','1994-11-05 08:25:15'),
('214','902','214','1987-06-01 21:53:34'),
('215','907','215','1984-06-07 02:54:27'),
('216','908','216','2012-03-22 18:33:08'),
('217','911','217','1997-02-01 08:36:20'),
('218','914','218','1972-06-02 00:45:51'),
('219','917','219','1981-03-24 21:56:06'),
('220','918','220','2001-10-22 03:31:52'),
('221','919','221','2004-10-26 08:11:13'),
('222','921','222','1990-07-30 16:40:09'),
('223','923','223','2011-08-06 21:36:49'),
('224','924','224','1975-09-18 18:11:02'),
('225','925','225','1992-07-27 10:35:35'),
('226','927','226','1999-09-19 15:08:34'),
('227','928','227','2004-01-16 10:06:38'),
('228','930','228','2011-03-13 23:10:24'),
('229','934','229','1970-12-03 07:02:25'),
('230','936','230','2002-12-11 08:27:41'),
('231','937','231','1992-06-22 04:06:45'),
('232','938','232','2014-12-11 04:43:25'),
('233','942','233','2001-08-13 12:48:57'),
('234','943','234','2000-05-17 04:57:38'),
('235','944','235','1988-08-16 13:01:02'),
('236','945','236','2007-09-03 13:41:21'),
('237','948','237','2014-04-02 22:57:07'),
('238','950','238','1978-07-23 15:37:07'),
('239','951','239','2012-02-23 23:09:38'),
('240','952','240','1988-04-24 06:44:11'),
('241','953','241','1970-11-06 04:49:02'),
('242','954','242','1993-04-21 18:00:54'),
('243','955','243','1999-05-26 20:11:30'),
('244','956','244','2004-01-26 13:00:33'),
('245','959','245','1983-10-22 11:58:52'),
('246','960','246','1992-06-14 12:08:40'),
('247','961','247','1997-10-28 00:56:27'),
('248','962','248','1973-02-16 00:39:55'),
('249','963','249','2015-05-19 08:39:34'),
('250','965','250','1979-07-11 02:08:24'),
('251','966','251','1991-11-05 08:34:12'),
('252','967','252','1970-07-10 23:40:03'),
('253','969','253','2003-06-16 13:32:01'),
('254','970','254','2010-10-16 04:19:19'),
('255','971','255','1989-10-22 14:56:06'),
('256','973','256','1991-06-29 11:10:05'),
('257','974','257','2020-02-03 00:21:30'),
('258','975','258','2009-12-17 19:33:57'),
('259','976','259','1987-11-01 22:14:02'),
('260','980','260','2018-04-22 01:09:20'),
('261','981','261','1989-11-14 06:35:13'),
('262','982','262','1978-04-26 14:51:28'),
('263','983','263','2012-02-04 06:46:14'),
('264','986','264','1971-01-13 11:49:28'),
('265','987','265','1991-10-30 14:24:58'),
('266','989','266','1996-01-04 01:39:12'),
('267','993','267','1972-11-02 10:26:27'),
('268','994','268','1995-05-09 05:27:54'),
('269','995','269','1994-07-18 05:33:26'),
('270','997','270','1987-10-29 08:29:12'),
('271','999','271','1998-12-23 23:42:16'),
('272','501','272','1998-03-27 22:27:07'),
('273','502','273','2012-04-16 05:40:56'),
('274','503','274','1995-07-16 16:40:31'),
('275','504','275','1977-09-16 12:54:33'),
('276','505','276','2010-03-19 10:52:57'),
('277','506','277','1977-07-11 17:47:17'),
('278','507','278','1996-12-15 13:27:58'),
('279','508','279','2019-10-24 05:23:19'),
('280','509','280','1972-09-26 13:00:03'),
('281','510','281','2017-03-19 05:25:32'),
('282','512','282','1972-10-16 03:04:39'),
('283','515','283','1997-05-22 03:59:15'),
('284','520','284','1987-06-28 21:55:06'),
('285','521','285','2010-09-17 09:36:27'),
('286','523','286','1978-09-24 10:46:31'),
('287','525','287','1971-12-29 10:22:10'),
('288','528','288','1988-07-13 02:11:54'),
('289','529','289','1992-07-30 15:13:53'),
('290','535','290','1977-10-24 02:47:25'),
('291','538','291','2006-10-10 22:25:49'),
('292','539','292','1978-04-20 22:25:34'),
('293','540','293','1973-02-19 04:00:08'),
('294','542','294','2004-09-24 19:07:11'),
('295','543','295','2011-10-18 15:07:11'),
('296','544','296','2001-01-14 06:46:22'),
('297','545','297','1973-05-18 05:16:26'),
('298','546','298','2009-12-23 15:18:15'),
('299','547','299','2005-02-06 13:55:03'),
('300','548','300','1987-06-20 03:28:23'),
('301','549','301','1979-12-20 16:39:07'),
('302','550','302','1984-10-30 16:26:18'),
('303','551','303','1982-04-17 07:50:45'),
('304','553','304','1992-10-25 12:25:40'),
('305','554','305','1995-11-13 20:49:05'),
('306','555','306','2003-06-16 11:37:20'),
('307','558','307','2019-06-17 08:07:39'),
('308','559','308','2010-10-28 02:29:11'),
('309','561','309','1978-03-17 17:50:22'),
('310','563','310','2016-01-15 02:39:20'),
('311','567','311','2000-06-24 04:04:11'),
('312','571','312','2000-09-17 02:40:57'),
('313','573','313','1995-10-31 01:34:56'),
('314','574','314','1991-09-24 16:24:21'),
('315','575','315','2008-10-23 08:42:18'),
('316','579','316','2006-12-29 05:30:55'),
('317','580','317','2005-11-12 03:08:07'),
('318','581','318','2001-08-19 05:05:27'),
('319','583','319','2012-04-03 12:20:49'),
('320','585','320','1982-01-16 16:19:12'),
('321','587','321','1980-12-17 21:07:24'),
('322','590','322','2005-06-23 03:16:25'),
('323','594','323','1999-07-12 17:00:50'),
('324','601','324','1988-05-16 16:15:12'),
('325','603','325','1993-07-07 23:34:36'),
('326','605','326','2016-07-07 06:00:03'),
('327','607','327','1996-05-23 23:58:41'),
('328','608','328','2004-06-23 18:19:02'),
('329','609','329','2003-11-07 14:47:50'),
('330','613','330','2002-04-18 23:39:57'),
('331','618','331','1988-03-30 11:30:43'),
('332','619','332','1979-03-24 00:03:32'),
('333','620','333','1972-02-25 06:05:48'),
('334','621','334','1976-06-13 15:42:03'),
('335','625','335','2016-08-26 08:26:47'),
('336','628','336','2016-04-01 12:29:33'),
('337','633','337','1970-08-26 21:52:44'),
('338','634','338','1978-06-22 06:14:24'),
('339','637','339','1984-06-18 17:18:33'),
('340','639','340','2013-01-08 11:55:49'),
('341','641','341','1984-03-08 13:41:26'),
('342','643','342','1979-02-26 15:47:56'),
('343','645','343','2011-12-17 17:58:21'),
('344','646','344','2003-10-08 22:31:35'),
('345','647','345','2000-08-19 23:49:39'),
('346','650','346','1987-09-28 09:23:45'),
('347','651','347','1994-05-11 12:27:06'),
('348','653','348','1985-07-25 03:43:59'),
('349','657','349','2012-06-23 21:27:33'),
('350','658','350','1974-07-12 03:17:17'),
('351','659','351','1977-04-11 19:44:46'),
('352','666','352','1976-07-08 00:28:49'),
('353','668','353','2014-11-02 19:54:31'),
('354','669','354','1976-10-11 23:34:54'),
('355','673','355','2001-01-07 14:08:27'),
('356','677','356','1976-07-25 02:35:21'),
('357','678','357','1977-04-30 17:38:40'),
('358','679','358','2010-01-25 13:25:47'),
('359','688','359','1998-12-08 01:02:30'),
('360','689','360','1977-10-13 15:55:50'),
('361','691','361','1979-12-09 08:12:05'),
('362','694','362','1972-06-21 06:08:09'),
('363','695','363','1985-07-06 09:48:20'),
('364','696','364','2015-07-05 06:38:24'),
('365','697','365','2003-09-08 16:05:52'),
('366','698','366','1990-01-24 18:32:35'),
('367','699','367','1987-05-27 17:31:08'),
('368','700','368','2016-07-05 02:30:21'),
('369','701','369','2011-08-10 00:33:27'),
('370','703','370','1979-06-16 14:25:27'),
('371','704','371','2007-12-08 03:59:41'),
('372','706','372','2019-06-29 18:28:01'),
('373','707','373','1998-12-18 05:19:28'),
('374','709','374','1993-06-04 02:13:04'),
('375','711','375','2007-02-24 01:40:45'),
('376','713','376','1987-07-11 19:41:08'),
('377','715','377','2007-02-04 14:03:38'),
('378','717','378','1984-02-14 15:11:42'),
('379','718','379','2006-03-27 07:32:40'),
('380','721','380','1984-08-21 07:34:45'),
('381','723','381','1974-01-14 18:11:57'),
('382','725','382','1999-09-06 22:23:58'),
('383','727','383','1977-05-29 14:50:34'),
('384','729','384','2005-06-03 13:21:06'),
('385','733','385','1994-05-07 12:11:58'),
('386','737','386','1989-04-29 05:30:32'),
('387','740','387','1980-03-04 11:02:14'),
('388','741','388','2006-03-07 09:59:03'),
('389','742','389','1987-01-19 16:31:58'),
('390','744','390','1991-05-31 22:53:59'),
('391','745','391','1988-09-01 17:06:44'),
('392','747','392','1998-10-07 22:21:52'),
('393','751','393','1970-02-03 13:41:41'),
('394','752','394','1995-06-13 02:24:14'),
('395','753','395','1977-09-18 04:06:07'),
('396','754','396','1988-04-27 00:50:08'),
('397','756','397','1992-02-25 06:19:22'),
('398','757','398','1975-09-01 19:13:29'),
('399','758','399','2003-06-25 10:42:14'),
('400','759','400','2000-11-28 14:34:55'),
('401','760','1','1994-07-23 02:10:54'),
('402','761','2','1985-03-26 05:39:42'),
('403','764','3','1982-12-06 18:29:52'),
('404','765','4','2006-05-25 01:35:27'),
('405','766','5','2003-03-26 14:04:17'),
('406','768','6','2015-03-20 03:55:24'),
('407','770','7','2011-02-07 22:15:14'),
('408','771','8','1972-05-26 22:50:31'),
('409','772','9','1976-12-19 06:49:33'),
('410','773','10','2015-09-15 00:24:31'),
('411','774','11','2013-05-05 03:55:48'),
('412','778','12','1995-06-26 18:14:17'),
('413','779','13','1972-12-06 01:08:41'),
('414','780','14','1970-03-07 12:27:27'),
('415','782','15','2000-03-09 17:51:48'),
('416','783','16','1986-07-24 15:37:58'),
('417','785','17','1974-07-27 23:23:19'),
('418','787','18','2009-04-13 14:53:28'),
('419','788','19','1979-09-16 03:03:19'),
('420','791','20','2007-11-16 21:53:22'),
('421','793','21','1993-01-28 19:22:28'),
('422','794','22','1971-04-01 17:26:49'),
('423','795','23','2007-11-27 06:14:14'),
('424','796','24','1983-02-26 10:46:05'),
('425','797','25','2010-11-15 21:55:28'),
('426','798','26','2014-06-19 21:34:52'),
('427','799','27','1972-02-21 21:04:50'),
('428','802','28','2014-10-16 19:03:09'),
('429','803','29','2007-11-23 15:10:35'),
('430','806','30','1996-09-15 12:39:23'),
('431','810','31','1983-08-10 15:28:29'),
('432','811','32','2014-12-14 02:46:08'),
('433','812','33','2016-02-14 16:07:20'),
('434','813','34','2019-07-11 01:06:38'),
('435','816','35','1976-07-01 03:51:35'),
('436','817','36','2015-03-21 22:01:08'),
('437','818','37','1988-02-27 23:08:03'),
('438','820','38','1986-10-11 00:25:46'),
('439','824','39','1994-08-15 18:49:58'),
('440','826','40','2014-04-05 22:27:38'),
('441','827','41','1988-04-02 05:39:56'),
('442','828','42','1977-02-08 07:32:05'),
('443','829','43','1985-02-12 02:13:55'),
('444','830','44','1998-07-22 20:02:56'),
('445','831','45','1982-12-28 11:02:40'),
('446','834','46','1993-05-02 13:08:04'),
('447','835','47','2008-07-01 15:14:00'),
('448','837','48','1979-03-14 17:31:02'),
('449','838','49','1993-02-01 02:51:38'),
('450','839','50','1995-12-12 10:07:32'),
('451','845','51','1981-10-14 18:05:45'),
('452','846','52','2005-10-13 15:36:55'),
('453','847','53','2011-05-07 05:05:53'),
('454','848','54','1998-02-16 00:34:41'),
('455','854','55','2005-09-27 21:59:47'),
('456','856','56','1970-11-28 05:46:17'),
('457','857','57','1991-11-12 08:27:53'),
('458','858','58','1987-12-11 04:50:16'),
('459','859','59','1991-03-31 01:50:12'),
('460','860','60','2007-01-29 12:40:50'),
('461','861','61','1997-03-03 07:39:23'),
('462','862','62','1991-09-16 05:52:01'),
('463','863','63','1990-06-12 14:44:38'),
('464','865','64','2011-08-28 22:06:26'),
('465','872','65','2007-10-25 20:37:20'),
('466','873','66','2014-12-31 10:55:39'),
('467','874','67','1980-12-29 02:11:10'),
('468','875','68','2007-12-21 00:22:29'),
('469','876','69','1994-12-17 21:20:33'),
('470','877','70','2017-01-07 23:27:07'),
('471','880','71','2017-01-23 06:09:54'),
('472','881','72','2012-04-15 04:00:50'),
('473','882','73','2007-03-23 01:24:18'),
('474','883','74','2000-08-13 12:51:38'),
('475','884','75','1992-10-13 15:28:39'),
('476','885','76','1977-07-09 15:22:02'),
('477','886','77','1996-04-21 05:22:11'),
('478','887','78','1983-06-25 11:47:59'),
('479','888','79','1970-02-01 19:22:25'),
('480','889','80','1976-09-03 09:37:49'),
('481','890','81','2001-07-06 12:56:48'),
('482','891','82','2013-02-04 21:44:08'),
('483','892','83','2003-07-27 15:11:45'),
('484','895','84','2002-04-19 19:03:36'),
('485','902','85','2013-10-06 13:48:07'),
('486','907','86','1981-08-05 03:32:23'),
('487','908','87','1993-11-13 02:34:59'),
('488','911','88','1975-08-28 03:53:40'),
('489','914','89','2015-11-19 11:33:38'),
('490','917','90','1987-08-30 22:49:53'),
('491','918','91','2006-08-28 05:23:35'),
('492','919','92','2010-08-14 11:01:00'),
('493','921','93','1989-08-11 05:20:18'),
('494','923','94','1970-12-01 07:53:23'),
('495','924','95','2003-12-25 18:09:28'),
('496','925','96','2018-08-26 21:45:08'),
('497','927','97','2020-02-04 03:50:54'),
('498','928','98','1997-07-21 22:18:13'),
('499','930','99','2008-03-10 20:32:52'),
('500','934','100','2004-07-11 04:39:00'); 


DROP TABLE IF EXISTS `media`;
CREATE TABLE `media` (
  `id` bigint(20) unsigned NOT NULL AUTO_INCREMENT,
  `media_type_id` bigint(20) unsigned NOT NULL,
  `user_id` bigint(20) unsigned NOT NULL,
  `body` text COLLATE utf8_unicode_ci DEFAULT NULL,
  `filename` varchar(255) COLLATE utf8_unicode_ci DEFAULT NULL,
  `size` int(11) DEFAULT NULL,
  `metadata` longtext CHARACTER SET utf8mb4 COLLATE utf8mb4_bin DEFAULT NULL,
  `created_at` datetime DEFAULT current_timestamp(),
  `updated_at` datetime DEFAULT current_timestamp() ON UPDATE current_timestamp(),
  PRIMARY KEY (`id`),
  KEY `user_id` (`user_id`),
  KEY `media_type_id` (`media_type_id`),
  CONSTRAINT `media_ibfk_1` FOREIGN KEY (`user_id`) REFERENCES `users` (`id`),
  CONSTRAINT `media_ibfk_2` FOREIGN KEY (`media_type_id`) REFERENCES `media_types` (`id`)
) ENGINE=InnoDB AUTO_INCREMENT=401 DEFAULT CHARSET=utf8 COLLATE=utf8_unicode_ci;

INSERT INTO `media` VALUES ('1','1','501','Quis similique aperiam tenetur harum optio sed. Perspiciatis velit maiores hic quidem. Omnis ut aut quia. Quis sed et aliquam non.','expedita','5',NULL,'2013-01-13 23:18:29','2014-03-17 23:33:22'),
('2','2','502','Non esse est alias numquam corporis. Illo mollitia placeat aspernatur sunt temporibus quos sit quia. Esse dolorem adipisci maiores provident.','quis','370852',NULL,'1990-10-26 10:40:40','1981-06-03 15:58:06'),
('3','3','503','Officia harum est eos doloremque. Voluptatem consectetur quis et harum amet magni. Qui voluptas sit repellendus iure.','eveniet','86',NULL,'1980-06-30 12:41:07','1989-04-19 17:26:16'),
('4','4','504','Consequuntur ex veniam aut veritatis. Blanditiis at aut recusandae commodi nostrum deleniti exercitationem architecto. Illo deserunt quasi illo ea et voluptatem quo. Quia odio ut neque aspernatur maxime et. Natus ad consequatur id deleniti et quod et voluptates.','dolorum','0',NULL,'1987-03-06 09:29:00','2008-11-28 11:49:51'),
('5','5','505','Non doloribus maiores molestias ducimus eos voluptatum. Error est doloribus voluptatum est voluptatibus dolore. Architecto corrupti temporibus repudiandae aut officia. Sit ex inventore commodi.','ea','0',NULL,'1990-11-24 14:02:25','2006-06-05 19:32:31'),
('6','1','506','Eveniet rerum hic asperiores harum omnis. Neque quaerat autem qui placeat et omnis facilis. Consequatur alias qui voluptates error consequatur qui. Non optio amet in adipisci dolore dolorem dolorum.','quia','28845',NULL,'1980-11-19 21:45:09','2009-06-15 22:39:41'),
('7','2','507','Eum eum non asperiores et vel cumque facilis libero. Doloremque deserunt magnam sunt iste sequi provident fuga. Expedita at sit labore iste porro doloremque laudantium. Sint perferendis facere impedit quas omnis eveniet.','beatae','532',NULL,'1988-11-18 10:20:47','2014-03-24 04:49:43'),
('8','3','508','Quia totam sit voluptate rerum assumenda asperiores vel. Sint ut molestiae et recusandae dolores nobis nobis. Dignissimos ipsum accusantium sit qui dolorum reiciendis. Est et laudantium quasi reiciendis.','aliquam','6',NULL,'1983-11-17 22:49:23','1986-01-21 16:26:22'),
('9','4','509','Excepturi sapiente adipisci ex rerum rerum. Qui est ut consequatur minima impedit nam exercitationem. Aut ut consequatur quo occaecati repellendus vero. Consequatur quo quia in iste cupiditate illum.','aspernatur','361565506',NULL,'2006-01-12 17:38:17','2007-09-22 03:04:59'),
('10','5','510','Porro qui molestias delectus pariatur omnis atque ducimus. Explicabo dolores est nihil cumque error. Et blanditiis laboriosam adipisci.','numquam','0',NULL,'1995-11-26 17:43:34','1973-01-14 02:28:11'),
('11','1','512','Qui odit aut non dolorem. Quasi tempora et sunt sunt rerum ut aperiam. Ut recusandae voluptatem dolore.','sit','6730',NULL,'1990-06-20 21:02:07','1989-11-13 17:37:59'),
('12','2','515','Omnis voluptas est incidunt pariatur facere sapiente tempora. Eius voluptatem deleniti sit quae tempora. Quam quia provident nam veniam accusamus facilis.','laboriosam','76',NULL,'1983-02-18 13:53:29','1975-06-20 06:28:41'),
('13','3','520','Numquam culpa ipsam labore nisi. Ipsam rerum quo alias. Occaecati hic iure a assumenda quia aspernatur autem quis.','est','52319514',NULL,'1981-05-03 10:32:00','1995-04-29 23:10:19'),
('14','4','521','Dicta cumque amet qui natus. Esse expedita praesentium ex accusamus assumenda et. Fugit dolor tempore maiores delectus culpa quasi ut itaque.','et','8',NULL,'2017-08-01 18:09:04','2001-11-04 12:05:01'),
('15','5','523','Voluptatem fugiat harum quisquam. Officiis ut ut praesentium optio qui. Ullam maxime tempore repellat minus.','sunt','285696471',NULL,'2008-03-26 18:26:21','2017-03-30 03:48:23'),
('16','1','525','Aut sit laudantium et officia distinctio illum deserunt. Inventore iure sint autem dolorum ut. Quisquam assumenda qui optio eveniet. Sint maxime velit veniam nostrum totam quia quas id.','perspiciatis','31062',NULL,'1979-04-03 00:21:26','2004-08-25 22:02:03'),
('17','2','528','Voluptatem dolorum qui aut voluptatem nulla dolores. Maxime quibusdam dolorem magni qui voluptatem consequatur officia ut. Sed porro voluptatem in aut perferendis aut.','dolores','0',NULL,'2005-09-01 00:30:36','2019-12-14 20:01:34'),
('18','3','529','Architecto enim minus dolorem saepe beatae blanditiis nam. Commodi voluptatibus est est porro asperiores. Laborum voluptatum rerum odio deserunt explicabo magnam.','occaecati','6',NULL,'1997-03-05 14:40:14','1970-12-05 06:02:24'),
('19','4','535','Dolorem mollitia unde voluptatum consectetur optio voluptas inventore voluptatem. Vitae et eveniet aspernatur. Non nihil qui et deleniti. Deleniti ut nulla at quia velit.','cum','96029',NULL,'2013-12-01 08:29:40','1996-07-21 13:15:47'),
('20','5','538','Rerum et minima itaque dolorem explicabo. Sit et ratione reiciendis nesciunt porro. Ut est aspernatur et quia ullam.','perferendis','1173601',NULL,'2001-01-10 10:23:55','2002-12-04 16:49:14'),
('21','1','539','Excepturi voluptatibus et facere qui sunt rerum. Repudiandae sequi id est ut perspiciatis ipsa sunt exercitationem. Ut nostrum modi maxime iusto laboriosam.','deleniti','1030518',NULL,'1988-02-11 15:27:25','1982-06-18 09:23:54'),
('22','2','540','Temporibus sed dolorem dignissimos. Nesciunt et accusantium aperiam. Explicabo excepturi maxime totam voluptatibus.','enim','9109',NULL,'2016-02-07 02:11:08','1976-10-31 09:44:46'),
('23','3','542','Itaque quo qui repudiandae nam occaecati eos qui. Est sed beatae optio quasi quo. Aut libero non consequatur.','maiores','0',NULL,'1977-10-23 21:34:53','1999-08-04 18:23:18'),
('24','4','543','Est aut et et nihil nostrum. Officia harum dolore eius fugiat a fugiat aliquid. Delectus doloremque aut ut nemo sed officiis qui.','consequatur','49119',NULL,'2004-08-09 15:56:25','1990-05-28 03:05:36'),
('25','5','544','Dolorem voluptatem officiis velit. Culpa vel odio vitae. Ut quisquam velit inventore impedit.','adipisci','5',NULL,'1998-11-13 16:22:42','2012-01-03 11:35:01'),
('26','1','545','Sunt ut dolores dolor voluptates deleniti sed deserunt. Deleniti atque dicta earum maiores blanditiis rerum. Reiciendis et cupiditate cupiditate et tenetur.','temporibus','9223',NULL,'1986-05-26 00:44:49','2008-12-30 01:05:58'),
('27','2','546','Dolores molestiae voluptatum sed voluptatum ut et dolores. Maxime quae velit quo dolor earum quia omnis. Alias sunt tempora nostrum reiciendis explicabo.','eaque','5593',NULL,'1985-03-27 04:58:52','1978-03-27 17:04:04'),
('28','3','547','Ratione quia quam labore. Aliquid officiis neque est suscipit perferendis.','magni','0',NULL,'1985-09-26 08:59:04','1986-08-11 23:56:57'),
('29','4','548','Sunt aut fugiat laborum perspiciatis aut qui doloribus eaque. Voluptatem aut qui aut et doloremque. Vitae sunt quas in et illo qui. Vero unde velit sint alias eos magnam.','ut','7',NULL,'1983-08-23 11:58:19','2001-02-17 16:08:51'),
('30','5','549','Fuga autem cupiditate excepturi ex aut. Blanditiis quia quo dolore et suscipit qui. Eum illum et nesciunt qui modi delectus. Sit quo cupiditate rerum ut libero in.','ut','0',NULL,'1975-07-22 23:02:51','1987-02-16 05:51:03'),
('31','1','550','Fuga optio voluptatibus et inventore quia aperiam labore non. Vitae est nemo odit sint non est. Et sit dolores odit totam. Quia qui ut quo nihil porro ut.','et','871949219',NULL,'2008-05-08 10:02:58','1988-05-19 03:54:24'),
('32','2','551','Eius corporis tempore reprehenderit ipsum et eaque. Autem debitis neque commodi qui. Accusamus dolores odit eveniet et. Explicabo ullam maiores earum sint voluptas tempora molestiae et.','eius','0',NULL,'1974-03-07 16:42:17','1993-12-28 08:10:05'),
('33','3','553','Nemo est commodi dolorum distinctio sit. Modi quia saepe et perferendis non eaque. A quod molestiae blanditiis. Quia ipsam molestias non velit.','quos','31',NULL,'2008-09-14 08:45:22','1986-06-05 01:52:45'),
('34','4','554','Est recusandae enim fugit. Neque repudiandae quae dicta dolores aut repellat esse. Id dolore voluptatibus rerum ut enim. Sed et magnam tempore.','velit','49656',NULL,'1985-11-17 09:41:20','2008-03-25 18:43:59'),
('35','5','555','Ut nobis nostrum fugit asperiores reiciendis. Rem totam eaque ut dicta sequi quis.','sed','671395',NULL,'1983-07-02 10:04:24','1999-07-16 00:49:06'),
('36','1','558','In autem et iure et. Voluptatem ut libero odio. Ea voluptas similique voluptatum architecto velit consequatur fugit. Quia aliquam iure maiores assumenda asperiores expedita ad. Cumque aut optio earum expedita nulla odio.','corrupti','700625',NULL,'2005-12-02 22:19:20','1995-06-24 01:26:09'),
('37','2','559','Perspiciatis tenetur quasi ab autem. Quaerat voluptatem dolorum et reiciendis.','ut','537938701',NULL,'2013-12-22 03:04:48','2010-12-06 23:19:30'),
('38','3','561','Doloremque ad corrupti facere corporis. Autem nihil optio tempora voluptatem consectetur blanditiis quibusdam. Quam quas ut odit repellendus odit temporibus culpa. Autem molestiae omnis voluptatem totam.','inventore','261088524',NULL,'1972-03-10 01:09:34','1996-06-07 01:08:32'),
('39','4','563','Consequuntur corporis qui ducimus rerum in quam in id. Saepe ad praesentium nobis nobis. Voluptatibus quisquam qui optio molestiae veniam minus.','minus','2',NULL,'2012-12-29 17:30:57','1997-03-21 15:09:46'),
('40','5','567','Quaerat sed possimus quos aut nihil dignissimos dolorem blanditiis. Totam molestiae sit ipsam molestiae autem doloremque voluptas. Voluptate velit mollitia qui deleniti similique magnam.','qui','0',NULL,'1979-08-19 17:44:28','1970-02-09 05:49:50'),
('41','1','571','Officia impedit voluptatem alias dolore facere. Aspernatur praesentium sed quasi et eligendi earum ea est. Sed molestiae repudiandae nemo sit sunt dicta omnis harum. Assumenda ut quasi quo.','consectetur','957642208',NULL,'1982-02-26 05:04:23','1984-07-15 13:59:51'),
('42','2','573','Harum vero quia quibusdam possimus neque necessitatibus. Ea sed quaerat ipsum velit nisi dolore et aliquam. Fugit eos dolor placeat facilis. Totam placeat sed laboriosam provident omnis officia autem.','quam','3',NULL,'1976-08-13 08:32:00','2007-08-21 14:01:14'),
('43','3','574','Doloremque vitae eaque aspernatur optio atque qui explicabo. Id ut omnis culpa id. Ab consectetur laudantium quisquam voluptatibus in ut repudiandae. Exercitationem nobis enim fugiat.','alias','0',NULL,'1987-12-31 15:38:02','2008-07-21 11:20:03'),
('44','4','575','Corrupti quas odio voluptates occaecati accusantium. Quisquam autem cumque eos temporibus illo odio molestiae.','ut','6913218',NULL,'2020-01-06 00:39:47','1972-03-10 18:55:44'),
('45','5','579','Earum illum cumque autem et. Adipisci et ratione iure ducimus sequi voluptas repellat. Voluptas enim sequi a.','excepturi','804514',NULL,'1982-04-24 17:15:48','1971-03-19 22:33:03'),
('46','1','580','Atque incidunt laboriosam hic magni. Explicabo aperiam officiis et pariatur nisi quia. Qui eius tempore iste et velit similique autem.','voluptas','4',NULL,'1996-01-19 19:58:30','1979-08-28 06:17:26'),
('47','2','581','Facere illum fugit quia omnis optio est sit cumque. Laudantium ullam ullam eveniet magnam magnam dolor molestiae. Explicabo laudantium id ullam ut incidunt. Optio voluptatum voluptatem possimus.','architecto','4650562',NULL,'2008-12-16 13:51:04','2017-04-11 04:41:06'),
('48','3','583','Expedita adipisci non voluptate earum provident. Totam quia dolores aspernatur quae dolorem quidem. Dolorem molestiae qui non sint voluptatem commodi.','porro','426',NULL,'2004-02-01 10:24:12','2012-03-09 07:44:57'),
('49','4','585','Dolorem et aliquam quasi est aut. Placeat adipisci repudiandae id omnis. Et omnis eius veritatis consequatur corporis ullam sunt quia. A aut laborum voluptatibus numquam ut sit optio.','consequatur','0',NULL,'1996-05-19 13:25:20','1982-04-14 12:11:42'),
('50','5','587','Placeat harum aut itaque excepturi optio. Sint amet alias facere ut suscipit eligendi. Et ut qui dicta facilis. Beatae ipsam delectus quia officia repellat impedit.','nam','0',NULL,'2009-02-21 03:23:12','2018-06-19 09:30:01'),
('51','1','590','Harum totam totam blanditiis autem nihil voluptates tempore. Saepe optio accusamus placeat qui alias. Asperiores nihil at rerum. Neque aut blanditiis recusandae ut repudiandae eveniet.','sapiente','0',NULL,'1970-04-13 16:47:12','1982-11-29 02:00:39'),
('52','2','594','Et labore dolor doloremque quae. Perferendis nobis sit et praesentium quas cumque.','repellat','47159786',NULL,'2019-06-18 12:34:52','1982-05-05 16:15:36'),
('53','3','601','Quis corporis adipisci et distinctio ex tempora. Cum ipsa et nemo odit ipsa vero soluta. Officiis consequatur molestiae quibusdam voluptates rerum.','neque','96433',NULL,'1976-12-22 20:57:32','1973-01-16 10:35:27'),
('54','4','603','Porro ut molestias commodi accusantium blanditiis. Corrupti tempora enim iusto consequatur magni. Nihil vitae sed esse laborum autem. Vel veniam quos est temporibus dolores provident mollitia. Ex aut rerum pariatur molestiae qui nesciunt.','possimus','39',NULL,'2004-10-15 22:24:13','1992-12-04 11:06:42'),
('55','5','605','Dolorem dolores modi repudiandae et dolorem sit a. Minus enim commodi hic explicabo vitae dignissimos nemo consequatur. Voluptatem ut nihil dolorum voluptatibus dolore vitae. Illum asperiores quod vitae qui.','esse','81691396',NULL,'2015-11-07 01:53:29','2010-05-13 07:21:08'),
('56','1','607','Harum veritatis sunt vitae aliquid. Et voluptatem id commodi fugiat omnis. Suscipit eos aspernatur soluta.','repellat','176441763',NULL,'1991-10-17 11:25:59','2010-08-26 23:26:13'),
('57','2','608','Odit dolore maxime debitis qui possimus. Reiciendis sit sequi ipsam voluptate nesciunt quo. Pariatur voluptatem cum quia asperiores nisi impedit. Velit nemo eveniet modi similique.','eaque','86',NULL,'1980-01-19 23:30:20','2000-03-30 08:52:05'),
('58','3','609','Eveniet ullam fugit sunt iste qui omnis sunt. Delectus est ad voluptatibus. Sit omnis sint quisquam est.','ad','1929140',NULL,'2004-06-23 03:41:40','2015-04-30 08:34:43'),
('59','4','613','Qui soluta rerum est sit eum sed qui voluptates. Non tempora consequatur laudantium. Est omnis nisi quos est. Illum et voluptatem quia.','possimus','705790',NULL,'2007-08-08 16:35:20','2016-08-03 08:10:33'),
('60','5','618','Et velit esse cupiditate aut suscipit consequuntur quo. Error culpa deserunt in possimus. Quaerat debitis quia earum odio. Asperiores aut excepturi et enim repellat qui beatae.','sint','56931',NULL,'1984-10-17 01:43:00','2005-09-20 10:27:45'),
('61','1','619','Quia ut et sit unde ratione. Sit voluptates facilis ex dolores itaque sed distinctio. Error pariatur qui eos numquam nihil. Doloremque accusamus repudiandae mollitia.','ullam','4776',NULL,'1990-01-13 17:59:04','1989-04-04 01:39:16'),
('62','2','620','Nisi ratione perferendis quo neque ipsum. Fugiat et eius similique quod fugit recusandae aut vel. Laboriosam vero aut magnam omnis neque. Temporibus nisi ducimus quo.','omnis','76315506',NULL,'1970-08-08 16:15:04','1992-08-19 21:27:16'),
('63','3','621','Ratione aut veritatis qui velit eum. Est ipsum omnis quia. Laboriosam repudiandae doloremque dolorem. Possimus ut laboriosam recusandae cum voluptatem quidem et. Soluta molestias optio eos nesciunt voluptatem.','modi','947679',NULL,'2008-03-11 03:31:03','1998-10-22 08:31:19'),
('64','4','625','Numquam corporis ea aut eligendi vel. Et velit sed iusto et sit consequatur. Dicta quisquam atque voluptate quia necessitatibus ipsam. Nihil iste exercitationem nemo unde.','exercitationem','0',NULL,'1990-09-22 00:03:27','2005-07-14 15:47:11'),
('65','5','628','Et non tempora in accusantium ducimus. Eos nihil enim eum voluptas aut atque.','quo','503229620',NULL,'1971-01-08 03:31:13','1973-04-08 07:25:53'),
('66','1','633','Non officiis reprehenderit veniam quia illum voluptatem officia. Odio corporis quae corrupti et. Officia voluptates neque exercitationem explicabo quaerat. Non nemo nihil et in dignissimos.','nesciunt','81241557',NULL,'2013-07-28 12:59:40','2012-10-12 17:29:45'),
('67','2','634','Saepe ullam molestias sequi dolorum et. Necessitatibus quibusdam sed pariatur odit quia aut. Repellat architecto non saepe sapiente iure. Quia autem blanditiis fugiat ut sunt nihil deserunt. Ut optio blanditiis molestiae veniam facilis quam cupiditate.','consequatur','82',NULL,'2018-08-21 22:03:51','1991-03-14 13:30:16'),
('68','3','637','Dolorum ea consequatur quia debitis repellat et id. Qui inventore aut doloribus qui. Dolor non voluptate qui nihil fugiat doloremque.','rerum','68',NULL,'1998-05-07 06:59:56','1983-11-06 17:54:08'),
('69','4','639','Tempore a animi velit aut amet. Dolor eum dicta occaecati ex tempora. Dolorem voluptatum molestiae consequatur quasi atque distinctio. Ad ratione unde voluptatem.','aut','4641062',NULL,'1998-10-04 00:50:12','1976-07-24 18:02:51'),
('70','5','641','Et animi quia sit labore natus cum. Qui ipsa minima qui eos. Rem quia distinctio numquam animi. Hic quis quam blanditiis fugit tenetur alias.','impedit','75932',NULL,'1990-12-23 20:28:04','1981-02-21 06:38:31'),
('71','1','643','Deserunt id soluta perspiciatis fugit. Ratione consequatur sit nobis. Est molestiae mollitia alias voluptatem tenetur assumenda.','non','5552',NULL,'1996-10-08 16:50:05','2004-11-09 15:44:08'),
('72','2','645','Illo nobis tenetur tenetur unde enim voluptatum quia cupiditate. Aut voluptatum id at est dolores et omnis. Error reiciendis et fugiat doloribus est quia. Maxime officia modi optio.','dolor','298460',NULL,'1987-02-21 12:56:15','1998-01-06 18:21:25'),
('73','3','646','Nostrum possimus vel natus. Provident nihil fugiat dolores et quo cum laboriosam.','laboriosam','854',NULL,'1993-11-03 11:11:12','2001-12-21 03:06:29'),
('74','4','647','Expedita voluptatem culpa aperiam deleniti laborum dolorem. Ea doloribus ullam quo totam magni. Rerum repudiandae similique earum voluptatem.','consequatur','6',NULL,'1992-01-24 12:02:51','1991-01-01 11:30:40'),
('75','5','650','Doloribus eos ut sed distinctio quam. Quasi itaque expedita nemo nostrum voluptas. Ab excepturi optio eos sed voluptatem. Nihil tempora quos in maxime tenetur. Optio vitae ex sunt culpa et.','consequatur','1194756',NULL,'1974-02-01 12:14:50','2005-12-03 22:30:08'),
('76','1','651','Cupiditate nulla in ut quo et atque. Voluptas qui accusamus laudantium excepturi temporibus qui quia. Atque rerum ipsum nihil maiores. Quam harum perferendis dolor magnam sit.','officiis','46262547',NULL,'1975-03-06 20:15:45','2005-01-06 06:36:29'),
('77','2','653','Sunt error sint quaerat aut sint impedit eligendi. Itaque suscipit reprehenderit voluptates doloremque impedit. Eos aut veritatis porro enim sequi consequuntur. Illo quis explicabo facilis cupiditate qui pariatur dicta.','doloribus','383964539',NULL,'1992-02-01 07:24:43','1982-08-08 10:35:00'),
('78','3','657','Distinctio culpa voluptatem blanditiis necessitatibus illo nesciunt quibusdam. Ut non aspernatur enim aut nam cumque nihil nihil. Et fugiat ut inventore ipsum. Omnis suscipit dicta labore cupiditate quis.','et','2',NULL,'2013-02-02 14:48:43','1996-01-09 14:58:40'),
('79','4','658','Eveniet sit amet laudantium ut quasi. Voluptatem voluptatem ut ullam quaerat et commodi saepe. Nisi autem error sit omnis quasi. Enim quae error iste molestiae aut.','et','5580',NULL,'2016-08-07 04:03:29','1990-08-15 21:56:39'),
('80','5','659','Doloribus itaque quia corrupti. Assumenda ipsum quia ex corporis. Voluptatibus quia quia qui accusamus.','perferendis','170363',NULL,'1976-07-19 11:38:22','2000-05-30 15:04:28'),
('81','1','666','Odio ea aut est maiores sapiente provident assumenda aut. Sit molestiae vel deleniti quo. Molestias et facilis quia consectetur et nesciunt aspernatur officiis. Consequuntur deserunt nam dolore et corporis sed adipisci ut.','cumque','0',NULL,'1971-09-12 21:21:29','1980-05-29 04:40:14'),
('82','2','668','Quia voluptas reiciendis cum similique possimus quo nemo. Vel et consequatur quod voluptatem sed dolor sunt aliquam. Voluptate quis ratione rem. A iure veritatis eos sit nam quam libero.','sunt','91139',NULL,'2001-07-04 07:43:30','1972-04-11 06:14:25'),
('83','3','669','Facilis recusandae quaerat veniam quas quis enim. Laudantium minima iure voluptas dolores ad. Deleniti nulla repellat velit repellendus quia dolorem aliquam. Non magni iste consequuntur.','eos','17411787',NULL,'1996-05-17 00:17:32','1991-09-27 09:39:45'),
('84','4','673','Nihil deleniti nihil voluptatum qui tenetur eligendi officiis. Est fuga quo voluptatum perspiciatis ratione et perferendis. Expedita iusto cum quisquam rem rerum voluptas sed.','vel','123378',NULL,'1999-03-17 17:27:45','1995-05-11 07:19:57'),
('85','5','677','Consectetur impedit iste quaerat placeat assumenda sint perspiciatis. Quia facere sapiente nisi quia qui. Sed tenetur asperiores et. Quas sit aut aut possimus.','voluptas','8',NULL,'1990-03-29 09:41:57','2012-09-30 19:45:01'),
('86','1','678','Velit corporis excepturi sunt. Dolore ea ut hic corporis non ad deleniti. Quod distinctio ut aperiam qui nihil et. Omnis odit voluptatibus voluptas harum maxime est hic.','dolores','38482',NULL,'2007-06-02 16:40:54','2011-10-06 12:04:54'),
('87','2','679','Officiis dignissimos autem dolorem labore. Enim quaerat id et. Ut distinctio numquam tenetur vel neque dignissimos in. Debitis velit natus nemo odio rerum similique.','et','74082',NULL,'1990-11-21 18:17:24','1980-06-15 04:29:13'),
('88','3','688','Voluptatem enim sit molestiae officia voluptatibus suscipit nisi autem. Minima sit qui iusto est. Vero nostrum repellendus adipisci tenetur libero qui.','nam','89700',NULL,'1987-10-31 15:02:49','2014-12-07 12:50:25'),
('89','4','689','Sequi dolores eveniet exercitationem. Quia facilis voluptatum sint eum iste facere quod. Quas fuga quis earum ut quia. Numquam et quidem dolorum et eum nostrum nesciunt. Nemo consequuntur alias et quasi provident est cupiditate qui.','odio','63',NULL,'1989-09-24 02:52:14','1976-06-23 10:28:32'),
('90','5','691','Hic aut est iusto soluta voluptatem. Molestiae dolor quo minima qui vel reprehenderit. Vitae enim alias quaerat nam dolorum non est. Recusandae doloribus quo sit enim perspiciatis nisi optio est.','dolor','852',NULL,'2007-01-20 22:59:52','2003-05-18 12:23:21'),
('91','1','694','Iste minima quidem molestias voluptates. In blanditiis blanditiis omnis consequuntur dolores quos et. Quas ad quo nemo in et laborum.','dolor','0',NULL,'1995-06-20 23:06:49','1995-11-07 03:58:09'),
('92','2','695','Qui aspernatur nam expedita. Consequuntur deserunt tenetur dolorum. Perspiciatis nesciunt et ab minus consequatur dolorum.','eum','38992',NULL,'1978-09-13 20:58:52','1984-12-21 16:45:23'),
('93','3','696','Possimus explicabo nam omnis et eius qui. Nostrum deserunt voluptatum aperiam omnis. Neque delectus quis et officiis sint. At debitis id alias.','repudiandae','45593',NULL,'1971-06-28 08:08:38','2016-01-06 02:42:36'),
('94','4','697','Atque illo ex accusamus corporis dolor quas. Nam temporibus qui accusantium sit nostrum libero impedit occaecati. Velit quia ea voluptatem aut impedit ab. Animi voluptatem voluptatibus laudantium nihil est suscipit.','occaecati','55',NULL,'1993-07-04 06:23:38','2000-06-28 09:16:00'),
('95','5','698','Quos enim possimus earum libero aut debitis. Sunt ea mollitia officia dolore sed vitae et. Sunt sint provident qui nobis culpa rerum iusto.','nesciunt','2',NULL,'1973-06-20 00:50:53','1989-10-07 20:37:03'),
('96','1','699','Quo repellat officiis dolores accusantium dolorem. Ut velit vel aut molestiae saepe. Omnis rerum necessitatibus id. Omnis minus harum harum eum omnis maiores.','quibusdam','287594538',NULL,'1970-08-26 07:31:35','2002-12-13 07:40:26'),
('97','2','700','Et quis cupiditate harum pariatur. Eos tenetur ut voluptatibus repellat eveniet. Dolorum ut odit et est possimus deleniti non. Et ut illum consequatur quia.','vel','176',NULL,'1972-02-11 22:56:31','2012-02-03 11:51:47'),
('98','3','701','Aliquam nobis dolor et et voluptatem aut. Minima eos non et repudiandae explicabo dolorum mollitia. Blanditiis pariatur sed nulla ex facere. Sed qui sed tempore dolor.','id','358910',NULL,'2005-11-06 23:55:13','2017-09-27 00:09:21'),
('99','4','703','Non ipsam reprehenderit est quibusdam. Veritatis repellat dignissimos animi qui in officia harum sint. Itaque et dolores quasi est vitae quam.','consequuntur','7',NULL,'1986-05-30 20:04:32','2013-06-27 21:43:19'),
('100','5','704','Aspernatur esse qui debitis quam rerum. Ullam voluptates iure provident quaerat laudantium. Voluptatibus voluptatibus quibusdam nemo magni voluptas atque saepe.','ipsam','4353518',NULL,'2003-10-18 07:43:00','2007-08-01 00:53:41'),
('101','1','706','Numquam repellat et illo in. Quis et deserunt quaerat quos velit non minima. Non corporis id qui ipsa et consectetur. Porro id fugit mollitia consequatur libero. Accusantium occaecati quia aliquam provident voluptates et id.','ut','349',NULL,'1976-03-14 09:22:29','1979-03-31 00:36:18'),
('102','2','707','Quia magnam soluta ullam est quis cupiditate. Molestiae similique vel voluptatem est totam rem. Aliquam similique velit excepturi dolorem.','consectetur','2706',NULL,'1976-01-28 04:04:28','2000-11-29 05:42:44'),
('103','3','709','Ut enim odit expedita eum qui mollitia enim quia. Et perspiciatis culpa ut quam omnis magni velit. Mollitia similique veniam ducimus nemo odit cumque.','est','50',NULL,'2012-09-03 19:09:29','1970-09-13 17:12:25'),
('104','4','711','Praesentium facilis ut architecto autem est aliquid quo. Debitis asperiores aut ut eos. Quidem voluptatibus et in et. Et totam delectus iste nostrum.','saepe','59496801',NULL,'2019-01-20 04:06:27','1985-12-08 00:03:01'),
('105','5','713','Commodi laborum enim earum quos maiores sunt cupiditate ratione. Repudiandae repudiandae unde quaerat totam excepturi.','aliquid','190185',NULL,'2001-06-30 02:19:52','1973-07-11 17:49:21'),
('106','1','715','Voluptate ut deleniti necessitatibus voluptas. Vitae natus molestiae temporibus omnis explicabo. Saepe quibusdam ratione vero repellat voluptatem laboriosam nulla. Exercitationem ut qui pariatur aut.','aliquid','0',NULL,'2019-01-04 04:54:04','1972-07-10 22:50:27'),
('107','2','717','Cumque voluptate eveniet ea corporis vero. Veniam esse modi cumque minus. Explicabo officiis quaerat voluptatem dolorem et amet.','laborum','30',NULL,'1993-02-18 13:01:37','1976-04-23 21:23:30'),
('108','3','718','Quia omnis deserunt dolor eius autem. Et ut aut ipsa quibusdam sed quis. Velit quasi quod aperiam aut cumque dolor officiis assumenda.','et','9370693',NULL,'2016-10-16 09:17:10','1978-11-29 09:44:16'),
('109','4','721','Quaerat distinctio animi ad voluptatem ab. Est deserunt tempore eveniet sed quas hic error. Eum officiis qui qui suscipit numquam dicta. Labore deleniti reiciendis voluptate est necessitatibus nihil in. Exercitationem laboriosam veritatis dolores enim.','molestias','124877',NULL,'1985-12-12 07:29:17','2011-03-28 09:33:24'),
('110','5','723','Odio reprehenderit ut adipisci quis et non. Tempora quae aliquid voluptatibus tenetur enim pariatur. Ipsum sapiente nulla unde explicabo veniam sunt libero.','iusto','94711385',NULL,'1992-01-16 08:21:43','1972-07-25 07:39:50'),
('111','1','725','Enim quibusdam velit neque ex non et. Molestiae temporibus explicabo consequatur labore. Totam unde quo sunt et quam.','vitae','561',NULL,'1984-08-31 06:01:11','1995-12-09 15:17:29'),
('112','2','727','Officiis in reprehenderit consequatur illum est. Porro corrupti magni corrupti est omnis. Expedita praesentium ut qui ab eos. Id dolorum enim ut repellendus unde.','adipisci','34406677',NULL,'2009-12-16 15:30:08','1976-04-21 05:33:41'),
('113','3','729','Officia ratione libero voluptatem veniam voluptatem. Eos provident quod saepe non incidunt iusto quos. Repudiandae quam consequatur quis voluptatibus aut qui. Et expedita est eveniet eum illum accusamus libero. Recusandae necessitatibus dolorem sed iusto minima.','non','0',NULL,'1989-03-13 17:44:03','1985-11-22 02:52:21'),
('114','4','733','Qui omnis velit labore quasi. Eius non sed ad ab et quidem. Ut sint nam velit laudantium.','molestiae','58',NULL,'1998-07-20 04:40:32','2013-10-08 20:45:14'),
('115','5','737','Quaerat nihil vero saepe sed. Animi et qui et fugiat esse. Natus ex dolore aut accusamus ex ut repellat. Aliquam doloremque qui eos.','nesciunt','65609552',NULL,'2013-09-29 13:14:08','2008-12-18 14:59:02'),
('116','1','740','Incidunt maiores nulla dolores quos. Rerum et facere inventore incidunt perferendis. Tempora sunt et ab praesentium officia. Debitis inventore ut asperiores voluptas nesciunt dicta tenetur.','alias','34946',NULL,'1982-05-13 01:43:38','2018-01-05 21:59:25'),
('117','2','741','Doloremque laboriosam sit libero et deleniti veritatis similique. Voluptatem officia reiciendis vitae officiis.','nam','8971',NULL,'1988-01-21 19:58:23','2002-03-04 10:47:07'),
('118','3','742','Optio libero aut alias expedita consectetur perspiciatis. Ex est eaque illum omnis et. Doloribus ut sit consequatur quis repellendus nesciunt. Quo vero iusto ipsam autem est iusto.','sunt','51808998',NULL,'1973-01-07 20:36:04','1972-08-25 03:10:41'),
('119','4','744','Omnis nisi nesciunt ut magnam cupiditate beatae. Et nemo doloribus debitis est in necessitatibus. Rem numquam aut veniam facilis ea laudantium. Vitae temporibus ut mollitia et quaerat ut porro. Praesentium maxime sint non quidem.','et','0',NULL,'1996-04-05 16:37:44','1989-12-24 08:06:47'),
('120','5','745','Neque quam in qui doloribus qui officia. Ut qui ea autem totam. Explicabo enim et nobis.','reprehenderit','30',NULL,'2006-12-24 08:19:58','2012-08-24 19:13:45'),
('121','1','747','Esse quis rem eveniet praesentium. Aut hic reprehenderit quos commodi provident non sint. Molestiae tenetur eum laborum quos corrupti illo quas.','amet','23636',NULL,'1986-01-24 15:41:49','2001-09-26 14:01:16'),
('122','2','751','Nisi consequatur earum molestias esse ut non ut. Ea sunt voluptatem voluptate. Ad rerum est non. Sint aliquid quia animi nihil deleniti voluptatem.','est','3',NULL,'1974-09-24 05:54:10','1996-09-27 21:27:09'),
('123','3','752','Accusantium blanditiis ut voluptatibus impedit sunt eveniet. Mollitia nulla sit nobis. Ab sed et ab nihil ullam voluptas. Consequatur quo aliquid qui facilis aliquid quo.','id','18',NULL,'2013-11-18 15:00:40','1977-01-18 12:39:45'),
('124','4','753','Dolor molestiae alias doloribus eum eaque. Doloremque ab est velit quo quia perferendis ad consectetur. Sit culpa maiores illo placeat itaque. Sequi asperiores velit dolore nam non aspernatur. Provident assumenda hic qui et quaerat omnis et.','suscipit','685110',NULL,'1978-02-06 17:41:36','2012-09-13 05:35:18'),
('125','5','754','Quia excepturi et voluptas aut aperiam sint esse. Enim reprehenderit quos voluptas voluptatem deleniti sit qui. Doloremque quas dolores ab earum ut fugit voluptas. Repudiandae non et sunt voluptatum et et.','voluptatibus','1810261',NULL,'2011-10-08 17:45:24','2004-09-20 20:03:28'),
('126','1','756','Quis inventore ut nobis ullam. Quae odio tempora aspernatur velit et est in. Temporibus velit aut sunt ut. Nesciunt in labore sequi dolores id quas consequatur.','excepturi','62651373',NULL,'2006-01-30 13:18:37','1991-04-20 10:35:35'),
('127','2','757','In dignissimos minima est earum necessitatibus quam sed. Et deserunt labore et id quae soluta. Ea aut accusamus deserunt velit magnam dolorum fuga.','sint','9198',NULL,'1998-11-07 05:55:57','1974-02-14 22:21:07'),
('128','3','758','Ipsum sapiente consequuntur placeat molestiae. Sit pariatur maiores et. Dolor repudiandae assumenda rem laborum nihil non necessitatibus.','eaque','0',NULL,'1990-05-01 14:29:15','1988-08-28 18:00:44'),
('129','4','759','Nihil quasi rerum quaerat expedita ut. Aut eaque animi commodi accusamus sunt harum soluta ex. Dolor necessitatibus est totam dolore atque excepturi unde. Qui aut quo dolores vel.','recusandae','8934',NULL,'1984-06-11 06:50:20','1977-04-12 17:08:57'),
('130','5','760','Consequatur dignissimos temporibus eos assumenda debitis et omnis. Sapiente sint amet quos consequatur velit quisquam. Consequuntur nam incidunt doloribus rerum ut adipisci voluptatem.','ut','43',NULL,'2015-10-13 18:24:12','2017-05-04 21:00:00'),
('131','1','761','Quia repudiandae et quibusdam laborum ut omnis. Illum quibusdam molestias rem molestiae qui ad vel. Tenetur magnam sit debitis nihil quasi beatae.','voluptate','86',NULL,'1988-09-05 12:23:47','2013-07-22 12:55:04'),
('132','2','764','Dolorem sequi quibusdam ex vel aperiam quibusdam. Magni rerum culpa labore fugit ut. Dignissimos impedit atque quia sed tempora ea.','vel','0',NULL,'1970-10-12 08:16:41','1984-06-18 09:11:26'),
('133','3','765','Voluptatum cumque error blanditiis aspernatur eaque voluptatum officia. Velit non vel et placeat facilis. Nobis non soluta autem impedit asperiores.','rem','213',NULL,'1995-09-01 11:35:15','2013-02-08 21:57:04'),
('134','4','766','Assumenda omnis vitae sit quis dignissimos officiis. Doloribus dolorem rerum nihil aut eaque sunt. Enim sed fugiat ea consequuntur.','et','749776565',NULL,'1972-07-31 21:25:08','1985-05-15 09:19:39'),
('135','5','768','Voluptate distinctio consequuntur eius deserunt officia error molestias. Et facilis accusantium impedit nesciunt est quasi. Sed illo quasi qui eveniet eos pariatur error.','et','6404',NULL,'1986-12-12 06:01:19','1993-08-24 15:12:25'),
('136','1','770','Voluptas est ab similique. Voluptatem qui nihil libero dolor. Consequatur quas omnis minima non qui quam delectus. Et rerum et illum. Atque modi libero reiciendis molestias explicabo doloremque porro.','aut','449',NULL,'1979-03-09 17:12:18','2018-12-14 09:48:04'),
('137','2','771','Tenetur laborum et aut cupiditate consequuntur aperiam minima quia. Quis aut sit nihil fugiat consequatur adipisci. Sit quos accusantium atque quos totam rerum consectetur.','id','923626',NULL,'1975-04-14 14:26:20','2002-02-13 10:31:35'),
('138','3','772','Optio error optio praesentium laudantium aliquam esse expedita. Qui non ab est ut dolorem nobis. Adipisci sit quam quo libero quibusdam et. Sit qui nihil qui consectetur.','ut','3445',NULL,'2016-12-19 01:30:36','1975-10-19 14:46:20'),
('139','4','773','Nobis quos nostrum rerum. Velit natus sequi veritatis et porro atque. Quidem unde facilis ut.','dolor','1',NULL,'1992-04-22 09:56:52','1999-05-16 14:00:35'),
('140','5','774','Molestias est enim pariatur nihil impedit qui deserunt et. Nisi ex eum deleniti iste omnis labore libero consequatur. Eligendi id illo facere quam tenetur. Ut quis quia quod sapiente voluptas placeat. Omnis ratione quisquam est ab.','assumenda','262',NULL,'2004-03-04 15:34:04','2014-03-30 11:45:04'),
('141','1','778','Labore reprehenderit porro molestias reiciendis id. Ipsa voluptas aperiam molestiae sunt praesentium a sapiente sit. Laboriosam est itaque eveniet iure earum dolor.','porro','79493',NULL,'1993-05-11 07:37:21','2006-04-05 10:45:27'),
('142','2','779','Iste qui libero ad corporis. Blanditiis voluptatibus vel necessitatibus sunt sit quod accusamus sunt. Iste ipsam cum facilis cupiditate perferendis. Fugit neque molestias delectus dolore est alias.','at','2',NULL,'2002-10-05 20:13:16','2001-12-19 16:11:48'),
('143','3','780','Magni ipsam ea distinctio nesciunt suscipit quae. Illo voluptatem non facilis natus non voluptatem. Maiores sapiente quo perspiciatis quia dignissimos quae a odio.','et','5779',NULL,'1979-07-02 07:10:42','2003-07-19 14:16:54'),
('144','4','782','Aperiam sunt eum est dignissimos cumque enim. Qui alias rerum corporis impedit. Harum debitis quod dolore enim omnis et vel non. Ratione aut occaecati dolor aut.','dolorem','67',NULL,'2015-02-19 00:55:46','1975-06-30 00:56:23'),
('145','5','783','Odit quam voluptatem iure quo illum quam suscipit quaerat. Rerum eaque adipisci repellendus vitae sequi labore. Rerum cum possimus qui iste rerum dolor. Distinctio eum et fugit exercitationem nisi at aut.','consequatur','900',NULL,'1989-03-04 19:23:57','1998-03-11 18:46:46'),
('146','1','785','Sit illo adipisci qui. A quam dignissimos corporis aut alias modi. Non error voluptas cum.','dolor','3',NULL,'1999-10-27 06:55:33','1985-07-25 23:45:00'),
('147','2','787','Dicta aut sapiente quia non eveniet qui voluptates. Ut harum provident molestiae sit tenetur harum vitae. Accusamus illum neque adipisci quos ipsam.','sed','851320',NULL,'2018-06-11 21:49:13','1998-09-11 13:58:18'),
('148','3','788','Debitis et omnis nihil architecto. Labore molestiae rem eos eos sunt sit minima. Rem vitae et rerum debitis fuga nisi mollitia. Et animi perferendis ipsa quas dolore at.','sed','94769966',NULL,'2018-03-29 16:16:09','1983-09-06 11:35:37'),
('149','4','791','Architecto est labore quasi. Neque rerum qui aut soluta. Quos quaerat sint debitis explicabo maxime optio. Provident sunt ex natus soluta eius accusantium.','laborum','900',NULL,'1987-02-28 22:10:53','1980-12-22 12:04:38'),
('150','5','793','Aut quibusdam distinctio vitae aut quasi quas. Sed eius debitis ducimus molestiae architecto ipsam.','quo','9306',NULL,'1986-03-15 13:18:37','2005-09-12 09:04:03'),
('151','1','794','Aperiam cum optio vel deserunt voluptate. Voluptas dignissimos ut omnis vitae eum maiores id. Quaerat qui placeat alias perspiciatis voluptas. Est harum possimus voluptatibus non.','voluptatem','174943726',NULL,'1976-11-19 10:49:36','2008-02-29 02:31:50'),
('152','2','795','Cumque adipisci culpa qui ullam occaecati. Sed necessitatibus labore aperiam animi ea recusandae. Omnis asperiores iusto tenetur magni et. Culpa voluptas necessitatibus pariatur impedit voluptatem officia.','maxime','238',NULL,'2015-03-20 07:27:06','1974-09-18 23:29:51'),
('153','3','796','Soluta tempore quis facilis et non omnis dicta. Quia possimus enim dolorum porro quas recusandae. Dolorem accusamus sapiente eum deserunt. Provident beatae maiores eos ipsum.','deserunt','672678',NULL,'1983-04-03 14:42:37','1989-06-16 03:28:55'),
('154','4','797','A dicta occaecati esse quia aut omnis. Ut provident facilis sed laudantium ipsam autem aut. Porro laboriosam qui est accusantium voluptatem.','esse','19830923',NULL,'1980-02-02 18:16:32','1986-12-27 17:07:34'),
('155','5','798','Magni voluptatibus veniam qui. Qui voluptatum aperiam est rem voluptate inventore. Labore et officia nam quia. Quas quibusdam repellendus labore atque hic.','omnis','527695',NULL,'1990-04-27 15:22:44','1999-06-20 21:28:46'),
('156','1','799','Voluptas laudantium eaque aut nemo. Illo blanditiis quas fugit sint repudiandae veniam beatae. Dignissimos et iure odit pariatur voluptatem. Alias itaque laborum natus at et iure voluptatem.','sint','969476',NULL,'2011-04-30 01:23:39','1982-04-07 19:49:00'),
('157','2','802','Consequuntur minus est saepe magni illo qui. Beatae consequatur aut voluptates. Aut eos quasi error necessitatibus reiciendis placeat consequuntur. Quis tempora est vitae at asperiores excepturi voluptatum. Illum et est occaecati aut sint et molestias.','consequatur','67619',NULL,'1974-02-17 10:03:39','1979-01-04 22:52:31'),
('158','3','803','Tempora voluptatibus quam voluptatem animi quisquam. Debitis sint id iure quia tenetur voluptas reprehenderit sint. Veritatis provident rerum quasi sunt nihil deleniti esse.','asperiores','9',NULL,'1999-01-22 09:07:25','2016-08-29 00:39:18'),
('159','4','806','Odit laborum quia eum maxime debitis. Numquam vel ea rem sit corporis. Doloremque sed a ratione sapiente maiores.','incidunt','9',NULL,'1978-01-25 11:53:22','2010-08-09 21:12:36'),
('160','5','810','Consequuntur dolor fugit enim non molestiae. Quisquam ut odio nemo qui. Id magnam nostrum omnis doloremque aperiam laudantium sed. Provident sint nisi enim iusto laboriosam quidem voluptatem.','aut','7667',NULL,'1983-10-23 01:55:04','1971-09-08 14:53:02'),
('161','1','811','Nesciunt eos velit nisi. Quidem aperiam ut distinctio accusamus.','temporibus','596198997',NULL,'2016-02-22 06:41:58','1983-08-31 05:10:42'),
('162','2','812','Ut distinctio omnis dicta earum beatae quam. Maiores corrupti eos necessitatibus consequuntur sunt et et. Suscipit praesentium qui voluptas. Possimus quia explicabo ullam quis. Incidunt sint est omnis libero vel.','cum','14506',NULL,'1979-03-08 22:46:30','2014-12-08 23:19:08'),
('163','3','813','Et nemo reprehenderit architecto. Aut non consequatur repudiandae laudantium repellendus. Excepturi dolor aut non rem.','dicta','0',NULL,'1984-05-29 22:22:43','2012-04-20 00:53:28'),
('164','4','816','Possimus ipsum inventore provident quas. Vel laborum nemo accusamus cumque cupiditate qui. Doloribus reiciendis unde animi ut voluptatem quisquam ut.','quidem','3',NULL,'1998-12-22 22:44:33','2010-10-03 09:44:09'),
('165','5','817','Porro laboriosam voluptas et possimus. Tempore itaque sed reprehenderit voluptatem. Recusandae quia enim commodi. Omnis optio voluptatem voluptatibus sed dolorum voluptatem error officia.','eaque','92135',NULL,'1993-07-15 05:14:51','2005-11-04 15:35:02'),
('166','1','818','Labore sed suscipit et mollitia rem illo est modi. Aut est soluta corporis officiis in. Sed repellat eos doloribus cupiditate magnam qui facere.','sint','12',NULL,'1989-03-15 05:12:13','1983-07-12 11:48:32'),
('167','2','820','Quia iusto ab tenetur vel. Omnis ipsum labore ipsam repellendus dolorem sit. Aut quasi ullam vero velit. Aut iste pariatur ullam reiciendis voluptas sed dicta.','nisi','268241',NULL,'1972-08-20 18:45:17','1974-06-03 12:14:37'),
('168','3','824','Molestias quam eveniet incidunt suscipit. Corrupti temporibus odio rem sint corrupti vel et illum.','sint','1',NULL,'1980-09-01 01:46:53','1981-07-31 19:06:15'),
('169','4','826','Tempora expedita tenetur eos nisi. Est suscipit nulla incidunt placeat eaque magnam voluptas. Eveniet quaerat nam voluptate fugiat qui. In praesentium cumque id distinctio aut optio et.','voluptas','5',NULL,'1998-03-09 22:35:58','1980-03-21 22:05:29'),
('170','5','827','Reiciendis nobis rerum ea qui dolore vero. Qui excepturi sint vel quod. Omnis nulla corrupti animi accusantium distinctio quibusdam natus. Unde molestias impedit et.','optio','494',NULL,'1993-10-31 22:23:11','1982-01-07 06:42:54'),
('171','1','828','Quasi placeat id magni recusandae deleniti nostrum eos. Minus hic ipsa beatae quia. Expedita qui sapiente ipsum ducimus voluptatem animi ullam.','dignissimos','6297',NULL,'2013-05-18 16:49:59','2004-03-03 18:15:51'),
('172','2','829','Deleniti ut odio enim. Animi dignissimos dolores amet quas sed nihil corporis. Voluptates adipisci qui modi quos et atque quis. Neque repudiandae natus et quod voluptatem.','cum','0',NULL,'1980-04-12 14:54:22','1970-10-30 14:47:26'),
('173','3','830','Quos repudiandae blanditiis maiores minus cupiditate quas. Ut nulla voluptatum numquam. Et sint maxime aut sapiente magnam dolor.','dolore','977',NULL,'1981-11-08 07:50:06','2017-01-09 21:43:57'),
('174','4','831','Voluptas consequatur quod quasi quas repellat exercitationem. Quis magni illum praesentium occaecati incidunt aut consequatur ipsa. Incidunt consequuntur error illum ipsam unde aut neque voluptatem.','officia','0',NULL,'2007-10-04 07:38:03','2015-05-14 02:51:36'),
('175','5','834','Dignissimos aut iusto quae quasi. Consequatur perferendis repellendus repellendus quis. Iure alias distinctio illo.','sint','2869666',NULL,'1975-12-16 13:23:34','2004-04-26 13:12:04'),
('176','1','835','Provident ea amet aliquam omnis suscipit pariatur. Facilis cumque sed eos fugiat quia ratione suscipit eos. Et sed qui adipisci quisquam.','consequatur','775',NULL,'1985-12-30 12:28:21','2014-01-05 03:36:06'),
('177','2','837','Accusamus pariatur vitae veritatis sapiente laborum aliquid. Cumque atque quia molestias est. Ea dicta similique aut voluptatum.','unde','4889',NULL,'1996-02-08 11:55:34','2008-05-03 05:27:26'),
('178','3','838','Occaecati ut qui quisquam quis voluptatibus voluptatem modi. Nemo non magni placeat ut necessitatibus numquam repellat. Beatae provident quae neque illum nihil. Deserunt quia omnis est dolore temporibus.','consequuntur','6858950',NULL,'2000-10-27 08:40:19','2003-05-10 04:12:07'),
('179','4','839','Ullam perferendis nulla consectetur ipsam. Dolorem numquam ut iusto qui ad ea necessitatibus. Numquam quidem alias et illo. Est eligendi enim quia totam vitae nobis.','quia','61',NULL,'1986-03-31 16:50:26','1973-02-18 13:07:43'),
('180','5','845','Ut dolore quia numquam. Dolorum ullam sed omnis quis impedit. Vel iste sunt et modi. Sequi temporibus aut rem qui qui fugiat.','id','9620',NULL,'1996-11-30 17:07:46','2012-02-06 16:59:18'),
('181','1','846','Cupiditate libero iste minus enim qui quia error. Iste rem distinctio nulla modi consequuntur. Voluptatem enim doloribus ad omnis quis dolor aut. Nulla ea aut voluptatum non ipsa.','nulla','3',NULL,'1990-06-05 16:29:19','1995-09-01 05:43:06'),
('182','2','847','Sint corporis id voluptates fugit. Vitae iure velit autem aspernatur. Culpa perspiciatis autem non.','laboriosam','98228446',NULL,'1976-07-21 21:25:28','2001-03-20 17:04:42'),
('183','3','848','Ab consequuntur esse amet commodi ut aut. Numquam mollitia molestiae aliquid aut libero nobis. Tempore ut libero qui. Rerum rerum et eius ipsa dolorem at.','laborum','802374',NULL,'2020-01-16 12:56:18','1990-02-26 13:42:22'),
('184','4','854','Commodi eligendi officiis rerum repellendus minus ullam. Expedita molestiae commodi soluta est.','nulla','7926882',NULL,'1970-05-24 12:14:57','1972-04-09 04:47:38'),
('185','5','856','Ut minima et odit qui alias et quia. Adipisci molestiae modi reprehenderit commodi esse. Aut et voluptatem corrupti officia voluptas repellendus officiis similique. Maiores veniam aut voluptatum pariatur sit.','molestiae','6652403',NULL,'1979-09-28 07:53:05','1997-10-15 00:53:45'),
('186','1','857','Debitis est molestiae iure sint reiciendis corrupti. Aut est eaque provident veritatis. Reprehenderit omnis est ut natus facilis.','impedit','57',NULL,'1991-02-11 04:20:33','1989-12-05 14:53:24'),
('187','2','858','Atque facere itaque dolorem omnis possimus corrupti maxime. Totam laudantium tempore velit magnam vel id nesciunt. Nam doloribus vitae rerum quo blanditiis reprehenderit.','ab','77708',NULL,'2010-01-23 15:52:03','2016-12-25 17:13:53'),
('188','3','859','Eos totam sed nulla cumque illo a pariatur. Odio quaerat ad placeat et ipsum at odio. Quibusdam voluptatem enim laboriosam quis mollitia quia. Nobis delectus ut impedit non dolorum architecto ducimus. Optio est et iusto beatae est impedit culpa qui.','adipisci','2752191',NULL,'1980-02-07 19:07:09','2015-02-26 18:23:22'),
('189','4','860','Voluptatem ut cumque sit aut. Eos et corporis deleniti rerum et qui repellendus. Nihil nobis sed sunt velit ratione nostrum eveniet et. Tempora dolorem exercitationem sunt numquam. Similique exercitationem dolore quis culpa.','soluta','2',NULL,'1976-03-18 15:46:50','2002-02-24 11:24:11'),
('190','5','861','Aut eius sit voluptatem quidem sunt. Quas dignissimos nostrum voluptatem perspiciatis. Ut qui dolore culpa.','ut','387',NULL,'1986-08-23 05:31:05','1974-01-19 18:53:39'),
('191','1','862','Eum consequatur perferendis alias vitae repudiandae vitae in praesentium. Quo qui dolores voluptatem eum illo.','aspernatur','7053',NULL,'1994-01-05 02:29:17','2013-02-02 17:53:25'),
('192','2','863','Debitis aut dolorem facilis quod sint. Adipisci iste consequatur laboriosam amet. Temporibus atque sed sint. Et illo provident quo sunt consequatur saepe autem sunt.','beatae','21722',NULL,'2007-03-01 01:02:56','1993-04-28 05:04:44'),
('193','3','865','Sed rerum dicta eius aperiam voluptas. Sint repudiandae laborum quis non odio dolorem repellat ullam. Eos et quia rerum dolor ea quia.','vero','499518',NULL,'1980-02-09 06:22:42','1972-07-19 22:14:28'),
('194','4','872','Laudantium quos dolores dicta sunt aliquam delectus. Ut cupiditate est quia dolorum ipsum aut. Maxime laboriosam neque assumenda consectetur adipisci dolore odio voluptatem. Sint illo reprehenderit blanditiis omnis perspiciatis eveniet.','et','8984',NULL,'1992-09-17 09:02:47','1991-03-02 03:30:19'),
('195','5','873','Quos repudiandae deserunt dolorem consequatur unde ea aliquid asperiores. Maxime in laudantium molestiae dolores voluptate beatae tempora. Dolor sit sequi non quia eum voluptatem. Quidem hic dolorum molestiae optio. Assumenda in at itaque.','pariatur','5',NULL,'1998-06-18 19:14:13','1985-06-14 06:23:56'),
('196','1','874','Sit sed rerum ea voluptatem. Doloremque dicta distinctio officia nihil sunt. Alias quod quia quis corrupti aspernatur natus. Nihil enim odio quis fugiat accusantium.','sit','3',NULL,'1986-07-13 06:57:48','2003-01-08 04:30:41'),
('197','2','875','Dicta consequuntur nisi ad qui. Praesentium porro quaerat voluptatem itaque quibusdam suscipit. Quis unde voluptatem fugit quia voluptatem. Quos et et ut et aut ratione.','est','779670216',NULL,'1973-03-01 02:49:44','1981-04-29 13:49:36'),
('198','3','876','Soluta et molestiae enim maiores voluptatem minus. Ducimus atque et iure. Et et nisi eum et.','sit','477060',NULL,'2004-10-26 19:53:02','1983-10-30 03:14:00'),
('199','4','877','Quam fuga voluptatem et quia sit. Illo non rem neque. Aspernatur quibusdam alias facilis sed.','et','22979661',NULL,'1993-04-06 16:25:39','1984-11-26 09:07:10'),
('200','5','880','Et minus minus voluptate voluptatem omnis. Harum quisquam ut labore nihil autem. Omnis placeat maxime deserunt praesentium officia ipsam.','pariatur','63',NULL,'1995-08-03 19:20:40','1995-01-05 15:14:31'),
('201','1','881','A commodi veritatis aut consequatur voluptas reiciendis occaecati. Voluptate reiciendis animi iusto amet asperiores. Sunt aut possimus voluptatem architecto. Minima sapiente quisquam ab ipsam.','aut','74',NULL,'2001-02-08 15:48:20','2011-05-02 13:46:15'),
('202','2','882','Quibusdam enim et dolorem id rerum accusantium laboriosam. Vero molestiae velit id est necessitatibus. Neque et aut velit. Maxime non autem repellat est eum vero voluptates.','iste','0',NULL,'1987-12-19 15:24:40','1972-01-29 13:10:30'),
('203','3','883','Quaerat odio eos quas aspernatur ut magni deleniti. Perspiciatis voluptates ut fugit illum dolores qui. Corrupti omnis est ut a quisquam aut.','animi','1',NULL,'2016-02-19 23:19:49','1979-11-20 16:53:54'),
('204','4','884','In suscipit amet unde maxime quo nihil dignissimos. Libero et sunt eius ut. Est sint occaecati dolores quia ut soluta impedit adipisci.','ea','15',NULL,'1980-02-07 13:34:29','1971-03-08 02:26:30'),
('205','5','885','Et qui natus minima aut praesentium vel aut. Corrupti quisquam optio aut sed repellendus eos vero voluptas. Itaque earum est nesciunt iste quae rerum.','ab','10093833',NULL,'1993-05-19 15:53:05','2010-10-10 19:04:07'),
('206','1','886','Expedita aut dolorem quasi molestiae. Qui voluptatibus recusandae qui. Non ut non sed nostrum qui.','unde','20955962',NULL,'1974-12-05 06:04:21','2001-12-03 08:04:33'),
('207','2','887','Voluptatum molestias omnis repudiandae quas. Neque fugit animi eos repudiandae officiis nihil eveniet veniam. Atque consequuntur nisi incidunt molestias.','minus','7',NULL,'2014-08-20 13:25:46','2019-11-07 02:33:08'),
('208','3','888','Sed dicta aut nisi animi aliquam. Quas rem iusto molestias quibusdam consequatur ut quia voluptates. Modi sit fuga est omnis nihil repellendus.','est','56',NULL,'1989-01-30 07:16:53','2001-04-02 20:46:03'),
('209','4','889','Laboriosam rerum minus ratione dolor nemo quasi nulla. Tenetur eaque facere qui aut voluptatem dolores. Unde rerum odit aut magnam. Aut facilis ut non ea. Maxime quia molestias eos iusto.','magni','215653316',NULL,'2017-12-17 20:08:23','2001-10-02 20:38:06'),
('210','5','890','Reiciendis in labore aut id ea quidem molestias dignissimos. Et et perspiciatis assumenda aperiam eos. Maxime quibusdam ea natus quo dolores eveniet. Fuga et perspiciatis ullam et aliquam quo similique animi.','error','15488818',NULL,'2007-12-01 03:54:59','2001-02-24 03:14:50'),
('211','1','891','Quam quasi voluptatibus illo vel. Dolores dolor accusamus et ducimus hic illo. Pariatur omnis deleniti et distinctio maxime repellat. Tempora consequatur qui aut quis optio ipsam placeat.','cumque','93',NULL,'1998-01-05 17:40:22','1972-12-26 19:29:28'),
('212','2','892','Aspernatur mollitia nisi nesciunt eaque voluptas. Sed sit saepe saepe.','provident','1',NULL,'2013-07-04 09:24:41','1991-03-16 12:49:26'),
('213','3','895','Occaecati nisi quo aut alias id minus sit. Ut molestiae est vitae dolorum voluptas molestiae ut. Et aut qui similique soluta qui.','consequuntur','46687200',NULL,'2005-03-29 06:45:29','2014-07-16 00:46:16'),
('214','4','902','Aut sed sit rerum dignissimos debitis et. Et dignissimos eligendi autem impedit quia. Molestiae perspiciatis illo est amet.','eos','36',NULL,'1979-08-16 09:52:15','1991-05-13 09:15:20'),
('215','5','907','Qui recusandae blanditiis est officiis cupiditate nesciunt. Iure ullam laborum aliquam eius. Quo consequatur perferendis molestiae consequatur molestiae. Occaecati quo nam nobis nobis.','temporibus','80047',NULL,'1975-05-26 06:11:37','1975-03-16 11:41:21'),
('216','1','908','Dolorum voluptatem ut aut repellat quos non ut quisquam. Autem quae perferendis quaerat iste et recusandae quo. Eligendi animi non doloremque aut occaecati sequi.','non','91',NULL,'1989-02-23 06:43:20','1972-02-27 12:03:27'),
('217','2','911','Qui quisquam libero voluptates eos sunt dolor ipsam placeat. Ut id assumenda magni. In cupiditate ipsa et omnis.','error','0',NULL,'2013-12-22 21:47:45','1983-10-25 07:03:20'),
('218','3','914','Et consequatur quisquam aut nihil voluptatem impedit. Accusantium culpa ab voluptatem ut ducimus. Dolores deleniti animi repellendus doloremque laudantium esse dolore.','sit','93267473',NULL,'2001-02-02 20:41:46','1996-12-05 11:03:50'),
('219','4','917','Et dolorum quia harum inventore. Soluta necessitatibus et voluptate nostrum repellat numquam. Et quia saepe consequatur soluta ut voluptatem.','porro','47286097',NULL,'2001-05-30 09:39:23','1980-02-24 21:33:51'),
('220','5','918','Maiores aliquam ex occaecati culpa laborum quam. Sit nobis laboriosam perspiciatis nostrum. Cum placeat cumque amet sit sed blanditiis illo.','ducimus','0',NULL,'2016-11-12 14:16:23','1979-04-25 13:42:28'),
('221','1','919','Voluptatem qui quos autem et earum ab. Aut dolores placeat reiciendis a debitis laboriosam sint. Facilis voluptatem quidem rerum consequuntur voluptatem rerum sunt. Aut debitis optio dolores rerum.','natus','3236',NULL,'2001-04-19 04:23:24','1977-09-08 13:06:36'),
('222','2','921','Repudiandae occaecati nihil et hic eum. Tempore molestias id consequatur ut qui perspiciatis. Libero aliquam ea numquam hic aut laboriosam magni nemo. Quasi quaerat id eveniet rerum.','rerum','4146',NULL,'1986-12-05 08:09:31','1993-08-14 11:07:57'),
('223','3','923','Placeat sed vero aliquid autem aut voluptates. Repellendus laborum ipsum dolores ut. Dolore distinctio asperiores earum et et exercitationem. Aperiam eaque repudiandae sint nobis sit. Occaecati expedita quidem a qui laborum quasi dolorem maiores.','iusto','68',NULL,'2007-11-17 05:56:59','2014-10-23 08:28:28'),
('224','4','924','Aliquid voluptas nesciunt reprehenderit veniam totam nisi molestiae. Labore aut quos enim laborum. Omnis eaque suscipit atque. Est rerum vel quis.','aut','5503',NULL,'1984-03-01 10:30:42','1995-01-11 12:32:32'),
('225','5','925','Possimus similique eum totam cupiditate et ea voluptas debitis. Aliquam doloribus eveniet ex.','hic','787670',NULL,'2003-05-11 20:30:51','1984-11-16 08:30:02'),
('226','1','927','Fugiat et et eveniet distinctio repellendus animi. Voluptate et error ipsam qui adipisci aut. Unde eum cum enim autem dolore cum. Suscipit qui doloribus veniam consequatur qui consequuntur.','voluptas','185273374',NULL,'1986-04-04 19:58:20','1992-07-06 09:18:02'),
('227','2','928','Nostrum rerum qui minima atque tempora et eligendi optio. Ex molestiae vel quis optio nisi voluptatem recusandae. Qui velit voluptatem deserunt sunt dolorem dicta velit. Qui qui qui qui. Voluptas sit sed reprehenderit totam eaque perferendis sit.','molestiae','442849005',NULL,'2013-01-01 06:36:37','1993-10-21 00:48:24'),
('228','3','930','Est commodi deserunt optio sed accusamus veritatis. Dolorem omnis molestiae sit vero dolor aut beatae illum. Id sint dolore et earum.','possimus','45936',NULL,'1987-04-13 14:34:18','1981-03-01 17:05:15'),
('229','4','934','Culpa sit et error et ipsum. Voluptatem numquam sunt pariatur quidem. Provident sapiente sunt mollitia non.','expedita','1',NULL,'1983-01-17 11:42:25','1989-10-10 00:58:05'),
('230','5','936','Ea non qui eligendi qui non nihil. At eos ipsa ea nulla modi fugit. Dicta nemo voluptatibus quo ratione fugiat tenetur. Culpa ipsa ut in esse.','blanditiis','77942775',NULL,'1996-02-12 02:12:19','1998-07-26 16:39:18'),
('231','1','937','Quis expedita eius eveniet ipsum. Fugit est laboriosam eum ut velit repellendus.','perferendis','2',NULL,'1972-01-23 20:11:35','1973-03-05 16:43:21'),
('232','2','938','Sit autem et aperiam eaque laudantium necessitatibus. Voluptas commodi illo aut exercitationem voluptates velit velit aperiam. Deserunt dolores excepturi molestiae quaerat.','perferendis','2563304',NULL,'1994-11-13 06:33:46','1980-03-07 19:17:16'),
('233','3','942','Omnis nisi quaerat eum quos. Corporis rerum in eius ea ut. Dicta eos tenetur et odio corrupti quia.','fuga','28979',NULL,'1983-05-26 07:23:09','2011-05-26 12:42:52'),
('234','4','943','Ut non assumenda nam voluptatem et non. Reiciendis est corrupti natus et. Nobis omnis cupiditate veritatis velit. Et in perspiciatis deserunt officiis voluptatem enim sunt voluptas.','officia','597459',NULL,'1973-10-15 23:42:17','1986-05-12 12:05:18'),
('235','5','944','Ab omnis et numquam labore id. Reiciendis nobis nesciunt minima consequuntur eos temporibus repudiandae exercitationem. Placeat totam est illum voluptate. Quia nulla cupiditate esse adipisci at qui. Tempore eaque rem libero voluptatem velit nobis labore.','rerum','17316',NULL,'2010-07-20 08:38:30','1974-02-20 20:22:25'),
('236','1','945','Earum laborum quia delectus et pariatur nihil et. Sed odit tempora eligendi officiis ut illo ea.','molestiae','57347',NULL,'1976-04-24 01:46:32','2015-10-26 14:25:05'),
('237','2','948','Est quo debitis atque eligendi molestiae provident quia. Aut ducimus nihil et. Cupiditate corporis quo repellat quo natus distinctio inventore. Maiores dolorem quas cum consectetur aut quia placeat.','impedit','56',NULL,'1980-04-23 12:07:24','1974-08-24 03:37:22'),
('238','3','950','Impedit saepe facere numquam quasi. Rerum et reprehenderit voluptatem dolorum debitis laboriosam dicta qui. Et qui beatae voluptatem eligendi eos sunt. Voluptatem facilis recusandae non.','ratione','229',NULL,'1995-07-03 10:31:09','1988-07-01 04:57:47'),
('239','4','951','Mollitia animi ut beatae nihil. Ea perferendis ipsum voluptatem nisi sint voluptates voluptas. Rerum iusto amet aut quod.','pariatur','0',NULL,'2001-05-13 17:28:55','1986-11-03 14:02:05'),
('240','5','952','Et reprehenderit atque libero dicta. Delectus reprehenderit et in blanditiis dolore consequatur rem. Sunt neque nemo impedit magni numquam vel totam. Ea libero sint est eius qui quia qui. Excepturi eligendi accusantium vitae similique ducimus sit.','qui','92423246',NULL,'1978-06-18 08:23:51','1983-01-27 00:03:28'),
('241','1','953','Cum minima ut eos. Nulla molestias animi ipsa saepe repellat animi adipisci. Laborum omnis nihil illo.','perferendis','702383983',NULL,'1970-09-03 15:59:09','2008-11-11 16:17:06'),
('242','2','954','Placeat laudantium fugit illo quisquam autem deleniti sequi. Sapiente voluptas consequuntur voluptatem doloremque a corrupti neque.','ea','47557362',NULL,'1974-04-13 20:17:18','2005-04-01 10:35:32'),
('243','3','955','Suscipit ipsum itaque in dolor ad delectus. Inventore et fugiat occaecati officia modi suscipit. Voluptatibus et vero eum dolores. Voluptas rem ipsam nobis exercitationem cumque. Aspernatur doloribus molestiae nostrum aut dignissimos fugiat minus.','minima','54224457',NULL,'1998-01-09 08:18:47','1997-12-22 15:22:30'),
('244','4','956','Nobis cum qui rerum quasi. Facilis qui sit laborum rerum quo cum voluptas porro.','et','4489',NULL,'2018-08-01 02:20:16','1972-06-21 19:33:53'),
('245','5','959','Sit eum et sapiente quo. Odit velit omnis repellendus voluptas ut esse. Commodi tempora omnis dolores facilis. Quia consequatur iste quod est sint vitae libero.','voluptatem','50599796',NULL,'2012-05-22 06:11:53','1998-12-29 10:40:12'),
('246','1','960','A dolorem ratione aliquid qui vitae sed. Tempora assumenda nisi aut ullam magni autem tenetur molestias. Dolor quia consequatur id fugit officia et. Mollitia possimus quibusdam consequatur deserunt.','at','730',NULL,'1993-12-28 13:24:46','2019-06-28 16:18:15'),
('247','2','961','Eos consequatur et consectetur quis minus excepturi. Voluptatem aut temporibus inventore dolores. In beatae quaerat dolorem ratione aut sit voluptatibus. Molestiae occaecati expedita reprehenderit dolores.','velit','700541',NULL,'1987-10-27 04:22:01','1981-01-27 15:45:07'),
('248','3','962','Magni aut repudiandae distinctio tempora eum. Velit repellendus repellendus quaerat distinctio. Voluptas nam aliquam aut ut.','fugiat','2',NULL,'2001-06-29 22:07:37','2013-03-26 00:00:28'),
('249','4','963','Occaecati quia qui voluptatibus officia sint dolorum et. Incidunt veritatis et mollitia exercitationem autem. Ducimus quas ab rerum temporibus. Aliquam laudantium est doloremque perferendis dignissimos.','laborum','181',NULL,'2007-03-27 01:07:42','1975-08-22 14:33:49'),
('250','5','965','Molestias fugit aspernatur ut veniam qui ut neque eligendi. Perspiciatis maiores adipisci veritatis quaerat et. Maxime laboriosam harum rerum exercitationem inventore. Ullam delectus earum dolores voluptatum molestiae consequatur ipsum.','officia','50874693',NULL,'1988-02-29 07:03:39','1978-12-21 22:09:07'),
('251','1','966','Recusandae qui suscipit ipsum autem omnis et eos. Illo laborum rerum delectus omnis tempora sequi odit. Delectus voluptatibus sequi quam et id et. Reiciendis fugit qui recusandae.','omnis','5957669',NULL,'2019-02-07 00:57:13','1996-10-11 11:20:50'),
('252','2','967','Enim incidunt porro et magnam aut. Rerum non consequatur assumenda doloremque doloribus. Sunt rem et cum minima suscipit reprehenderit.','adipisci','7442574',NULL,'2018-01-15 00:27:31','1974-11-15 07:52:25'),
('253','3','969','Commodi quia ea est libero. Et et id corrupti sed dolorum quaerat minus repellat. Deleniti at mollitia sed sit itaque officiis. In nesciunt eaque vel voluptate ipsam dolores.','sunt','5329809',NULL,'2009-08-31 11:20:10','1984-11-01 12:17:07'),
('254','4','970','Iusto nobis necessitatibus a et culpa est. Earum quos sint tenetur. Odio omnis eaque aliquam architecto culpa. Asperiores ad odio magnam.','et','0',NULL,'1990-11-26 04:46:59','1983-07-21 04:31:47'),
('255','5','971','Repellendus et possimus eum expedita. Recusandae odio qui cum id. Iste vero quis enim molestiae consequatur vitae ut. Et totam quis aut quo maxime culpa eligendi. Laboriosam doloremque non est enim rerum voluptas eaque.','aut','960',NULL,'1970-02-05 14:30:19','1998-10-14 11:54:31'),
('256','1','973','Id tempore totam sed perferendis necessitatibus. Consectetur id officia est aut numquam. Atque harum minus dolorem et.','magnam','550',NULL,'1992-10-14 12:14:33','1991-02-13 07:46:24'),
('257','2','974','Aliquam ea aut architecto sed exercitationem quibusdam et. Magnam qui repellendus pariatur. Iusto voluptatibus repudiandae possimus natus dolores.','commodi','554',NULL,'1996-04-11 05:26:20','2002-03-13 14:28:20'),
('258','3','975','Pariatur animi reiciendis esse tempore pariatur. Voluptas aut sint quod aliquid et incidunt tempore. Exercitationem et odit voluptatum aliquam magnam veniam a. Quam veniam vel voluptatibus.','quo','3482268',NULL,'2014-07-24 21:55:01','1988-01-03 13:22:53'),
('259','4','976','Aliquam excepturi impedit et. Pariatur fugiat ut ipsam omnis earum. Ad vitae tempora et culpa recusandae. Accusamus impedit recusandae nobis blanditiis inventore eos quasi quod.','fuga','0',NULL,'2013-03-22 10:38:33','1986-05-19 00:30:52'),
('260','5','980','Inventore et deserunt hic eligendi. Occaecati natus soluta et debitis. Nemo iusto sit omnis necessitatibus dolorem.','molestiae','85',NULL,'2012-04-11 06:50:22','1975-11-05 05:13:52'),
('261','1','981','Aliquid sed nihil eveniet et. Sed praesentium nulla dolores enim quidem corrupti. Eligendi nisi aut at quos suscipit architecto eaque.','dolorem','44',NULL,'2019-10-28 04:50:55','2019-07-02 18:36:44'),
('262','2','982','Velit aspernatur quaerat aut cumque voluptates. Excepturi quasi fugiat voluptas aut. Qui consequuntur quasi quia dignissimos quasi perferendis impedit ea. Et omnis dolore qui ex laboriosam sit.','sed','304155',NULL,'2016-07-23 05:42:01','2009-09-08 20:52:55'),
('263','3','983','Sit unde quo qui animi et nihil deserunt. Aut alias aliquid qui minus qui delectus dignissimos. Illum provident modi sed unde beatae totam sunt. Enim qui minima qui ab nesciunt sint.','ut','0',NULL,'1998-07-09 01:27:17','1985-03-30 13:57:57'),
('264','4','986','Expedita id vel nisi qui sed illum. Ipsa magni accusamus sed ipsum.','saepe','0',NULL,'1979-07-23 01:50:20','1977-02-11 01:41:04'),
('265','5','987','Autem iste et tempore voluptates facere repellendus aut. Delectus et ratione eius excepturi dignissimos aut sapiente. Voluptatem distinctio earum laboriosam. Animi sapiente tempora architecto necessitatibus.','accusamus','81876',NULL,'1994-09-01 15:32:56','1985-06-30 12:12:59'),
('266','1','989','Eum atque cum maiores delectus officia. Autem consequatur vitae voluptatem molestiae ut cum quia. Aliquam aut a adipisci et.','et','286236861',NULL,'2004-07-31 07:22:47','1975-04-28 22:40:20'),
('267','2','993','Doloremque nostrum iusto error nemo quia. Architecto accusamus vel voluptas minima velit in. Libero est accusantium deserunt et.','quas','5544',NULL,'2005-02-04 17:03:27','2012-06-06 16:54:51'),
('268','3','994','Ut accusamus repudiandae esse iste consectetur expedita. Et consequatur repellat eaque asperiores. Nostrum commodi est nihil provident molestiae.','aut','937',NULL,'2001-06-13 13:09:55','1979-09-12 18:08:07'),
('269','4','995','Nam esse fuga sed quia iste. Rerum exercitationem quisquam commodi molestiae qui quis. Voluptate voluptatem et reprehenderit necessitatibus.','neque','9',NULL,'1988-01-03 18:44:54','1985-10-15 13:54:43'),
('270','5','997','Velit dolor asperiores dolor. Sit fugiat voluptatum aliquid odio perferendis vero nemo.','est','477256643',NULL,'1995-05-11 05:11:09','2016-08-19 17:00:22'),
('271','1','999','Quas officiis reiciendis et quo enim velit. Magni sunt perspiciatis quas in nobis eum. Dolor reiciendis qui magnam ipsam fugit cum.','enim','875',NULL,'1983-08-01 17:23:58','1993-02-11 21:46:22'),
('272','2','501','Quasi maxime quidem nostrum. Recusandae voluptates sunt iure a aliquid incidunt repellendus. Autem accusamus impedit sapiente molestias doloribus.','temporibus','114025687',NULL,'2001-06-15 03:02:37','1992-05-31 02:02:36'),
('273','3','502','Amet eum eligendi voluptatem eos. Illo quis in et aliquid. Commodi omnis aliquam ut repudiandae placeat quos. Pariatur nostrum placeat quia qui rerum corporis est.','voluptas','11468310',NULL,'1993-04-14 20:03:58','1979-10-24 21:54:26'),
('274','4','503','Voluptas sapiente deserunt ut odio architecto corrupti. Et cupiditate porro accusamus. Ipsa nihil facilis natus voluptas ex ut in. Voluptas aspernatur consequatur facilis quia molestias non in sequi.','aut','44158',NULL,'2014-10-06 07:46:15','2007-04-21 12:09:34'),
('275','5','504','Atque officiis non nobis sint velit rerum. Iure eum culpa explicabo accusamus. Rem maiores recusandae quo qui. Qui aut accusantium atque est.','officiis','912629493',NULL,'1977-10-21 00:40:11','2013-12-31 11:35:22'),
('276','1','505','Nihil quisquam voluptatem aut nulla eos qui. Error cupiditate unde amet. Aut cupiditate alias eaque illum.','libero','73010528',NULL,'1978-10-04 18:38:54','2010-02-11 19:58:17'),
('277','2','506','Tenetur molestiae minus numquam corrupti dolores architecto. Explicabo ut quia corrupti fugit quod quis. Adipisci adipisci qui molestiae quis. Laborum reprehenderit alias accusantium quidem dolores maxime.','quia','977',NULL,'2018-12-24 13:04:18','1991-05-21 04:36:32'),
('278','3','507','Ut suscipit et dolor aut natus nulla quo laudantium. Enim error incidunt omnis culpa et nisi. Assumenda nihil aperiam soluta praesentium voluptas enim. Quas et aut officia ratione.','molestiae','6',NULL,'1976-09-17 04:37:00','2012-10-29 19:41:43'),
('279','4','508','Aut sapiente atque rerum omnis similique. Aut nobis tenetur voluptatibus nisi. Magni aut aliquam perspiciatis veritatis dolorem explicabo.','voluptatem','112806432',NULL,'2004-02-16 08:54:51','1975-04-16 14:54:30'),
('280','5','509','Totam in praesentium excepturi laudantium incidunt maiores. Eius voluptatibus repellat tenetur sed accusamus natus veritatis quis. Excepturi pariatur ut doloribus enim voluptas omnis reprehenderit. Pariatur non possimus odio qui modi optio.','voluptatem','870396',NULL,'2010-06-11 10:24:43','2003-07-09 07:10:33'),
('281','1','510','Delectus fuga natus porro incidunt optio neque earum. Aperiam amet provident veniam modi consequatur quasi numquam. Molestiae quaerat aperiam vitae dignissimos velit explicabo. Officiis sit culpa velit non eos quod.','mollitia','4955',NULL,'2015-08-29 22:07:23','2016-02-09 17:43:19'),
('282','2','512','Molestias placeat alias dolore et ea. Natus sequi vitae eum dolores officiis. Aliquid sint rerum libero sed voluptate. Impedit praesentium quod quaerat omnis voluptas sequi.','qui','2',NULL,'2011-11-11 15:27:41','2000-04-26 18:16:04'),
('283','3','515','Iure et quia perferendis voluptatem et dignissimos et. Eos qui sed sint sunt voluptatem nisi cumque. Ad repellendus occaecati consectetur qui sit.','dignissimos','830',NULL,'1991-03-23 09:34:56','1999-07-24 14:10:38'),
('284','4','520','Qui libero sit quo qui. Nam et quis velit consequuntur. Illo consequatur aut consequatur repudiandae nemo. Harum possimus non est perferendis.','maxime','37351',NULL,'1989-09-02 21:31:31','1988-02-02 02:55:22'),
('285','5','521','Dolore sed omnis voluptas. Quos est pariatur enim quam veniam rerum. Suscipit autem libero et blanditiis ab. Dolore dignissimos quod exercitationem voluptas similique omnis qui impedit.','fugit','919829',NULL,'1977-11-18 14:09:51','1992-05-30 01:11:47'),
('286','1','523','Saepe vitae voluptatem facere eum delectus in est. Vitae excepturi aut eum. Maiores nesciunt blanditiis fugiat et et dolores. Qui quas dolorum suscipit animi temporibus odio.','dolor','1',NULL,'1996-07-22 14:03:00','2000-11-29 22:08:51'),
('287','2','525','Voluptatum cumque molestias eos velit voluptas repellat nisi aliquid. Sit nulla dolorem et odio accusamus. In eveniet sed consequatur omnis et quasi esse assumenda. Dolor saepe perferendis voluptatem et omnis et architecto.','ullam','153472',NULL,'2000-12-14 08:41:35','2012-10-03 23:26:33'),
('288','3','528','Corrupti aut quibusdam asperiores incidunt. Est non ut autem voluptatibus. Dignissimos expedita saepe veritatis odit tenetur nobis.','omnis','5205',NULL,'1972-10-05 04:06:10','1997-07-18 18:43:09'),
('289','4','529','Quasi dicta eaque labore reprehenderit laborum. Et sit non magnam qui consequatur et. Aperiam incidunt quia at voluptate voluptatem id.','nihil','0',NULL,'2017-11-26 02:48:07','2015-05-13 12:47:45'),
('290','5','535','Labore excepturi aliquid ut et vero adipisci incidunt. Rerum id illo omnis omnis a alias. In rerum quia maiores aliquam temporibus perspiciatis vitae. Laboriosam deleniti qui non. Nostrum aut suscipit laboriosam.','dolores','2259040',NULL,'1994-04-01 03:41:18','2011-09-28 15:28:32'),
('291','1','538','Aut dolor accusamus ut rerum nam ea. Ab explicabo maxime dolorem et quasi molestiae in. Ipsum molestias ut facilis ab doloribus. Totam voluptatibus est ipsa voluptatem eius perspiciatis.','doloribus','56',NULL,'2001-01-09 22:33:50','1980-10-12 00:29:10'),
('292','2','539','Voluptatem mollitia non ea blanditiis. Ab dolores quasi voluptatum et consectetur. Provident quas perspiciatis aliquid sint qui provident sequi.','nisi','7',NULL,'1973-01-11 01:34:02','2009-06-18 17:02:26'),
('293','3','540','Sint ipsa omnis id. Excepturi inventore ea debitis porro. Necessitatibus aut eos nulla ex recusandae nesciunt cum.','pariatur','11189',NULL,'1993-01-28 22:05:01','2002-07-10 18:30:01'),
('294','4','542','Perferendis aut ea harum quod aut est. Nisi nihil velit illum qui. Ducimus consequatur quisquam est repellendus ipsam voluptatem. Quasi voluptatem nihil distinctio ab.','officiis','765553',NULL,'2001-03-06 13:41:19','1977-06-23 11:10:55'),
('295','5','543','Et sint qui sit rem voluptate qui nobis. Repudiandae aut doloremque magni voluptatem. Architecto nihil ad qui quos. Neque at dolores omnis suscipit dignissimos autem nihil.','non','1674041',NULL,'1994-07-03 03:39:37','2003-04-30 22:04:27'),
('296','1','544','Quod voluptatem quis quia hic dolor qui autem. Et assumenda dolores iste. Quae voluptas perferendis nobis aliquid repudiandae consequuntur voluptatem. Qui vel error tenetur.','veniam','89986',NULL,'1985-03-27 16:38:22','2002-10-11 12:48:48'),
('297','2','545','Repudiandae voluptatem sequi quos cum rem. Eaque tempora et quas aut quia. Consequuntur sequi ut quia.','magni','3225',NULL,'2015-01-27 23:41:10','1970-01-10 22:32:13'),
('298','3','546','Id voluptates et voluptatum nostrum et cum molestiae. Qui sit dolore officiis porro laudantium commodi dolores. Asperiores molestias totam accusamus accusantium facere et deleniti cumque. Maiores totam occaecati minima. Voluptates qui et necessitatibus reiciendis officiis.','sapiente','399470',NULL,'2002-01-29 07:57:12','1970-03-26 10:31:04'),
('299','4','547','Qui similique veniam ratione qui recusandae quisquam. Sed voluptatum ad nihil saepe et quia amet. Est officiis cupiditate dolorem placeat. Unde facilis non illum veritatis voluptatem.','dolor','0',NULL,'2008-04-23 06:55:01','2018-09-27 19:18:52'),
('300','5','548','Neque perferendis dolor ut animi nulla qui. Eos excepturi rerum nihil quaerat ea magnam veniam consequatur. Quibusdam molestiae ab aut doloremque in.','dolorum','416',NULL,'1971-01-08 20:49:49','1993-08-18 06:07:11'),
('301','1','549','Est numquam qui excepturi. Qui sint natus vel. Voluptates repellendus deleniti voluptates laborum voluptatem. Suscipit consequuntur iusto sed. Consequatur quidem nam distinctio facere.','totam','7588723',NULL,'2006-11-23 16:32:51','2011-04-06 17:55:08'),
('302','2','550','Natus ea molestias possimus rerum voluptas saepe dolorum et. Laboriosam aut ut magnam itaque non necessitatibus vero. Minus eos suscipit in ipsum.','consequatur','77781411',NULL,'2019-03-17 12:35:42','1970-03-02 19:51:39'),
('303','3','551','Enim aliquid est quo quisquam repellendus. Fuga ullam qui id deleniti asperiores. Assumenda sint labore quis id explicabo.','dolorem','43583114',NULL,'1970-09-25 15:02:44','1995-05-04 12:08:55'),
('304','4','553','Quod reiciendis sequi voluptatum non est. Sit quod beatae odio eveniet magnam. Modi minus fuga consequuntur eaque voluptatem praesentium.','nostrum','0',NULL,'2018-07-20 02:28:25','1985-10-24 10:01:15'),
('305','5','554','Omnis tempore optio at incidunt laudantium earum vitae. Qui at ea omnis tempore. Numquam nihil voluptas et sint voluptatem.','excepturi','30',NULL,'1987-05-24 09:57:57','1982-06-06 04:33:42'),
('306','1','555','Temporibus harum blanditiis fuga illo itaque modi. Similique sint omnis ipsam omnis. Laboriosam natus blanditiis ab eius nam molestiae voluptate eligendi. Ipsa incidunt est aut maiores consequuntur et cumque.','aut','88748',NULL,'1971-03-06 14:48:09','1999-06-26 04:11:44'),
('307','2','558','Distinctio consequatur consequatur architecto qui. Earum qui necessitatibus dolorum dolorem et illum maxime. Beatae autem velit consectetur ipsa ratione quam optio eligendi.','debitis','634645568',NULL,'2013-10-21 22:37:52','1984-03-29 20:56:24'),
('308','3','559','Quod perspiciatis aut placeat sed praesentium saepe voluptas optio. Velit optio animi minima qui neque. Impedit ut vero esse ea.','possimus','5359352',NULL,'2002-02-21 17:28:08','1990-03-15 20:45:16'),
('309','4','561','Qui rerum occaecati omnis illum possimus iste. Architecto amet reiciendis quidem libero sed. Harum deserunt reiciendis qui quaerat et minima. Voluptates commodi eos sint incidunt non odio animi.','quas','35694711',NULL,'1992-09-06 21:39:36','2017-10-01 09:34:23'),
('310','5','563','Reiciendis enim quibusdam officia laudantium ullam consequatur. Quaerat est quam est corrupti sed et. Dolor fugiat non cumque ad eligendi et. Quidem qui aut sint officiis est.','ullam','78598150',NULL,'2007-11-13 03:41:52','2014-01-22 08:07:23'),
('311','1','567','Qui minus necessitatibus non quae incidunt optio necessitatibus. Modi consectetur excepturi quod quas quibusdam odit tempora. Est quos facere adipisci praesentium ut. Blanditiis optio quia rerum.','et','8226646',NULL,'1973-05-04 06:47:38','1971-10-12 13:22:24'),
('312','2','571','Accusamus nam laboriosam eveniet iste soluta. Ea sit repellendus corporis quo. At molestias voluptatum et quis voluptas rerum ea est. Veritatis expedita blanditiis et quisquam.','placeat','7',NULL,'1973-01-31 15:45:15','1997-12-09 14:43:46'),
('313','3','573','Ut quia dolores voluptas tenetur. Exercitationem earum vero eveniet magnam quibusdam ut. Et autem aut eveniet dolor. Dolor quos fugiat expedita sunt occaecati omnis praesentium adipisci.','illum','8913598',NULL,'1976-11-29 23:39:36','1978-07-02 18:32:36'),
('314','4','574','Sed nostrum voluptatum distinctio nemo et. Enim ut in quis omnis a. Et minus voluptatibus qui voluptas debitis fugit.','quam','0',NULL,'1990-04-27 02:10:49','1998-07-13 14:41:54'),
('315','5','575','Possimus rerum recusandae quasi soluta ad sed. Sit atque magni et dolor corporis est provident. Odit deserunt incidunt doloribus recusandae cumque. Beatae iusto sit voluptatum iste minus fuga.','suscipit','9',NULL,'2014-04-28 00:59:56','2012-12-13 13:26:53'),
('316','1','579','Cupiditate non beatae qui adipisci provident enim aperiam dignissimos. Nulla quo repellendus molestias eos sequi. Eum odio maiores totam qui blanditiis esse. Et dolores tenetur ut culpa dolorum harum mollitia et.','consequatur','73',NULL,'1971-06-28 00:02:27','2013-12-19 23:16:44'),
('317','2','580','Aliquam suscipit voluptatum commodi adipisci mollitia nam recusandae. Delectus omnis dolores voluptatem. Quidem esse provident sunt incidunt. Sunt quia ipsum nobis repellat soluta.','quos','912380',NULL,'1982-06-05 04:47:26','2011-11-15 06:39:44'),
('318','3','581','Quo consequatur ex maiores dolores molestiae sed placeat. Quae et eius eaque.','porro','60',NULL,'2008-06-23 14:25:37','2008-08-14 08:20:36'),
('319','4','583','Iusto ratione voluptas illum natus. Quo eveniet sapiente doloremque tenetur. Cum veniam expedita in optio aut.','suscipit','4',NULL,'2010-08-31 20:45:23','1988-01-18 10:00:45'),
('320','5','585','Ut deleniti accusamus eum necessitatibus laudantium. Exercitationem qui nihil officia molestias sint consequatur. Aut dolores assumenda voluptates reprehenderit. Ut a commodi accusantium dolor.','molestiae','226',NULL,'2008-01-08 22:33:41','1986-07-18 12:15:28'),
('321','1','587','Impedit nisi aliquid ex excepturi. Rerum eos facilis magni quis ratione et assumenda. Eligendi sunt ea fugiat ducimus. Fugiat est dolor earum nobis qui praesentium cum eum.','soluta','0',NULL,'1981-06-13 16:28:41','1991-12-16 05:19:22'),
('322','2','590','Possimus explicabo amet eaque voluptatem natus. Error rerum est maxime itaque in in rerum. Placeat quo et qui eum amet unde provident.','tempore','417348',NULL,'2002-10-09 18:46:51','1984-06-02 13:54:09'),
('323','3','594','In in necessitatibus nam optio sint eaque. Dolorem sapiente voluptatem reiciendis et. Quis corporis qui et debitis ut suscipit. Blanditiis quod sed quas et in modi.','facilis','28',NULL,'1999-10-18 00:14:24','1970-02-18 10:36:53'),
('324','4','601','Doloremque nihil ipsum sapiente est ut tempore. Commodi rerum quis voluptate molestias. Optio corrupti sit quasi perspiciatis. Praesentium quam accusamus ut eaque dolorem est voluptas natus.','repellendus','40682',NULL,'2008-05-21 02:58:42','2013-07-26 18:12:59'),
('325','5','603','Eveniet provident nisi dignissimos. Aut ut quos in quia recusandae quaerat sequi officiis. Sapiente aut maxime facilis et.','soluta','2216',NULL,'1985-04-12 02:21:38','1999-03-19 06:36:43'),
('326','1','605','Atque inventore dolorem accusantium provident sed voluptatem minima. Quibusdam dolorum nisi nisi ut sapiente voluptas. Id consequatur est nisi occaecati explicabo vel suscipit.','est','721751',NULL,'1993-04-03 16:27:59','1993-09-17 16:54:46'),
('327','2','607','Error iusto amet est qui. Atque qui ut dolore dolorum. Autem et consectetur labore sed voluptatum repellendus.','sequi','921479',NULL,'2001-06-15 19:54:13','1973-08-19 12:56:28'),
('328','3','608','Adipisci quia alias qui modi est dolores quia dolores. Repellat consequatur quia sunt qui. Cum voluptatem fugit quod quos a aperiam. Temporibus numquam dolores molestiae et sunt voluptatem quod.','voluptatem','864920',NULL,'1973-12-31 17:29:57','1996-09-01 07:36:55'),
('329','4','609','Totam corrupti ut amet. Sint consequatur consequatur ut eum velit id. Est id sit laudantium et unde sed et. Et quis voluptatem explicabo est.','molestias','2713',NULL,'1982-06-13 21:02:32','1971-10-04 01:33:50'),
('330','5','613','Doloremque consequuntur nemo maxime ut voluptatibus. Et non odit dolor est rerum. Quo nostrum excepturi unde voluptatibus accusamus pariatur.','omnis','7597',NULL,'1972-11-05 00:51:45','1985-09-03 23:49:02'),
('331','1','618','Minima omnis saepe earum sint soluta praesentium. Autem doloremque veniam hic recusandae suscipit vitae.','ea','334448',NULL,'1988-10-18 03:20:38','1982-01-25 11:29:08'),
('332','2','619','Voluptates nostrum illo quia consequatur. Nam sed quod facilis quo voluptatibus architecto facilis. Dolorum quia accusamus laboriosam esse similique voluptates voluptatibus.','est','8119',NULL,'1978-10-03 11:20:30','1976-12-22 05:41:12'),
('333','3','620','Dolorum repellat et eaque molestiae officia corrupti harum. Ducimus id totam aut. Quos quidem eligendi odio sunt. Sit aut veritatis nemo ab dolorum unde in.','aut','720',NULL,'1970-10-14 11:59:01','1976-05-22 03:10:09'),
('334','4','621','Aut quam minima aut est esse quidem unde. Eos sed officia ipsum fuga ea. Beatae eligendi perspiciatis molestiae accusamus quidem. Sed sit consequatur ipsa ad voluptate.','soluta','92046',NULL,'2002-09-03 14:29:14','2014-03-15 08:39:08'),
('335','5','625','Non dolorum est vel minus aspernatur velit. Id qui omnis enim recusandae nostrum temporibus. Et sunt nostrum eveniet quis. Cumque nisi sed temporibus culpa.','minus','1548',NULL,'1998-05-13 08:28:04','2000-08-16 06:03:55'),
('336','1','628','Et earum ad aspernatur aspernatur. Alias repudiandae maiores et labore reiciendis dolore rem. Fugiat temporibus quod vel eum aliquid dolor. Et numquam qui libero non sint dolor dolorem aut. Occaecati ut natus explicabo voluptas aut.','non','62968',NULL,'2017-06-20 21:42:36','1998-07-14 04:15:09'),
('337','2','633','Vel tempora quasi explicabo unde labore occaecati fugit. Molestias et nihil est qui esse doloremque illo. Est esse dolorem dolorem sint. Amet laboriosam tenetur et harum.','enim','7713164',NULL,'1992-06-25 01:07:38','1970-03-10 17:34:15'),
('338','3','634','Molestiae ut quia vero reprehenderit. Fugit neque rerum qui est quis sapiente consectetur. Delectus fugit nisi officia ratione assumenda atque maiores.','facilis','13',NULL,'2011-11-25 23:53:14','1971-08-19 04:01:24'),
('339','4','637','Adipisci accusantium id quos qui. Praesentium esse aut sed reiciendis. Nesciunt sapiente unde quibusdam similique facere. Debitis dolore facilis similique dolore.','rerum','529828327',NULL,'2009-06-28 17:23:00','2007-09-10 23:08:22'),
('340','5','639','Hic perspiciatis autem laudantium enim rerum adipisci. Delectus quam ipsam voluptas ab et laudantium. Magnam quo ducimus ut aspernatur ad quisquam expedita modi. Debitis harum eius suscipit natus porro delectus et. Maxime veniam deleniti ad aut sunt.','voluptatem','697229',NULL,'1988-03-02 22:52:42','2019-12-13 22:40:29'),
('341','1','641','Id et aut qui possimus perspiciatis id. Asperiores quos perspiciatis asperiores id nihil sapiente atque. Enim et voluptatem provident cumque voluptatibus ea soluta.','numquam','492876371',NULL,'1987-09-20 01:56:08','2000-07-17 01:07:37'),
('342','2','643','Dolorum quia explicabo voluptas necessitatibus et odio eum est. Quibusdam tenetur labore nulla. Et omnis explicabo vel dolore.','consequatur','553869',NULL,'1992-05-31 17:18:49','1986-03-14 18:55:09'),
('343','3','645','Et ea rerum et placeat voluptas a. Et saepe qui nam voluptatem. Nemo in cupiditate ducimus magni.','totam','86350185',NULL,'1973-08-18 08:28:36','1974-07-18 23:35:57'),
('344','4','646','Dicta consequatur sed porro consequatur. Unde ea et aliquam labore quidem rerum. Minus iure et laborum maxime repellendus ad sunt.','ab','44960',NULL,'2000-11-20 04:30:04','2007-01-12 04:34:15'),
('345','5','647','Accusantium dolorum explicabo omnis dolorem neque quo. Commodi aliquam officiis dicta molestiae porro repellendus non. In qui repellendus repellat eius eum omnis.','officiis','98038',NULL,'1992-04-25 06:53:15','1984-05-08 17:48:34'),
('346','1','650','Ipsam sit culpa odit id et excepturi sequi. Est modi impedit pariatur at aliquam recusandae quod in. Ut ut ex at deserunt repellat quibusdam saepe.','vel','7684',NULL,'2019-11-03 00:54:17','2004-04-29 01:55:15'),
('347','2','651','Nulla optio et unde modi nobis corrupti. Aliquid nihil ullam necessitatibus qui laudantium odio enim. Et voluptatibus odit assumenda.','nisi','7672783',NULL,'1993-06-25 12:37:06','1971-04-14 16:11:05'),
('348','3','653','Consequatur ad delectus blanditiis hic voluptatem blanditiis. Fugit iure accusantium suscipit sint aut optio voluptas. Molestiae veritatis consequatur qui voluptatem recusandae. Aliquam corrupti quia pariatur sunt est ut.','sed','671320287',NULL,'2000-03-16 18:09:49','1991-08-13 23:33:44'),
('349','4','657','Voluptatem possimus veritatis maxime rem officiis dolorum. Cupiditate consectetur blanditiis et voluptas. Quidem inventore voluptatum distinctio voluptate voluptates.','veritatis','32859667',NULL,'1970-07-23 21:25:12','1974-11-28 21:57:03'),
('350','5','658','Quis natus explicabo pariatur aut pariatur consectetur omnis. Quis debitis fugit vero consequatur sed. Commodi dolorem laborum dolores quis est. Est recusandae nostrum tenetur ipsa eligendi sunt.','quae','1799390',NULL,'2008-04-25 07:55:57','1984-06-23 07:43:02'),
('351','1','659','Dolorum nam quia consectetur perferendis quia dicta. Assumenda quae fugit eaque sint voluptas officia maiores placeat. Exercitationem asperiores aut maxime amet vero commodi.','mollitia','8513918',NULL,'2012-10-14 20:57:07','2012-05-05 03:24:47'),
('352','2','666','Aut enim sequi quos asperiores maxime. Quod excepturi odit eos rerum. Quia nemo ut corrupti et quos.','est','23653',NULL,'1984-02-23 16:17:42','2011-07-16 18:53:53'),
('353','3','668','Quibusdam quia dolores laboriosam debitis expedita voluptas molestiae. Dolorem voluptatem assumenda enim. Placeat aperiam ab non consequuntur voluptas maxime qui. Quasi est impedit sint non voluptatibus ut et velit. Eum iusto et id doloremque.','ab','5659715',NULL,'2013-07-02 17:38:35','1972-12-18 04:23:12'),
('354','4','669','Error et ipsa dolores sed expedita doloribus magnam. Et voluptatem iusto veniam. Rem ut sapiente dolorem asperiores ipsum. Est velit sunt minus et at molestias.','maiores','6',NULL,'1970-03-05 21:34:47','1971-02-11 12:20:26'),
('355','5','673','Repudiandae animi ab sit quae atque iusto. Quasi dolore voluptas ratione doloribus. Non culpa enim inventore sunt atque.','provident','47520',NULL,'1992-10-21 23:33:24','1985-09-02 06:35:35'),
('356','1','677','Alias velit optio magni molestiae impedit. Quasi non delectus quo facilis laboriosam. Quaerat vero nemo quo sit at amet.','eum','99',NULL,'2002-01-07 00:50:03','1970-11-13 13:35:17'),
('357','2','678','Incidunt dolorem inventore ratione adipisci dolorem iste. A aut facere inventore rerum eius quia fugit. Illo deserunt harum in.','et','31193355',NULL,'1982-11-20 17:12:24','2002-04-21 03:52:59'),
('358','3','679','Corporis eaque suscipit occaecati accusantium sequi. Dolore voluptatum repudiandae quia enim dolorem. Accusantium ratione fugit modi aperiam et impedit quo. Ipsa saepe quo excepturi qui.','in','2557',NULL,'1996-08-06 09:44:57','1975-11-29 19:49:17'),
('359','4','688','Omnis dicta quae delectus aperiam quod omnis. Quo error quo ipsum ut quis consequatur. Explicabo vel et rerum. Sit cupiditate nihil nihil.','voluptatem','891',NULL,'1970-02-27 02:57:53','1989-10-12 20:05:11'),
('360','5','689','Nam non beatae quibusdam laudantium repudiandae optio. Commodi praesentium vel quia blanditiis id recusandae commodi. Quibusdam odit aut alias est eos.','sed','1',NULL,'1976-10-25 14:52:55','1998-03-19 18:51:41'),
('361','1','691','Voluptas aut deserunt aut odit. Quis enim sed ipsa suscipit ea repellat. Dolores exercitationem aspernatur omnis excepturi sed sed.','provident','4860751',NULL,'1998-05-27 14:31:56','2014-09-27 02:20:24'),
('362','2','694','In cupiditate eius quas at ullam eos enim. Eum magni nemo rerum aliquid reiciendis quidem. Doloremque cum velit cumque ut a sed.','earum','121062',NULL,'1970-03-29 19:42:58','1997-12-21 11:08:52'),
('363','3','695','Numquam fugiat placeat earum fugiat perspiciatis quisquam sed. Laboriosam at fuga placeat hic voluptas. Et asperiores qui quo sed similique et saepe. Possimus temporibus voluptatum eligendi aut.','nobis','1548',NULL,'1978-03-25 20:03:24','1973-04-30 23:04:08'),
('364','4','696','Vel nihil tempora qui deleniti fugiat. Et ullam dolorem cum modi. Soluta incidunt cupiditate sit quis quas. Voluptatem facere placeat id ut ducimus esse.','error','65821',NULL,'1976-01-05 02:15:17','1980-01-26 19:17:05'),
('365','5','697','Ut et qui hic eum aspernatur est sed. Voluptas sit unde occaecati aliquam similique. Veritatis repellendus officia id consequuntur et rem dolores.','sequi','9446',NULL,'1991-05-08 20:07:18','1983-08-11 00:42:24'),
('366','1','698','Enim ut et saepe omnis nam unde id. Nulla maiores qui non commodi magnam. Quidem esse velit sit dolorem laboriosam ullam aut.','non','1660',NULL,'1999-10-13 00:37:09','2003-03-21 14:04:15'),
('367','2','699','Voluptatem neque sit consectetur eligendi. Perspiciatis beatae nihil et recusandae et et.','veniam','7828400',NULL,'1975-12-23 20:44:49','1994-07-31 00:18:33'),
('368','3','700','Nostrum sed repellat qui beatae architecto sit. Quam a minima consequatur magnam dolorem inventore repellat. Praesentium velit vel eaque fugit laborum consequatur. Eum quae omnis iure est magni minima quia. Sit tempore dolores vel autem assumenda.','eos','0',NULL,'1975-01-18 18:21:48','1974-01-16 23:11:48'),
('369','4','701','Totam voluptas commodi sint quis quos. Velit dolor necessitatibus necessitatibus. Totam sit quia distinctio. Quo beatae est dolores. Nam eveniet nulla et dolor hic eligendi rem.','quo','226257',NULL,'2020-03-15 18:15:09','2016-04-29 19:07:45'),
('370','5','703','Tenetur odit iure reprehenderit est cum. Amet voluptas laborum voluptates in consequatur distinctio.','voluptatem','543',NULL,'1998-05-22 22:37:17','2016-09-19 19:45:10'),
('371','1','704','Dolore placeat repellendus eius placeat ut. Debitis tenetur sit tenetur labore ipsum. Omnis veniam assumenda ut deserunt minima velit consectetur. Aut aut et tenetur sunt.','placeat','608881',NULL,'1978-04-28 16:14:09','1990-08-24 12:49:30'),
('372','2','706','Aut autem nemo eos temporibus veritatis incidunt quis molestiae. Sapiente officia alias molestiae quo distinctio accusamus. Non expedita dolore dicta sapiente. Placeat qui eius similique mollitia enim non fugit eveniet.','accusantium','924661',NULL,'2007-04-17 03:43:38','1995-12-22 03:06:04'),
('373','3','707','Voluptatem qui dolores quis maiores. Ea et hic quos nostrum qui perspiciatis voluptatum repellendus. Enim inventore qui fugit ut voluptatem rerum quam. Similique sint odit pariatur placeat eos. Similique incidunt nesciunt ut vel dolor nesciunt illo.','suscipit','73128487',NULL,'1998-06-26 04:07:39','1975-10-10 23:14:07'),
('374','4','709','Nisi itaque pariatur est fugit et iste. Voluptatem ipsam aut qui incidunt. Et praesentium voluptate quas est sit iure sapiente.','culpa','165588451',NULL,'1985-01-01 06:49:12','1976-06-06 03:24:45'),
('375','5','711','Mollitia et officia illum voluptatem aut possimus distinctio. Magni veniam soluta quo harum aut.','expedita','91',NULL,'2005-03-04 06:01:16','1972-05-23 09:40:04'),
('376','1','713','Repudiandae et nobis dignissimos omnis. Sed provident quo possimus molestiae accusamus. Dolorem et pariatur deserunt. Itaque magnam occaecati recusandae quia at.','ipsam','4',NULL,'1994-09-26 03:12:49','1976-09-01 06:31:36'),
('377','2','715','Repudiandae quos similique sunt aliquam. Et dignissimos quo consequatur eius nulla. Quod molestiae vitae assumenda nihil animi. Ullam ratione ipsa tempora exercitationem debitis officia asperiores.','perferendis','0',NULL,'2010-06-23 10:57:16','2004-10-24 09:04:24'),
('378','3','717','Et tenetur voluptas dolor dicta ea. Ut cumque eaque numquam necessitatibus consequuntur. Repellat cum temporibus voluptatem natus fugit. Quos inventore ex ducimus quos.','minus','71781336',NULL,'1981-08-14 07:26:16','1974-08-16 14:34:06'),
('379','4','718','Odio est suscipit veniam delectus quis mollitia. Eos placeat eum consequatur a. Ut corporis recusandae corporis cum perspiciatis. Laborum neque cupiditate rem.','sapiente','0',NULL,'2000-02-23 15:02:12','1994-09-14 05:22:56'),
('380','5','721','Similique sint ratione eveniet vitae sint iste in. Ut nobis sit pariatur soluta dolores. Tempore ad sed sequi fuga tenetur eaque. Libero atque illo dolor.','eveniet','1182890',NULL,'1982-04-27 03:05:26','1971-04-28 06:06:45'),
('381','1','723','Aut vel saepe ut numquam quo incidunt maiores. Accusantium dolorum similique aspernatur placeat necessitatibus est similique.','voluptatum','90',NULL,'2019-03-08 20:01:15','1983-07-28 05:48:09'),
('382','2','725','Eligendi reiciendis nam ipsa voluptate quod illum. Vel qui iure magnam officia. Quod et suscipit nihil dolorem dolorem est porro qui.','quod','73212',NULL,'1991-10-20 11:00:55','2012-11-25 14:39:39'),
('383','3','727','Tenetur beatae dolorum hic ullam. Eos quia dolorem hic aperiam repellendus. Molestiae dolore fuga beatae eos.','voluptatum','534366',NULL,'2008-07-17 11:27:07','1978-10-22 07:45:32'),
('384','4','729','Rerum dicta ab et sed aut earum. Laboriosam quos atque accusamus dolor ipsum placeat. Numquam eligendi voluptas itaque sunt minima esse.','libero','618',NULL,'2011-06-26 17:40:07','2016-01-01 18:22:10'),
('385','5','733','Dolorem deserunt culpa maxime beatae. Voluptatem exercitationem ullam sunt blanditiis laborum. Velit in beatae eius quam ipsum maxime illo aliquid.','non','5384134',NULL,'2010-04-30 08:46:03','2014-10-24 23:36:10'),
('386','1','737','Qui modi est eius molestias ut et. Praesentium ducimus facilis quisquam voluptas cupiditate. Nulla laudantium dolore ut. Dolorem ipsa ut eligendi beatae. Pariatur delectus et architecto animi aliquid eligendi deserunt repellendus.','sint','4',NULL,'1998-02-03 02:28:59','1977-08-25 14:46:50'),
('387','2','740','Ratione voluptatem officiis omnis dolores aliquid. Porro eum vel ut. Qui magni dolor neque dolorum consequatur est est.','vel','6975',NULL,'2014-12-07 15:58:11','1977-04-24 17:40:41'),
('388','3','741','Et id sequi rerum labore. Sed dignissimos nostrum dolores et debitis impedit facilis. Et omnis corporis tempora saepe totam.','id','0',NULL,'1977-04-27 05:51:23','1975-01-10 23:36:58'),
('389','4','742','Eius facilis magnam et tempore animi illum ut. Molestiae tempore sit qui quia est. In qui eum optio mollitia itaque dignissimos cum. Vel et et dolores culpa voluptatem at quod ducimus. Totam accusamus illum maxime eligendi veniam aut quod.','rerum','85',NULL,'1986-10-19 07:49:32','2001-06-05 08:25:15'),
('390','5','744','Repellat dolor veritatis ipsam alias eos veniam sint maxime. Minima nihil voluptatem voluptas molestias aut corrupti. Sunt cupiditate consequatur molestiae ab ab sapiente et.','voluptatem','6154',NULL,'1975-05-29 09:03:26','2011-07-17 06:07:55'),
('391','1','745','Sed qui et voluptas maxime quod ea quos sed. Nostrum assumenda excepturi sunt et aut. Repudiandae quia vel voluptatum quibusdam. Nihil eaque qui excepturi.','magni','5826',NULL,'1997-01-19 17:33:30','1988-12-05 13:24:59'),
('392','2','747','Qui nemo sit dolorem odio magni doloribus quos. Dolorem labore expedita et occaecati. Ea et fugiat explicabo.','nemo','0',NULL,'1984-06-10 00:43:05','2003-01-01 13:54:32'),
('393','3','751','In qui voluptas qui eaque eum veniam. Voluptatem est aspernatur accusamus laudantium ut in omnis. Ab autem minima nemo nostrum.','fugiat','503358',NULL,'1994-10-11 03:00:43','1987-06-21 21:26:27'),
('394','4','752','Incidunt est autem aperiam et repudiandae natus eos in. Exercitationem corrupti dicta officiis autem est reprehenderit sed. Error sed qui praesentium explicabo aut. Aut et eum dolor aut eum aut.','esse','12118200',NULL,'2017-01-19 13:13:23','2006-06-09 04:41:19'),
('395','5','753','Aut vel ab quod rem recusandae. In qui vero ut soluta. Deleniti maiores earum vel sit quis aut nihil. Qui et rerum dignissimos in.','provident','0',NULL,'2012-09-20 01:46:51','1984-03-24 04:14:02'),
('396','1','754','Rem similique inventore laboriosam ut sunt autem a. Occaecati rem vero aut. At nemo quia et dolores et.','quisquam','39',NULL,'2002-05-05 12:26:19','1981-02-26 06:05:10'),
('397','2','756','Explicabo nemo amet tempore voluptates facilis ipsam error. Sunt nemo debitis nisi qui enim distinctio aut. Recusandae quod architecto error rerum cum quis ea. Sint et dolor ut voluptas ut dolorum quibusdam.','tempora','42506',NULL,'1977-02-02 01:21:08','2014-11-18 17:06:51'),
('398','3','757','Quia dolores recusandae eaque quibusdam ad magnam sint. In suscipit libero quo quos. Ut impedit facere dolorem aut voluptatem. Officia distinctio assumenda omnis dolorem debitis.','fugiat','619',NULL,'1978-08-04 22:23:54','1998-06-12 11:35:57'),
('399','4','758','Voluptas velit vero facere sit voluptatem. Est voluptatem officiis nam. Harum tempore ipsum animi itaque at nihil. Temporibus non omnis ullam qui.','dignissimos','2',NULL,'1998-10-02 10:29:07','1976-07-22 09:57:38'),
('400','5','759','Aut necessitatibus aspernatur velit omnis incidunt inventore soluta. Quasi ut facere voluptas non harum aspernatur. Debitis dolor et in est sed autem.','quia','9678',NULL,'2002-11-14 08:15:17','2005-01-28 19:01:58'); 


DROP TABLE IF EXISTS `media_types`;
CREATE TABLE `media_types` (
  `id` bigint(20) unsigned NOT NULL AUTO_INCREMENT,
  `name` varchar(255) COLLATE utf8_unicode_ci DEFAULT NULL,
  `created_at` datetime DEFAULT current_timestamp(),
  `updated_at` datetime DEFAULT current_timestamp() ON UPDATE current_timestamp(),
  PRIMARY KEY (`id`)
) ENGINE=InnoDB AUTO_INCREMENT=6 DEFAULT CHARSET=utf8 COLLATE=utf8_unicode_ci;

INSERT INTO `media_types` VALUES ('1','repudiandae','1982-01-21 11:11:25','1982-09-12 20:34:38'),
('2','error','2006-12-27 13:40:39','2003-08-10 20:41:26'),
('3','quam','2005-04-04 03:53:43','1984-02-23 03:42:33'),
('4','quia','2016-12-26 20:59:02','1973-07-07 02:00:36'),
('5','aliquid','2010-01-31 13:08:14','2001-12-20 12:47:25'); 


DROP TABLE IF EXISTS `messages`;
CREATE TABLE `messages` (
  `id` bigint(20) unsigned NOT NULL AUTO_INCREMENT,
  `from_user_id` bigint(20) unsigned NOT NULL,
  `to_user_id` bigint(20) unsigned NOT NULL,
  `body` text COLLATE utf8_unicode_ci DEFAULT NULL,
  `is_read` bit(1) DEFAULT b'0',
  `created_at` datetime DEFAULT current_timestamp(),
  PRIMARY KEY (`id`),
  KEY `from_user_id` (`from_user_id`),
  KEY `to_user_id` (`to_user_id`),
  CONSTRAINT `messages_ibfk_1` FOREIGN KEY (`from_user_id`) REFERENCES `users` (`id`),
  CONSTRAINT `messages_ibfk_2` FOREIGN KEY (`to_user_id`) REFERENCES `users` (`id`)
) ENGINE=InnoDB AUTO_INCREMENT=451 DEFAULT CHARSET=utf8 COLLATE=utf8_unicode_ci;

INSERT INTO `messages` VALUES ('1','501','501','Incidunt dolore explicabo ut ullam incidunt consectetur voluptas. Dolores aut sed facere ea. Nihil explicabo et maxime.','0','1973-11-04 14:17:14'),
('2','502','502','Sed impedit tempora non et. Expedita dolore eos quaerat provident provident. Delectus vel provident voluptas rem dolor.','0','2017-12-02 21:28:07'),
('3','503','503','Facilis ea odio incidunt assumenda laboriosam iste. Cumque hic aut et saepe sint molestiae. Saepe provident est nam ab qui vero. Ipsum rerum sit totam libero non dolor deleniti.','1','1979-08-22 23:12:22'),
('4','504','504','Laudantium quia illum exercitationem consequatur. Mollitia amet occaecati voluptas excepturi aliquid quam. Impedit laudantium beatae voluptas. Consequatur qui non pariatur est voluptatem rem.','0','1973-07-20 22:19:38'),
('5','505','505','Omnis optio magni nulla maiores molestiae sunt aliquam. Qui autem earum magni corrupti quia voluptate laboriosam. Rerum aut voluptates sunt mollitia at quidem architecto atque.','0','2016-07-06 02:22:52'),
('6','506','506','Earum natus quam quia non voluptatibus incidunt. Qui rerum optio blanditiis. Amet qui rem aperiam qui odit aut id. Aspernatur velit temporibus nostrum.','0','1984-06-21 06:12:01'),
('7','507','507','Voluptates dignissimos rerum aliquid sunt perspiciatis assumenda deserunt. Tenetur deserunt eligendi vero possimus mollitia velit. Magni quaerat nihil dolores est velit incidunt quia.','1','2015-07-14 23:56:11'),
('8','508','508','Est quia eum voluptatem modi placeat cumque. Et explicabo aut facere odio ut tenetur. Voluptatem atque voluptatem rerum nulla est sed.','0','2002-06-17 16:04:29'),
('9','509','509','Qui error aliquid ipsam quia debitis delectus. Ipsam aut nihil omnis. Dicta quo facere nihil sit eveniet.','1','1972-11-27 14:55:58'),
('10','510','510','Quam dolores nobis doloribus consectetur harum eos rem. Dolore eveniet sed molestiae sapiente vel. Quidem tenetur amet dolor velit sapiente consequatur voluptates. Et ut temporibus dolores omnis perferendis. Odit voluptatem omnis dolores illo.','1','1977-09-23 00:20:26'),
('11','512','512','Asperiores qui quam deleniti. Excepturi quia et et repellendus placeat officia. Cupiditate quia ut numquam ut quia mollitia.','0','1985-05-27 18:57:46'),
('12','515','515','Debitis asperiores autem et commodi odit voluptas est. Nam ipsum suscipit consectetur. Vero quis fugiat quia aperiam esse autem illum.','0','1977-12-20 14:15:51'),
('13','520','520','Tempore dolorem ex dolorem neque eum quod libero ullam. Officiis dicta quis voluptatem eveniet. Necessitatibus libero dicta ea maiores ipsa.','0','1996-08-30 03:25:27'),
('14','521','521','Sit nemo delectus esse fugiat id similique saepe voluptatum. Soluta illo ea eum minima culpa id.','1','1976-10-27 07:40:49'),
('15','523','523','Incidunt commodi enim ipsam laudantium laboriosam et commodi. Nihil eos omnis molestiae cumque. Aspernatur molestias quas iusto aliquid culpa.','1','2013-09-06 17:41:19'),
('16','525','525','Voluptatem nobis asperiores explicabo quis. Vel velit eligendi quas excepturi. Nisi non at pariatur sint natus ut repudiandae.','0','2007-10-19 18:27:41'),
('17','528','528','Et ut fugit nihil consequatur nam rerum distinctio non. Rerum amet est unde itaque. Sint veritatis eius quaerat explicabo sed dolorum. Ipsam impedit non eos autem quidem ipsam.','0','1996-03-26 11:11:31'),
('18','529','529','Molestias illum provident enim eum aut provident odit. Quia repellendus ut eos sunt aperiam. Nostrum ut laboriosam quasi sed culpa soluta. Sit exercitationem enim sed illo. Qui quia suscipit officia autem esse saepe.','1','1978-03-25 05:20:17'),
('19','535','535','Quae iusto qui inventore minus. Et ullam voluptates sunt dolorum veritatis omnis. Aliquid labore occaecati illo ut perferendis distinctio omnis. Est et dolor et officia. Quia ipsa quod pariatur hic cum repudiandae.','0','2007-12-11 06:58:34'),
('20','538','538','Excepturi atque voluptatibus et sed. Eum aut consectetur ad pariatur laboriosam. Praesentium esse mollitia voluptas facere velit et. Quia saepe ut sit cupiditate delectus in rem unde. Quia id nam ratione odit rem.','1','2002-11-05 21:02:10'),
('21','539','539','Sit harum in unde expedita corrupti quia ut. Vel voluptatum aut repudiandae omnis. Explicabo velit facilis velit ut aut voluptatem. Architecto ex temporibus saepe consectetur.','0','1984-03-14 04:33:58'),
('22','540','540','Consequuntur placeat nesciunt quia est accusantium mollitia animi. Quia dolor assumenda et reprehenderit architecto. Et fugit corporis voluptatem iusto non aspernatur nulla deleniti.','0','2000-08-06 21:18:39'),
('23','542','542','Error placeat architecto et maiores aut aut laboriosam. Et molestiae at vel possimus dolorum soluta. Esse ab velit eius nihil aut ea molestias. Voluptatem dolores culpa quia qui facilis sint.','1','2001-05-23 07:57:01'),
('24','543','543','Voluptate ut ullam sequi vel qui. Consequatur recusandae autem expedita repellat. Exercitationem omnis iste rem voluptas natus facilis vel.','1','2020-03-19 23:43:42'),
('25','544','544','Sapiente distinctio placeat autem mollitia incidunt sit. Hic officia voluptas ipsa non inventore minima. A omnis omnis nihil quis nostrum sed eos.','0','1973-01-21 01:31:21'),
('26','545','545','Voluptas aspernatur mollitia est sint. Dolores porro iste voluptatem labore. Maxime qui blanditiis neque ea.','0','2008-07-04 00:57:15'),
('27','546','546','Aut molestiae eos veritatis doloribus tempora. Debitis voluptatem odio dicta corporis a error.','1','1985-03-13 18:05:24'),
('28','547','547','Est et et totam cumque sed rerum. Vero est delectus omnis quam. Doloremque soluta est architecto culpa necessitatibus.','0','1994-11-19 10:09:29'),
('29','548','548','Deserunt praesentium et voluptate aut eos. Quis in id itaque sit est. Ea rerum quo ut in error et laborum.','0','2005-07-11 20:37:27'),
('30','549','549','Quo esse eum ad deleniti magnam dolore. Natus quia quod culpa neque aut. Esse sit ea quae adipisci consequatur autem quaerat.','0','2001-02-20 11:31:09'),
('31','550','550','Harum repellendus quis occaecati aliquam nulla quia quis. Magni sint et sequi earum incidunt. Enim laborum voluptatem tempora odio excepturi.','0','2005-08-15 04:53:10'),
('32','551','551','Magnam qui corrupti nihil modi quia temporibus ut sunt. Id ut dolor quo dolore sit vel dolor nihil. Et sit veritatis rerum aut porro libero vero sit. Modi magni at placeat ab dolor.','0','1980-09-14 19:44:12'),
('33','553','553','Quos hic beatae aliquid odit nihil autem nihil facere. Et sit quidem sunt vel vero nam quas nihil. Hic quia rem assumenda et. At libero facilis et quam.','0','1999-01-13 22:36:14'),
('34','554','554','Est molestiae nihil fuga dolor repellendus omnis laborum. Est iusto aut sapiente qui alias voluptas. Esse architecto mollitia laudantium est quasi tenetur. Iste temporibus et quam ipsa et cumque.','0','1975-11-21 06:34:36'),
('35','555','555','In cumque libero laborum non magnam. Ea necessitatibus consequuntur qui perferendis. Nulla quia voluptatibus voluptatem aut exercitationem vel quia harum. Enim cum quis doloribus at delectus.','1','1978-08-23 02:54:57'),
('36','558','558','Beatae error autem unde dolores. Voluptas rerum voluptates voluptas ut quod. Quae numquam sed amet ut.','0','2019-08-05 08:58:18'),
('37','559','559','Modi ipsa ullam error nihil ut beatae. Odit omnis repellendus omnis et est omnis. Sunt incidunt maiores veritatis blanditiis consequatur iste.','0','1970-10-27 05:49:25'),
('38','561','561','Quam nam nihil tenetur odio explicabo. Error quos sit earum odio veritatis blanditiis. Omnis consequatur commodi qui adipisci dolores non. Omnis at fuga illo provident sequi.','0','2009-03-27 08:01:39'),
('39','563','563','A sint vel non nostrum et. Optio harum molestiae repellendus nobis. Aut expedita optio iure. Consequuntur veniam voluptatum voluptate nostrum eveniet qui.','0','2001-03-31 10:01:07'),
('40','567','567','Consequatur odio omnis ut ex autem sit. Repudiandae dolorem omnis temporibus. Non dolore enim perspiciatis repellat minus perferendis fugit.','0','2003-04-23 22:39:52'),
('41','571','571','Maxime omnis voluptatum dicta et ipsam porro impedit. Ipsa mollitia aspernatur minima. Quo cupiditate maxime nihil non et. Qui molestiae provident a itaque. Est voluptatem consectetur vel est saepe dolorem.','1','2005-03-01 06:30:14'),
('42','573','573','Ex blanditiis earum repellendus sed magnam iusto. Atque architecto adipisci est perspiciatis ut quis molestias. Ut ex laborum necessitatibus a. Non voluptatibus est sunt enim. Incidunt saepe omnis iusto quaerat quos autem.','1','1981-02-28 11:42:37'),
('43','574','574','Veniam dicta pariatur repellendus et. Ad ut earum qui ipsum odit aut. Perferendis quod et vel quaerat laboriosam perferendis neque. Quaerat esse ut reprehenderit et accusamus aperiam soluta.','1','1992-05-20 05:47:05'),
('44','575','575','Aliquid sint incidunt quae dolorem cum. Eos ut dolores quisquam ratione mollitia. Hic possimus nemo sunt voluptatum doloribus.','0','2014-03-11 00:08:26'),
('45','579','579','Adipisci inventore impedit dolorem enim laudantium facilis. Dolorem optio suscipit ut libero. Pariatur culpa assumenda et non culpa enim aut. Molestiae voluptatibus modi perferendis qui distinctio eum.','0','1981-01-01 08:55:11'),
('46','580','580','Molestias odit cupiditate hic voluptates excepturi illo. Consequatur est porro suscipit voluptatem illum ab quibusdam veniam. Rem eius consequatur nam provident. Illum officia odit iusto ad ipsa. Excepturi animi eum esse qui est rerum aut.','1','1979-02-07 06:58:22'),
('47','581','581','Velit magni sequi aut ut. Perspiciatis dignissimos enim quidem sed quis. Consequuntur culpa non accusamus nobis.','0','1972-06-06 02:43:22'),
('48','583','583','Rem quis ea illum fugit doloremque. Similique sed fugiat consequatur temporibus est dolorem cum. Pariatur vitae et non cupiditate suscipit delectus repellendus.','1','1978-03-13 23:36:14'),
('49','585','585','Omnis cumque impedit qui. Distinctio illo quos accusantium sed est nihil nostrum. Quibusdam cum sequi aut quia ut inventore.','0','1985-03-29 09:31:53'),
('50','587','587','Dolor eaque impedit explicabo voluptatum. Voluptatem est harum et enim accusantium. Dolor ipsam unde et architecto et laborum explicabo.','0','1995-12-14 10:51:24'),
('51','590','590','Eaque dolores officiis molestiae nostrum maiores soluta. Expedita vero exercitationem sed harum. Autem nesciunt quo nulla saepe beatae qui in accusamus. Voluptatum explicabo libero libero ab voluptates nesciunt.','0','2001-11-11 12:58:35'),
('52','594','594','Quam quis qui dolorum necessitatibus fugit. Cumque amet similique facere et nesciunt cumque dolore molestiae. Vero aperiam iure debitis nisi aut doloribus rerum. Et voluptates ullam omnis cupiditate ut assumenda aperiam.','0','1997-04-26 05:30:00'),
('53','601','601','Et repellat dicta atque delectus ut expedita similique dolorem. Ducimus omnis vitae ex similique doloremque ut. Sunt nobis vero recusandae.','0','2015-02-10 14:40:29'),
('54','603','603','Consequatur quisquam est expedita rerum ipsum quis sunt. Occaecati quis nulla quia non. Omnis ipsam possimus voluptas blanditiis suscipit.','1','2008-12-23 13:31:18'),
('55','605','605','Fugiat eum illo nam fugiat distinctio vero. Expedita aut dolor qui velit aut nam. Sequi minima hic quo neque.','0','1991-02-05 19:53:53'),
('56','607','607','Aut dolores placeat voluptatem debitis voluptatem. Consequatur repudiandae voluptatibus earum non voluptate. Aut et dolores eos beatae non quod non commodi. Quae voluptatem placeat sunt.','1','1970-10-26 02:43:11'),
('57','608','608','Doloribus quasi eum accusantium sapiente. In dolorum numquam voluptate libero nostrum earum est iure. Expedita omnis aut ipsa harum hic sit.','0','1983-06-25 19:22:11'),
('58','609','609','Tenetur odit qui facilis velit sunt. Ut iste aut in autem ad veritatis. Voluptas eaque saepe nulla ullam sit.','0','1974-01-13 02:46:01'),
('59','613','613','Consequatur et est corporis dolor. Exercitationem corrupti nostrum quos voluptate ullam itaque nostrum. Ea sed laudantium facere quibusdam dolores atque laborum. Et non impedit perspiciatis ut veniam ipsum.','0','1970-04-07 15:00:30'),
('60','618','618','Officia dolorem minus dignissimos aut. Ut praesentium dolor vero sunt a libero. Adipisci porro enim harum voluptas nihil.','1','2011-02-09 13:09:37'),
('61','619','619','Minima aut laudantium quaerat autem. Illum temporibus eos et. Harum non totam voluptatibus fugit quis voluptatem sed.','1','1981-06-09 20:42:45'),
('62','620','620','Necessitatibus sed maiores eum veritatis ipsum id maiores. Est asperiores saepe dolore qui doloremque. Dolores pariatur nam magni itaque veniam. Quis quisquam enim asperiores dolorem voluptatem.','0','1985-10-23 06:36:25'),
('63','621','621','Qui sed consequatur temporibus est architecto illum alias. Cumque eaque in quaerat vitae commodi. Harum saepe incidunt dolorum sint harum.','1','1984-11-03 00:37:54'),
('64','625','625','Commodi illo velit porro architecto qui. Reiciendis sed a nemo sed. Veritatis quia eum est voluptas sed perspiciatis reiciendis.','0','1992-05-19 08:40:35'),
('65','628','628','Omnis amet rerum temporibus voluptatem quam debitis. Ducimus et et voluptatem libero doloremque hic nostrum. Quo accusamus sit et alias blanditiis numquam. Suscipit sapiente atque laudantium alias iste consectetur.','0','1990-02-16 03:22:34'),
('66','633','633','Cumque et eos quibusdam quo. Voluptas et nulla minus et quia est aut esse. Qui et facilis quia.','0','2008-02-08 14:12:30'),
('67','634','634','Quod aliquid maxime est sunt vel harum. Necessitatibus quas non id qui rerum consequatur in. Quaerat odit vero rerum. Illo dolorem deleniti ut.','0','1981-03-14 06:43:17'),
('68','637','637','Repellendus voluptates enim tenetur. Aut laborum enim illum voluptatibus explicabo ut consequatur. Labore qui harum veritatis nihil quam molestiae qui. Qui dolorem doloremque autem eum autem.','0','2012-07-04 22:06:51'),
('69','639','639','Nulla et voluptas iste. Doloremque omnis accusantium consequatur officia. Qui at accusamus totam. Nihil molestias nostrum porro a nulla aut itaque.','1','2004-10-31 13:59:06'),
('70','641','641','Libero fugit error qui perferendis. Neque tempore iste molestiae maxime voluptas mollitia.','0','1976-02-17 10:30:08'),
('71','643','643','Et rerum iure exercitationem aliquid adipisci odit sapiente. Illum magni earum nihil vel voluptas dolores. Voluptas inventore est dicta et velit reiciendis. Est sunt ducimus blanditiis eum a id id.','0','2017-01-19 02:27:11'),
('72','645','645','Pariatur sed repudiandae qui quia architecto. Magni fugiat ad ad quo. Reiciendis at ea sunt est. Consectetur deserunt est rem velit. Voluptatem placeat rem et eaque modi est.','1','2000-10-25 19:14:33'),
('73','646','646','Ipsum rerum nihil aut ratione expedita. Harum vel et qui fugit. Nam culpa in sequi. Necessitatibus eos iste ipsa dolore. Debitis accusamus sed enim sed totam quis.','0','1998-07-23 12:43:18'),
('74','647','647','Quis aperiam magnam ut non velit aut. Sit perferendis debitis quo soluta unde eaque nulla. Amet aut quidem quisquam.','0','2019-11-14 01:07:02'),
('75','650','650','Impedit voluptas commodi harum ut consectetur praesentium aut. Rerum qui praesentium eius enim tempora possimus accusamus. Vero placeat quod sed earum iure. Animi ut reiciendis deserunt dicta quia et.','1','2014-07-20 06:14:00'),
('76','651','651','Natus aut quia repellendus et autem occaecati voluptatem. Asperiores corporis iste modi accusamus iure dignissimos. Sed explicabo minima eos voluptatem.','0','2004-10-18 20:27:00'),
('77','653','653','Quae blanditiis molestiae et. Ipsam vel vitae optio doloremque et. Assumenda ad vero debitis ullam corrupti nisi.','1','2012-10-28 03:52:45'),
('78','657','657','Explicabo perferendis dolores eos aspernatur dolor alias nam. Animi at voluptatem minima dicta reprehenderit et accusantium occaecati.','0','1984-10-23 05:10:08'),
('79','658','658','Atque temporibus sapiente autem eaque ipsa nisi. Dicta voluptatem sunt ipsam cupiditate tempore aut. Autem unde veritatis dolorem repudiandae illum et.','0','2011-04-17 19:25:09'),
('80','659','659','Suscipit minima corrupti et ut. Qui repellendus eos alias et praesentium. Qui debitis minus dolores voluptas et. Illum omnis amet officiis sit quisquam dolorem. Quam vero iusto nemo sit.','0','1974-06-27 22:59:08'),
('81','666','666','Deserunt laudantium accusamus quaerat nostrum iure sed culpa. Aut itaque eos dolores amet ex repellat quia. Et repellat officiis est cum.','1','1974-05-09 12:28:38'),
('82','668','668','Quaerat et quas dolor. Est quo eligendi eum ullam et dignissimos consequatur. Optio voluptate aut voluptas suscipit.','0','2001-02-06 09:58:16'),
('83','669','669','Laborum voluptatem at et. Porro et et quibusdam non eum voluptas. Id accusamus officiis ipsa et unde modi. Inventore nobis rerum est aut est optio.','1','1974-05-01 18:28:50'),
('84','673','673','Error quia reprehenderit voluptatem maxime nemo eos. Eaque qui dolorem fuga quibusdam. Maiores aut inventore consectetur minus incidunt. Voluptatem asperiores voluptatibus officia impedit doloribus consequuntur voluptas rerum.','0','1977-10-04 17:54:17'),
('85','677','677','Sed deleniti excepturi in rerum eum rerum odio. Enim fugit qui et blanditiis aspernatur voluptas voluptas. Aliquid eveniet quas molestiae ut praesentium ut. Consectetur eligendi et ipsa eum laboriosam corporis.','0','1987-02-10 19:20:36'),
('86','678','678','Voluptatem eos et similique alias ut blanditiis ratione. Architecto est illo quia. Ab ut enim sed.','0','1992-12-25 15:07:26'),
('87','679','679','Deleniti autem nobis quibusdam fugiat praesentium enim animi repellendus. Nesciunt dolores eveniet molestias voluptatem nihil expedita consequatur. Nisi atque qui dicta repudiandae.','1','2015-06-14 18:57:23'),
('88','688','688','Numquam inventore eos ut. Nulla quia dolores et iusto provident. Veniam ut ut eos eum neque ab magni.','1','2017-04-16 18:54:19'),
('89','689','689','Dolore non deleniti eligendi consectetur iure omnis fugiat. Ex et voluptas molestiae rerum a quasi. Delectus rerum magni et numquam tenetur.','0','2000-05-08 07:30:07'),
('90','691','691','Optio beatae asperiores quibusdam in qui. Soluta perferendis et quidem dolorum similique voluptas quis. Earum alias necessitatibus omnis dolore est. Id quo assumenda labore tempore.','0','1984-11-04 08:47:10'),
('91','694','694','Molestiae quo aut dolor. Quia quos laborum quis quam architecto possimus ut explicabo. Ut tempora fuga nulla perferendis earum nesciunt inventore. Praesentium sequi tempora omnis modi dolorem ea.','0','1981-03-22 16:59:45'),
('92','695','695','Veniam repellendus nemo laboriosam culpa voluptatum. Temporibus quia in similique et facilis sunt. Earum quae qui qui distinctio assumenda minima.','0','1998-04-12 14:34:49'),
('93','696','696','Rerum recusandae asperiores officia ut molestias aut aut. Et occaecati quo nobis ut omnis recusandae sit. Quidem laboriosam doloribus pariatur dolores reiciendis natus nihil quas.','1','2009-04-15 02:15:12'),
('94','697','697','Debitis temporibus ut officiis rerum. Distinctio sint pariatur architecto autem molestias numquam libero. Dolor eum tenetur natus quibusdam libero.','1','1970-04-04 08:49:55'),
('95','698','698','Accusamus sit ipsam voluptas esse esse. Non eos accusamus velit ipsa. Aspernatur magnam earum deserunt aut.','0','2019-07-08 11:48:24'),
('96','699','699','Delectus ex impedit aut dignissimos amet est. Dolor id qui enim. Corporis et tempora atque. Et et et voluptate sint ratione ipsum.','1','1986-12-25 14:54:56'),
('97','700','700','Sed quis eos ipsum molestiae quam totam et maxime. Rem aspernatur tempore laudantium quam voluptatem quia quaerat. Molestias veritatis nihil recusandae pariatur qui dolorum suscipit et. Ullam earum libero quam et omnis.','0','2019-12-23 19:34:39'),
('98','701','701','Labore cum et praesentium modi. Cupiditate vel officia excepturi porro et doloremque. Impedit blanditiis dolorem et tempore odio. Dicta molestias nostrum quia voluptatem accusamus.','1','2002-07-28 14:09:20'),
('99','703','703','Sed accusantium possimus aut deleniti architecto sapiente facilis porro. Natus et perferendis praesentium laudantium. Tempora nihil est sunt totam. Officiis dignissimos consequatur enim porro. Labore quas dolor soluta sunt qui.','1','1973-01-02 06:47:15'),
('100','704','704','Aliquid dolorem esse perspiciatis sit. Eius vero laboriosam ab assumenda ipsum. Aspernatur minus quis et nam.','1','2000-07-14 02:38:49'),
('101','706','706','Ab et voluptas a laborum voluptatum explicabo. Alias cum amet possimus et sunt voluptatem. Quae aliquam cupiditate nam omnis optio quos corporis. Deserunt aut itaque est provident.','0','1991-02-02 09:52:51'),
('102','707','707','Harum cupiditate ea cupiditate quisquam. Magni id deserunt iusto consectetur temporibus et non beatae. Occaecati neque ad quia voluptates. Animi nemo alias voluptatem veritatis aut quasi soluta.','0','2015-11-29 05:46:07'),
('103','709','709','Quisquam aut quae dolorem id totam tenetur optio dolores. Consequatur fuga consequuntur nisi soluta voluptas velit. Id dolorem nobis laborum aut qui accusantium.','0','1988-12-01 19:19:14'),
('104','711','711','Fugiat rerum earum ex. Esse voluptatem fuga quaerat quibusdam. Consequatur nam minima ut aut voluptatem vitae illo ad. Aperiam velit veniam illo debitis molestiae rem ea.','0','2000-09-12 09:54:29'),
('105','713','713','Vitae illum perspiciatis quas. Officiis porro qui voluptates dicta est eum. Exercitationem vel nihil sint ut nihil qui. Dolores cum temporibus dicta provident.','1','2014-10-16 13:15:36'),
('106','715','715','Omnis veritatis est similique qui nam tempore. Autem consequatur eum odit voluptatum aut quis. Voluptas non rerum et cumque veniam.','1','1979-12-23 19:05:28'),
('107','717','717','Nihil quos voluptatibus inventore. Et est esse illo explicabo est.','1','1973-05-01 23:40:07'),
('108','718','718','Dolores ea dolor est libero enim. Rem alias autem ipsam dicta minima enim modi cupiditate. Distinctio quia porro unde aperiam repudiandae architecto. Ut alias est et quos sapiente dolores fugiat. Aut temporibus quia voluptatem doloremque temporibus rerum beatae.','1','2007-08-14 04:17:35'),
('109','721','721','Non magni enim assumenda rerum qui. Deleniti sed repudiandae aliquam. In rem voluptatibus et sint accusantium. Possimus fuga nulla neque ipsam.','0','1984-07-07 19:47:41'),
('110','723','723','Minus molestiae dolor molestias voluptatem rerum excepturi libero. Et rerum labore saepe nam qui magnam. Molestias itaque maxime voluptatem perspiciatis dolorem voluptatem.','1','1996-03-15 02:38:49'),
('111','725','725','Veritatis omnis harum laboriosam iusto facere sint. Maxime dolor sapiente perspiciatis dignissimos. Aut enim non temporibus qui et aut.','0','1972-11-10 01:25:21'),
('112','727','727','Eligendi nulla illum consectetur odio. Est vero sed deserunt. Quos sapiente minus expedita impedit est non.','1','1979-07-22 03:22:34'),
('113','729','729','Ratione consequatur sint molestiae voluptatem. Dolorem labore cupiditate vitae doloremque a enim nobis. Rerum suscipit maxime fuga. Sint iusto doloribus veritatis natus.','1','1998-07-14 20:03:27'),
('114','733','733','Delectus optio quisquam corrupti in quod. Omnis ullam minus et earum itaque ut. Ex qui et dolore suscipit non alias perferendis adipisci.','0','1998-05-31 06:18:44'),
('115','737','737','Ipsum soluta provident odit quo laudantium. Accusantium aut itaque incidunt est veniam nulla possimus iste. Et numquam omnis et voluptates.','0','2017-09-16 17:59:05'),
('116','740','740','Eos quia labore adipisci consequatur et hic. Ab ut in voluptas eum et libero. Et iste voluptas delectus sed deleniti reprehenderit delectus. Numquam praesentium debitis quae eligendi veritatis.','1','2010-02-14 21:10:45'),
('117','741','741','Ab sit ipsum dolor culpa rerum doloribus odio. Vitae et iusto qui. Fuga sed veritatis velit amet tempora et. Ut explicabo quibusdam et molestiae doloribus cum. Quam rem eum voluptates nihil quo ut.','0','2000-06-22 03:46:47'),
('118','742','742','Aut blanditiis aliquam et quo modi. Optio tempore accusantium quo quidem. Aut asperiores dolorem voluptas neque nam. Mollitia et non eos voluptatum ad. Ut magni doloremque asperiores debitis et inventore accusantium facere.','1','2007-07-01 18:17:26'),
('119','744','744','Nesciunt est quam magni. A iste asperiores sunt exercitationem minus quaerat. Voluptate natus omnis mollitia sit sint eveniet rem neque.','0','2018-01-11 14:24:46'),
('120','745','745','Nesciunt minus sed non et impedit. Similique eligendi quibusdam tenetur nemo. Molestiae ipsam accusamus accusantium minima eos et et. In a molestias id eius voluptatem. Rerum quia et est nihil consequatur.','1','2006-05-17 18:15:47'),
('121','747','747','Autem distinctio consequuntur sit quia rem sequi. Quo quibusdam ducimus ipsa aut recusandae aliquid recusandae. Accusantium temporibus sit ea error et.','0','2015-10-31 16:39:09'),
('122','751','751','Temporibus modi laudantium fuga quis sit. Doloribus sunt ad dicta pariatur eos dicta voluptas. Debitis ut corporis voluptatem consequatur amet repellendus ut. Numquam cumque et et in itaque nemo. Cupiditate sunt qui qui ea magni modi ut et.','0','1999-11-04 17:00:57'),
('123','752','752','Consequatur sed beatae qui accusamus ad iste ipsum qui. In sed et sit itaque. Est et explicabo rerum quod.','0','1991-12-12 23:45:10'),
('124','753','753','Id velit sunt inventore sunt molestiae consequuntur minus dolorem. Autem tenetur enim unde architecto nemo asperiores atque. Sed rerum maiores recusandae ut et placeat voluptatem. Sequi quae sint saepe quia nam.','0','2001-05-22 23:39:22'),
('125','754','754','Veritatis ea laudantium sint natus rerum sunt est quo. Doloribus totam quos quis labore quos saepe adipisci. Beatae incidunt cupiditate debitis eaque dignissimos.','0','2006-10-07 23:51:18'),
('126','756','756','Porro sed voluptatum molestiae ut. Unde et dolorem assumenda nulla facere. Odio rerum est quisquam consequuntur itaque et velit.','1','2014-06-22 01:41:12'),
('127','757','757','Ut nihil praesentium praesentium corrupti architecto a. Architecto rerum sit quaerat sed dolor unde placeat. Quis dolorem laboriosam mollitia sapiente placeat. Quia et eos qui ea aut eaque fugiat sit. Delectus alias excepturi sequi rem.','0','2009-09-25 21:12:29'),
('128','758','758','Sit fugit nemo et vitae. Maiores qui ut saepe voluptas aut accusamus. Necessitatibus est laborum quo vel nostrum molestias. Perferendis quia maiores qui ducimus necessitatibus.','1','1992-06-30 00:08:02'),
('129','759','759','Itaque omnis sit consequuntur sunt illum. Quidem veniam totam eum consequuntur. Fuga aut culpa fugit. Qui quo aut voluptatem ducimus nostrum.','0','1978-04-14 02:12:54'),
('130','760','760','Animi explicabo similique possimus enim saepe fugit ipsa. Repellat neque ipsam necessitatibus accusamus. Quia qui iusto sint reiciendis laboriosam animi animi. Aut debitis velit animi. Aliquid nihil libero consectetur facere.','0','2014-11-25 05:53:14'),
('131','761','761','Voluptatem et illo praesentium omnis est nulla est. Exercitationem voluptas dolorem laudantium modi error ducimus totam.','1','2019-08-16 21:23:33'),
('132','764','764','Odit sunt nihil officia deleniti molestiae amet molestiae quia. Totam itaque odio sunt doloremque aut aut. Dolor corrupti enim quibusdam ea totam. Tempora occaecati maxime voluptas molestias ut.','1','1989-08-01 10:14:30'),
('133','765','765','Corporis rerum in unde laudantium sunt nam architecto. Accusamus nihil aperiam occaecati eveniet nostrum. Voluptas laborum consequatur vel nemo error facere. Ullam possimus quaerat omnis velit. Fuga et ut itaque qui aliquam tempore.','0','1976-10-21 10:42:44'),
('134','766','766','Veniam maxime nemo est. Doloremque voluptatibus sint ad voluptatem.','0','1984-04-01 03:05:19'),
('135','768','768','Rerum aut quas et deleniti rerum tempore reprehenderit. Qui qui suscipit animi. Odit optio ipsum deleniti quo vel odit ad. Vitae dolorum dolor at.','1','2011-05-31 12:20:50'),
('136','770','770','Quia hic illo minima nesciunt inventore aut. Dolorum sed deleniti deleniti autem. Impedit repudiandae consequuntur magnam cupiditate aut qui aliquid. Qui omnis unde sunt numquam eum perspiciatis est.','0','2003-12-15 07:14:07'),
('137','771','771','Ut fuga omnis sit. Aut maiores quod dolores et quasi. Est quia quos et saepe.','0','1984-03-03 02:14:21'),
('138','772','772','Qui aut est blanditiis modi qui. Voluptates odit nesciunt quaerat in. Commodi tenetur tenetur qui veniam iusto et. Hic modi sunt eaque cum laboriosam reprehenderit et.','1','2014-02-14 15:22:48'),
('139','773','773','Iure eius odit enim ut et. Iste velit sit eum molestiae voluptatem autem. Incidunt quia tempore maiores quia tempore atque nemo.','1','1977-03-08 05:03:27'),
('140','774','774','Tenetur in repellendus iusto quia. Minima ducimus debitis expedita qui pariatur et corrupti facilis. Voluptatem sed hic impedit nemo labore vel.','0','1971-08-10 04:34:11'),
('141','778','778','Et ut maiores tempore in. Expedita in doloremque sed ipsum et ipsa occaecati. Qui minima non qui in sapiente minima incidunt. Saepe tenetur illum ut repellat mollitia alias doloremque molestias.','0','1975-12-05 22:55:54'),
('142','779','779','Maxime non maxime totam repellendus. Dicta sed quis aut adipisci enim qui impedit aspernatur. Quod voluptatum vel non aperiam reprehenderit possimus. Reprehenderit harum reprehenderit eum perferendis aperiam accusamus aut.','1','1982-06-07 21:57:40'),
('143','780','780','Ut ea enim ipsa. Ut dolorem non ipsum nulla.','0','2015-06-22 03:29:41'),
('144','782','782','Sit corrupti et repellendus. Adipisci rem qui omnis non. Facilis ut sunt qui est molestiae quaerat impedit. Animi quia beatae provident et quis vel omnis.','1','2000-08-24 07:49:33'),
('145','783','783','Illum enim laudantium sed quia. Quaerat vero minus aliquid.','1','2001-05-08 16:34:36'),
('146','785','785','Accusantium enim necessitatibus sit aut. Quo alias iste error vel recusandae. Vitae consequatur et eligendi omnis fugit qui consequatur. Consequatur consequatur assumenda aut qui.','0','1990-04-13 17:11:31'),
('147','787','787','Adipisci dolores omnis nihil. Aperiam delectus in repellendus esse vitae. Aliquam doloremque consequatur ex consectetur non eum est. Quidem fugiat nihil distinctio.','1','2019-06-06 14:49:05'),
('148','788','788','Non voluptatem soluta assumenda. Quo eum ipsam dolores. Libero quia in aut nobis et quia ipsa sunt. Praesentium cum vel sint quasi accusamus incidunt. Doloribus porro at et saepe omnis hic qui.','0','2011-03-26 15:02:41'),
('149','791','791','Et voluptatem eum quae deserunt voluptatem minima. Deserunt dolor in distinctio dolor. Asperiores assumenda quis adipisci nobis.','0','1989-06-04 00:07:14'),
('150','793','793','Fuga quisquam magnam ut id velit. Minima aut iure laborum amet. Eum aliquid eum illo asperiores ipsa. Minima saepe veniam similique qui officiis ut. Illum ea non alias non ab voluptatum eum dicta.','0','2018-06-11 14:47:56'),
('151','794','794','Officia perspiciatis et sapiente in quod. Placeat aut architecto consectetur qui. Assumenda explicabo ullam praesentium voluptatum culpa.','0','1990-04-03 18:06:56'),
('152','795','795','Aut sit nulla voluptatibus quia tempora molestiae maxime. Ut repellendus consequuntur et quia qui qui assumenda. Odio nulla nostrum pariatur.','1','1973-02-03 04:20:00'),
('153','796','796','Expedita beatae hic neque reiciendis. Minus omnis officiis molestiae laboriosam necessitatibus necessitatibus. Quis voluptatibus est sint error eveniet ab accusamus.','0','1985-05-17 09:55:57'),
('154','797','797','Doloremque ex voluptatum est sed est natus voluptas. Est sit architecto labore. Nemo qui voluptatem dolor quisquam omnis et quo.','0','2016-10-11 03:11:11'),
('155','798','798','Iusto et voluptatibus explicabo. Enim ipsam laborum distinctio sequi dolores. Fugiat dolor natus dolorum voluptatem.','0','2020-03-19 14:58:10'),
('156','799','799','Et et sapiente ratione et et. Tenetur recusandae natus earum. Expedita magnam cumque in vero natus.','1','1994-05-31 14:20:03'),
('157','802','802','Nostrum enim doloribus et rem doloremque deserunt vero. Accusantium non veniam aut. Non ipsa voluptas ratione laboriosam vitae.','0','1979-01-31 11:38:22'),
('158','803','803','Est nulla quia consequatur doloribus. Cupiditate molestias praesentium omnis libero eos. Commodi est nemo sunt doloribus in explicabo.','0','2008-12-17 23:13:50'),
('159','806','806','Et tempora et placeat ea dicta ullam vel. Voluptate dolorem pariatur et voluptatem. Quam ratione sit doloribus consequuntur voluptatum voluptates nostrum non. Id omnis et illo alias iusto et nihil quis.','0','2018-03-20 20:46:35'),
('160','810','810','Corrupti delectus qui consequuntur enim sit ullam ipsa quis. Ipsa ut rem eum ea. Harum aut sapiente enim cum corporis. Occaecati ratione sapiente ad omnis mollitia. Consequatur quas at consequatur nesciunt sint et.','1','1986-11-23 14:58:08'),
('161','811','811','Tempore dolor est deserunt soluta. Ut vitae ut sequi odit aut in. Doloremque excepturi maxime rem rerum amet. Et quasi tenetur reprehenderit unde repellendus eveniet voluptatem.','1','1997-09-24 15:14:23'),
('162','812','812','Provident autem nihil esse dolore et. Aut animi facere sint illo nostrum hic. Reprehenderit ea deserunt cupiditate molestiae. Quia reprehenderit quae at quis sed qui a non.','1','2010-11-13 12:42:36'),
('163','813','813','Cumque nobis iure rerum consequatur cupiditate ad hic. Ipsum officia modi voluptatem suscipit ullam eligendi.','1','1974-06-26 17:33:20'),
('164','816','816','Ex omnis numquam est voluptas natus aut. Est pariatur modi sequi consequatur omnis delectus enim. Sint beatae ex esse ratione. Ut est nisi velit voluptatem sed eos consequatur.','0','1993-06-11 05:37:29'),
('165','817','817','Harum itaque adipisci distinctio et magni qui eum. Rerum expedita cupiditate unde temporibus. Dolores illo voluptatibus ut corrupti dolor id. Aut consequatur aut perferendis cum.','0','2008-09-21 23:16:58'),
('166','818','818','Consequatur vel nesciunt maxime voluptatem aperiam sed. Cupiditate repellat perspiciatis necessitatibus voluptas. Maiores quam unde reiciendis dolore voluptatem voluptatem.','0','2008-02-04 16:39:09'),
('167','820','820','Totam vero facere quo veritatis voluptas nihil quas. Sit nihil quia sint sed quibusdam molestiae. Ut odio et qui et iure. Error ut repellat quaerat facilis facere nulla.','1','1986-03-11 10:29:15'),
('168','824','824','Nisi quae tenetur et. Sit totam omnis et ducimus. Distinctio amet consequuntur architecto sed et.','1','2016-01-16 18:43:37'),
('169','826','826','Velit id est blanditiis et fugiat. Sunt ex non natus voluptatem et laudantium veniam iusto. Perspiciatis quo vel vero nisi culpa adipisci qui. Voluptates provident vitae eius ut distinctio.','0','1984-04-16 22:15:18'),
('170','827','827','Velit distinctio corporis nemo ut. Corrupti dolores sed exercitationem reiciendis reprehenderit. Ullam rerum deleniti eligendi deleniti mollitia.','0','2007-10-09 01:46:46'),
('171','828','828','Exercitationem quas qui aut consequatur velit nihil. Accusantium minus vitae quidem facere nam qui dolor. Dolor possimus qui vitae culpa. Ipsum et rerum laborum est tenetur est dolores.','0','1983-08-20 10:47:14'),
('172','829','829','In exercitationem quas fugiat voluptas ratione harum aperiam. Blanditiis excepturi excepturi facilis. Asperiores earum qui suscipit.','1','2003-04-29 03:30:36'),
('173','830','830','Dolorum libero cumque ipsum eligendi. Cupiditate ut adipisci dolore quis expedita ea. Qui ipsam at expedita necessitatibus molestiae cupiditate.','0','2008-07-10 03:41:59'),
('174','831','831','Sit saepe tempore alias autem nobis et eaque. Repudiandae laudantium voluptatem quis voluptas qui. Omnis minus earum magnam iste vitae temporibus id qui.','0','1998-07-21 16:58:22'),
('175','834','834','Libero qui perspiciatis totam et non harum. Voluptatem occaecati impedit facere eius numquam voluptatem. Qui commodi qui quas. Qui nemo fugiat incidunt et ut.','1','1979-10-25 04:39:55'),
('176','835','835','Et facilis blanditiis vel expedita maxime officia. Dolorem provident earum dolorum id autem aut suscipit molestiae. Ut est mollitia modi deleniti repudiandae voluptatem rerum.','1','2014-10-14 12:36:08'),
('177','837','837','Eligendi quos id vel. Natus voluptatibus molestiae odit consequatur aliquam et. Reprehenderit et ipsam ea optio eaque itaque recusandae. Quia enim necessitatibus ea non minus.','0','2018-08-06 16:04:10'),
('178','838','838','Ut dicta quam sed quod maxime consequuntur. Quidem aspernatur impedit aliquam sint quibusdam occaecati pariatur.','0','1971-03-22 03:01:41'),
('179','839','839','Debitis qui nisi magni incidunt sed sed. Dolor alias temporibus qui delectus. Maiores ad sint rerum rerum accusantium asperiores. Ut laboriosam et sapiente unde.','0','1974-03-15 18:47:12'),
('180','845','845','Ullam ea est doloremque vitae dolores est quis dicta. Nisi dolore velit sunt. Dolore est consequatur repudiandae ea voluptatem quae eum.','0','1991-11-02 06:19:25'),
('181','846','846','Quisquam sint voluptas pariatur veritatis esse. Pariatur quidem id alias quod maxime et. Qui laboriosam id officiis doloremque aut. Dolor mollitia exercitationem quos. Adipisci id repudiandae ipsam eum.','1','1989-12-30 23:20:53'),
('182','847','847','Accusamus sed minus quia impedit qui cum aliquam. Quia atque dolor veniam blanditiis. Maxime adipisci unde quo velit. Consequuntur cum minus delectus.','1','2016-06-24 07:31:12'),
('183','848','848','Cupiditate omnis sapiente dolores accusamus recusandae doloremque. Tenetur ratione magnam consequatur temporibus facilis molestiae et veritatis. Pariatur est dolores nihil a. Qui qui doloribus unde.','0','1977-12-07 11:21:55'),
('184','854','854','Expedita numquam id labore ad aliquid aliquid est. Nostrum quam laborum aliquam labore eaque quia amet. Facere dolore amet et.','1','1974-06-13 10:26:43'),
('185','856','856','Quia dolores quo suscipit rerum occaecati. Qui hic adipisci quas et. Hic eum quo voluptatem pariatur. Pariatur qui accusantium dolor omnis et.','1','2009-09-10 14:41:41'),
('186','857','857','Aut blanditiis ad et voluptatem sint fugit. Enim rem sed excepturi voluptatum maiores. Qui et odio quis dolorem. Totam sapiente ab natus ut maiores et alias itaque.','1','2010-09-05 03:10:59'),
('187','858','858','Amet nam dolorum consequuntur possimus. Eum culpa sed velit amet nihil deleniti amet veritatis. Ut tempora aperiam non vel.','1','2001-06-30 19:04:07'),
('188','859','859','Consequuntur quo vitae accusantium dignissimos nihil quisquam blanditiis deserunt. Saepe ex deleniti ab eum suscipit.','0','1975-05-31 11:32:23'),
('189','860','860','Perferendis ut sit adipisci. Laboriosam iure in qui et. Labore fugiat in cumque facilis aut alias.','0','2015-09-19 11:45:40'),
('190','861','861','Est quia hic minima animi facilis fuga. In doloremque illo ex illo nobis voluptatum. Esse ut nam et sunt vitae consequatur. Nesciunt excepturi provident autem quaerat. Ut quas qui placeat.','1','1970-08-27 13:14:21'),
('191','862','862','Fugiat expedita in nihil quis molestiae ipsam. Ipsam eos itaque repudiandae voluptate ipsum magnam. Deleniti necessitatibus praesentium laudantium doloribus. Iusto magnam quaerat sunt enim.','1','1981-03-07 15:07:09'),
('192','863','863','Placeat dignissimos alias aut deleniti. Quia cupiditate qui distinctio ad occaecati quos cupiditate. Cum expedita qui nobis vel.','1','1984-10-25 23:03:43'),
('193','865','865','Id rerum laudantium laudantium voluptatem dolorum ad possimus itaque. Nam non saepe sequi qui eveniet ducimus. Distinctio similique hic vitae aut laborum delectus.','0','2003-08-18 02:58:46'),
('194','872','872','Cum architecto labore et voluptates quo nulla. Dolorum perferendis officia exercitationem expedita aperiam doloribus eveniet. Dolore eveniet mollitia qui odio nihil ut. Earum blanditiis exercitationem quis temporibus quos quae non.','0','2010-12-03 01:02:47'),
('195','873','873','Et ut unde repudiandae illum qui accusamus. Nostrum sit dolor dolorem. Sed recusandae ullam necessitatibus consectetur debitis. Aspernatur doloremque consequuntur ratione vel exercitationem quia.','0','2006-04-08 06:44:07'),
('196','874','874','Consequatur perspiciatis est tempore a eos sed. Voluptas non quo qui aut. Esse autem officia excepturi fugit. Occaecati consectetur at doloremque adipisci et laborum.','1','2016-11-04 18:41:13'),
('197','875','875','Ut aut molestiae et voluptatum voluptas. Quia omnis exercitationem rem et sit cupiditate culpa laborum. Et dolor quia omnis dolore ut aut tenetur.','1','1978-02-10 19:13:57'),
('198','876','876','Enim nam suscipit quos a porro reiciendis odit. Molestiae repellendus ad earum rerum atque aliquid. Mollitia voluptatem consectetur vitae nulla quibusdam.','1','2011-07-27 08:34:29'),
('199','877','877','Fuga doloremque possimus error veritatis ipsum iusto minima magni. Laboriosam recusandae aut aliquam.','1','1984-04-09 01:15:07'),
('200','880','880','Nostrum corrupti omnis excepturi et adipisci sapiente. Tempora magni et excepturi adipisci rerum. Nihil aspernatur at officia et velit. Tempora ut sed facere et.','0','2005-12-21 23:29:34'),
('201','881','881','Omnis saepe quis corrupti voluptatibus iure. Reprehenderit voluptate ipsum suscipit corporis rerum sunt eum. Eos et et laborum tempora rem aut voluptas. Est voluptatem quia molestiae fugiat consequatur ab labore aut.','1','1983-12-07 06:53:59'),
('202','882','882','Nisi sit iusto et animi voluptatibus et. Qui alias eos corrupti esse dolor illum quia officia. Nulla quo eum totam omnis dignissimos facilis.','0','2010-06-20 15:43:45'),
('203','883','883','Omnis quod dolorem eius et. Rerum beatae quia nam. Pariatur tempore commodi et minus odit.','0','2006-10-26 08:50:37'),
('204','884','884','Corrupti voluptatem dolor aspernatur. Dicta consequatur pariatur nostrum dolorem architecto. Vero aliquam magni qui explicabo laborum quia. Nisi similique labore veniam quod id quas unde. Deserunt minus voluptate ducimus occaecati et.','1','2003-12-25 12:19:35'),
('205','885','885','Perferendis ipsam aut reiciendis quidem quisquam. Repellat quis neque incidunt tenetur soluta. Facilis ut qui et.','1','1985-02-13 03:47:09'),
('206','886','886','Delectus sunt quam ex optio. Debitis laboriosam error beatae veniam voluptatibus ullam facere. At quidem sed voluptate quod facere quod qui. Distinctio consequatur aut enim est ipsam voluptas.','0','1995-12-21 22:04:17'),
('207','887','887','Possimus nemo ut et aut harum maiores. Provident sunt non et voluptate totam in. Dolorum at blanditiis aut.','1','1974-12-26 20:17:49'),
('208','888','888','Ratione consequatur ex enim veniam non. Repudiandae veniam sit est distinctio. Adipisci molestias a non eum qui. Aut quas illum vero earum dolor.','1','2002-11-22 14:35:38'),
('209','889','889','Sed et ipsum ipsa quisquam. Incidunt voluptatum itaque omnis modi quo est tenetur. Repellendus repellat omnis odit dolor reiciendis qui in. Nulla nostrum assumenda quo voluptatibus.','0','1986-10-09 02:21:34'),
('210','890','890','Pariatur illum nam corrupti necessitatibus dolorem. Quas aliquam fuga tempore consectetur sapiente saepe non.','0','2008-01-18 18:36:03'),
('211','891','891','Blanditiis doloribus doloribus tempora unde modi aliquam nesciunt. Voluptas omnis velit natus. Odit est ducimus aperiam et illum veniam commodi.','0','1981-10-13 06:04:22'),
('212','892','892','Pariatur libero eum perspiciatis quis est. Consequuntur ipsa incidunt dolores dicta. Nam quidem sit expedita amet.','0','2012-04-14 11:39:27'),
('213','895','895','Cumque iste harum temporibus aliquam voluptas. Eaque quo vero corporis consectetur dolores nihil. Qui facere adipisci sed.','1','1973-01-15 16:30:35'),
('214','902','902','Tempore unde aut numquam est velit. Omnis corrupti odio adipisci dolores omnis sit. Et ducimus dolor necessitatibus facere adipisci eligendi id. Quaerat accusamus et est est.','0','2011-10-19 06:08:59'),
('215','907','907','Omnis officiis officiis molestiae corporis quo ea. Aut sed ut enim nihil possimus mollitia et. Quam accusantium cum voluptatem delectus. Sit et quis illum vel cupiditate veniam.','1','1985-03-10 03:13:39'),
('216','908','908','Porro sit ut fugiat. Dicta sed ab repellat eius minima aliquid explicabo. Et officia ut mollitia laudantium. Cumque minus beatae ut.','0','2008-01-16 22:20:41'),
('217','911','911','Ab distinctio tenetur ab. Tenetur ut tempora explicabo alias ab. Incidunt a ducimus ut tenetur corrupti quo in blanditiis.','0','1991-03-06 13:05:53'),
('218','914','914','A vel qui facilis quis sit voluptatem saepe. Ipsum soluta dolores exercitationem nostrum sequi eos distinctio. Voluptatem ut tempore voluptatem ad voluptas quibusdam rerum minima.','1','2020-02-22 04:34:49'),
('219','917','917','Commodi repellendus vitae molestias facere sapiente. Eos aut est dolorem sequi nostrum. A eos magni sunt totam et consectetur. Similique totam iste in qui qui laborum velit.','0','1970-11-13 21:24:43'),
('220','918','918','Est nihil repudiandae officia. Quos modi cum iure rerum non suscipit odio. Id vero et libero mollitia. Quibusdam sequi nam doloribus id nisi earum.','0','1983-12-17 23:59:15'),
('221','919','919','Veniam quae veritatis quis aut officia ea error. Est a soluta est ut veritatis ut et. Et ab ea odit facilis. Voluptas quos qui nesciunt eveniet.','0','1988-12-31 02:32:34'),
('222','921','921','Accusamus dolores nihil nulla eum minus. Vero unde sapiente earum repellendus.','0','1995-01-06 07:18:45'),
('223','923','923','Eius cumque nihil aut modi omnis. Laboriosam et non est veniam. Non odit et commodi blanditiis.','0','1992-06-14 15:52:26'),
('224','924','924','Facilis et explicabo qui quis dolorem voluptate tempore. Et consequuntur sed quibusdam architecto veritatis. Eum nam nulla laboriosam quibusdam iusto eum delectus.','0','1985-08-13 06:59:38'),
('225','925','925','Recusandae asperiores aliquid iste maiores ea accusamus. Dolorum aut magni aspernatur ea quae blanditiis et exercitationem. Odio voluptatem quos tempora nostrum non veritatis quasi. Veritatis qui repudiandae incidunt molestiae voluptas.','0','1998-08-10 10:34:44'),
('226','927','927','Consequatur odio et quia amet minima aut. Ab esse corporis culpa dolorem consectetur quia quia est. Rem nam qui unde omnis et nihil. Pariatur ipsum ad aut cupiditate ut itaque consequatur voluptatem.','0','2008-01-27 03:54:53'),
('227','928','928','Itaque laudantium et perferendis hic praesentium blanditiis quo. Reiciendis odit nemo cupiditate perspiciatis. Et dolores vero quam ut fuga similique quos.','1','1999-05-28 08:15:08'),
('228','930','930','Blanditiis aut possimus quod tempore repellendus quas. Aliquid saepe distinctio nobis sequi ut et saepe placeat. Impedit sunt labore ut et alias necessitatibus impedit ea.','0','1998-12-06 09:18:38'),
('229','934','934','Natus architecto mollitia exercitationem iure aut sed nihil. Ut ullam numquam ipsa ut hic alias maiores. Voluptas alias nam est dolor dolore. Hic quo nam rerum pariatur.','1','2000-11-12 02:21:54'),
('230','936','936','Quos iste ut omnis laborum. Sapiente dolore nisi omnis iste fugit non ratione.','0','2016-09-18 03:27:24'),
('231','937','937','Veritatis cum deserunt vitae harum harum quisquam est eaque. Nostrum sint omnis assumenda id et pariatur nesciunt quia. Quibusdam magni est ut nostrum maiores dolorum.','0','2017-02-22 00:54:29'),
('232','938','938','Consectetur officiis consequatur molestias nobis. Voluptas rerum eos ut consequuntur quam id laborum sint. Nulla officia nemo ut. Doloremque numquam aut qui ipsam placeat quod enim.','0','1970-05-23 14:31:54'),
('233','942','942','Ducimus laborum aut similique. Quia molestias saepe velit. Quia asperiores temporibus eum aut at rem.','0','2013-05-24 22:09:02'),
('234','943','943','Provident porro esse assumenda explicabo. Corrupti dolorem repellendus autem reprehenderit earum commodi. Hic quo incidunt accusamus.','0','2006-12-21 20:46:53'),
('235','944','944','Omnis provident aut id dolor et iure. Fuga exercitationem et harum sed. Totam aut minus ea nulla autem ullam sit ut.','0','2005-02-10 01:25:56'),
('236','945','945','Velit inventore reiciendis animi laboriosam ipsa. Repellat animi consequatur possimus ut assumenda minus temporibus facilis. Vitae veritatis quo nihil repellat at et consequatur in.','1','2016-05-25 01:01:26'),
('237','948','948','Quo molestiae ut pariatur placeat. Distinctio est nihil nemo quas.','0','1984-08-30 12:49:37'),
('238','950','950','Nihil accusamus iusto harum rerum. Voluptate ex aut aut laboriosam quod eos repellendus.','0','2007-02-23 21:24:34'),
('239','951','951','Aut eum animi quia et et. Earum corporis sint aut numquam animi quisquam. Numquam et laboriosam laboriosam est dolorem autem.','0','1977-05-13 15:36:47'),
('240','952','952','Sit iste quae officiis omnis quia dolor quod. Nemo ducimus tempora dolor sint qui porro est. Quas enim labore rerum deleniti quaerat. Illo harum qui iusto nihil ut quis.','0','2017-11-20 10:52:30'),
('241','953','953','Officia eum et delectus laborum sint ducimus. Nostrum et vitae at. Qui voluptatem maxime dolorum occaecati at numquam ea. Error est quia aut sed nulla animi aliquid. Explicabo occaecati ut molestias magnam.','1','1970-04-14 12:31:40'),
('242','954','954','Velit voluptates quisquam rerum deleniti nihil quae. Autem consectetur maxime repudiandae dignissimos fuga. Facilis facilis nulla nisi voluptate sint placeat. Sequi dignissimos voluptate cumque qui eum et odit.','1','1978-08-15 06:06:11'),
('243','955','955','Corporis distinctio assumenda pariatur sit corporis a pariatur. In et eos quis quia eos animi. In voluptas sunt cumque est.','1','1971-12-30 15:01:45'),
('244','956','956','Facilis et qui voluptatibus enim qui aut laborum. Aut aut et labore rerum ad fugiat. Id qui ad nihil ut. Asperiores consequuntur sint sit consequuntur nostrum nemo cum impedit.','1','1994-02-03 12:39:01'),
('245','959','959','Impedit vitae laudantium voluptatibus ut quos aspernatur. Omnis minima magnam sint.','1','1986-12-18 03:58:42'),
('246','960','960','Nemo nihil commodi qui modi est atque enim. Et aut dolorem tempore ipsa soluta numquam. Sapiente possimus et totam ipsa tempora consequatur recusandae eveniet. Dicta voluptas ducimus exercitationem autem aut.','1','2005-09-05 04:12:18'),
('247','961','961','Esse hic ut eos similique et ut nobis quae. Sed eius vel occaecati aperiam iure. Non reiciendis est aut ea quasi. Ratione ut voluptate eligendi enim doloremque quasi.','1','2004-12-13 06:45:51'),
('248','962','962','Quasi sunt labore nisi voluptas quod ipsam. Sed voluptas et est harum in asperiores. Dolore est dolor inventore illum est voluptates natus. Itaque temporibus eos illo eveniet et facilis voluptatem. Sit ut est nisi est quis fuga debitis et.','0','1970-12-03 01:48:42'),
('249','963','963','Non enim rerum maiores. Totam labore et illo natus earum. In tempora laborum quis eaque provident aut sit. Qui sunt necessitatibus consequatur.','0','2014-01-14 02:02:56'),
('250','965','965','Sed sit nihil incidunt eos voluptatem suscipit corrupti. Error quasi cum et amet. Animi iste dolore aut architecto voluptatem. Est quasi sunt qui modi et dolore.','0','2013-10-27 03:37:02'),
('251','966','966','Sit ut autem et sit eos vel. Laborum qui qui quas voluptatem numquam voluptas. Enim in eos ut deleniti occaecati ut. Placeat optio cumque placeat id.','1','1980-02-18 14:21:54'),
('252','967','967','Iste quia voluptatum quibusdam sed. Sapiente quia ad nostrum repellat cupiditate hic amet. Doloremque unde deleniti voluptatem quaerat autem. Earum explicabo numquam quaerat esse dolorum.','1','1983-11-18 22:27:49'),
('253','969','969','Eveniet ipsa eum praesentium saepe officia nostrum non. Eius nobis asperiores voluptas quo. Asperiores qui voluptatem itaque odit doloremque. Expedita mollitia nihil blanditiis est ut vitae sapiente.','0','1996-09-20 07:37:59'),
('254','970','970','Ducimus aut qui aliquam qui quaerat quibusdam suscipit. Adipisci fugiat id voluptas aliquid repellat voluptatem eum. Est voluptatum animi voluptatem voluptas dolores est occaecati. Laboriosam ducimus nostrum optio minima.','0','1994-05-17 19:39:44'),
('255','971','971','Quibusdam culpa necessitatibus rem. Itaque ut mollitia quaerat recusandae qui.','1','1994-06-14 18:32:34'),
('256','973','973','Corrupti harum impedit et odit veritatis dolore ea. Sint aspernatur nostrum quasi distinctio repellat nobis. Dolorum quo amet alias non. Numquam est est accusantium earum omnis vel consequatur.','1','2015-05-30 16:18:11'),
('257','974','974','Et necessitatibus beatae omnis. Praesentium commodi vel tempore fugit aspernatur nihil. Non impedit aspernatur aut minima dolor dolorem. Dolor voluptas voluptate laboriosam ut quae.','1','2015-08-16 05:03:22'),
('258','975','975','Magnam optio voluptatem natus et deleniti a sapiente. Rerum voluptates ipsa iusto assumenda iure facere dolorem. Ipsa voluptate eius labore doloribus nam cum.','1','1997-09-04 14:06:13'),
('259','976','976','Provident aut enim quidem quas quo in commodi dicta. In ut eum sit omnis harum. Autem distinctio ea nihil fuga fuga. Numquam est sint minima eius libero velit ut. Ab consequatur et enim quod omnis quaerat.','1','1985-07-15 01:03:59'),
('260','980','980','Nihil dolorem eum animi quas. Iure ad velit enim eius aliquam repudiandae voluptas. Aliquam sed est quisquam non aut quibusdam ipsa reiciendis. Ut cumque harum aut dignissimos.','1','2015-04-10 10:11:15'),
('261','981','981','Nihil porro corporis ea. Et et facilis omnis quo. Aut eum autem velit consequatur reprehenderit rem.','0','1985-01-20 02:34:55'),
('262','982','982','Qui ad sunt quo dolores. Ea vero repellat magni provident provident. Molestias molestias nemo quibusdam sunt repudiandae deserunt.','1','2004-09-03 10:27:20'),
('263','983','983','Vel architecto est perferendis reprehenderit deleniti. Natus ut quas sapiente necessitatibus maxime. Repellat ratione similique dolores eum atque. In ipsa doloremque temporibus voluptate voluptas adipisci consequatur qui.','0','2015-10-28 03:18:43'),
('264','986','986','Voluptatibus rem voluptas sit autem illo fuga animi ipsam. Tenetur aspernatur aut expedita. Vel rerum dolore consequatur tempore delectus eveniet. Nulla amet occaecati ut.','0','2004-10-20 04:59:52'),
('265','987','987','Consectetur sequi deleniti odio rerum aut. Quia sunt totam est animi voluptatum.','0','1993-01-01 17:46:37'),
('266','989','989','Sapiente sapiente mollitia et error ut. Et quisquam molestias inventore voluptatem necessitatibus quia. Et optio ad animi sapiente sed similique. Aliquam ab sint rerum quia expedita veritatis. Quia ut doloremque quam non repudiandae.','1','1983-09-24 21:54:05'),
('267','993','993','Deleniti autem omnis ut dolores beatae ipsam labore. Omnis nam et quas voluptatem veniam quisquam et eaque. Et voluptas nam distinctio molestiae eum deserunt repudiandae.','1','1991-07-26 13:49:36'),
('268','994','994','Velit omnis totam nostrum quos quia qui repellat nobis. Laborum ipsum molestias asperiores alias quas repellat voluptates. Quia aliquam excepturi quas saepe.','1','2017-05-16 07:32:03'),
('269','995','995','Qui est sit reprehenderit enim non. Nostrum dolorem et sit perspiciatis provident numquam accusantium sint. Facilis fuga et iusto consequuntur.','0','1973-05-01 08:18:10'),
('270','997','997','Repellat ipsa provident et illo. Quia nihil sequi hic reprehenderit omnis velit vel. Voluptatum ea ipsam quidem corporis nostrum aut. Neque aut temporibus et ipsum maiores quidem.','1','2017-03-05 19:24:56'),
('271','999','999','Enim repellat earum praesentium. Quidem voluptatem cupiditate doloremque aperiam animi adipisci. Omnis culpa cumque ex dignissimos. Quia officia cupiditate perspiciatis aliquam et non qui.','0','2011-01-10 10:07:05'),
('272','501','501','Vitae saepe est sapiente consequatur blanditiis. Illum est qui aut temporibus numquam distinctio quidem. Voluptates earum cupiditate qui rerum. Molestiae fugit ut fuga.','0','2005-10-22 03:54:19'),
('273','502','502','Ratione amet hic incidunt tempora corporis quis. Ea eum aspernatur iure facere. Accusamus eaque perspiciatis quidem iusto ab repudiandae. Aut id et non ut illum cum. Sunt ipsam modi veritatis perspiciatis rerum.','1','1970-05-06 03:50:40'),
('274','503','503','Omnis excepturi est eligendi laboriosam iste tempora laborum aut. Atque voluptatem maiores accusamus dolor. Ut voluptas rerum sint assumenda.','1','1970-01-16 09:08:05'),
('275','504','504','Cumque quibusdam architecto officiis quia autem. Et excepturi dicta et ratione nobis blanditiis et voluptatem. Dolore occaecati delectus et blanditiis. Omnis voluptatibus est sit incidunt illo deleniti quia quidem. Ducimus perferendis ea aliquam.','1','2008-08-04 18:31:02'),
('276','505','505','Et consequatur quia sit. Quisquam tempore omnis ab voluptas maiores odit. Cumque debitis voluptatum asperiores sunt. Neque aperiam commodi molestiae in libero sit neque aut.','1','2013-05-22 05:07:21'),
('277','506','506','Et nobis aperiam aliquam. Maxime quibusdam aliquid tempora. Omnis ducimus quia perspiciatis nam veniam iure. Sint qui voluptatibus autem. Consequatur voluptas voluptas et.','0','2019-04-10 18:52:21'),
('278','507','507','Nemo saepe possimus ad. Consequatur ut provident officiis impedit debitis culpa. Consectetur quibusdam quia ullam accusamus. Quaerat et nihil amet praesentium sunt voluptatem vel.','0','2017-08-19 00:28:46'),
('279','508','508','Laborum qui aut sed ea aperiam. Et officia voluptas quod voluptas non dolore.','0','1982-09-30 10:06:00'),
('280','509','509','Et enim voluptas ab id omnis in. Quis dignissimos dolor dolor. Iste eum sit porro sint natus. Autem rem ullam ut ut nobis sapiente rerum.','1','2018-03-20 07:43:01'),
('281','510','510','Fugit et iusto id voluptatibus. Modi dolor consectetur alias odit illo debitis dolores. Et maiores debitis dignissimos necessitatibus.','0','2000-04-14 00:12:04'),
('282','512','512','Enim omnis at vero optio. Rerum eligendi iusto animi quis et magnam enim aspernatur. Alias aut quas voluptatem quia. Dolor ut assumenda fuga eius.','0','2011-03-20 14:56:16'),
('283','515','515','Error similique magni expedita explicabo error dolores recusandae inventore. Aut sit voluptatem voluptas. Nihil repellat saepe quaerat est et possimus aut.','0','1998-08-04 13:46:15'),
('284','520','520','Consequatur tenetur impedit laudantium aliquam minima. Ut tempora cumque voluptatem beatae. Pariatur quaerat quae nam vitae tenetur. Dolor odit ut vitae et. Perferendis provident non facere est et et.','0','2011-10-24 02:08:34'),
('285','521','521','A voluptates molestiae placeat iste cumque adipisci omnis quasi. Autem sit hic officiis corporis rem libero.','1','1984-05-19 17:53:33'),
('286','523','523','Aut vel delectus eveniet dolore sint officia voluptatum. Qui dignissimos magni distinctio temporibus rem. Eos tempore quis et distinctio error.','1','2009-05-03 09:27:32'),
('287','525','525','Dolor facilis voluptas in animi et neque ducimus. Itaque mollitia sed voluptates laudantium nobis qui quidem. Cupiditate qui maxime natus at. Placeat voluptatem ut atque voluptatem dolore mollitia.','1','2004-11-30 01:24:37'),
('288','528','528','Accusamus perferendis voluptatem maiores quae occaecati est eos adipisci. Et qui qui voluptatem sit sunt ullam aut. Velit maiores deserunt id aliquid accusantium fuga labore.','1','1992-06-24 06:47:49'),
('289','529','529','Vero aut voluptatem nisi neque. Ut nulla ad voluptatem et voluptatum beatae. Aut perspiciatis quo in aut. Natus unde deserunt voluptate ut.','0','1975-08-09 09:33:57'),
('290','535','535','Voluptatem in consequuntur earum voluptatem voluptatem veniam. Consequatur non qui id autem cum. Vitae amet dolore magni non reprehenderit quia omnis. Et ipsum iure minima velit hic similique.','0','2002-04-23 19:01:55'),
('291','538','538','Corporis aut consequatur est ut. Veniam unde sint aut sapiente hic et sed. Ducimus pariatur repellendus unde quas et odio occaecati. Dolores dolores et sit.','0','2019-02-21 05:37:47'),
('292','539','539','Similique unde laboriosam culpa et. Consequatur cum unde minima corrupti qui inventore et et. Ut aspernatur vitae qui nemo aut. Porro rerum rerum ut hic reiciendis at voluptatem corporis.','0','1978-04-10 22:59:08'),
('293','540','540','Molestias inventore beatae libero quia cupiditate. Sunt aut quia dolores provident vitae. Provident cum distinctio maxime est.','0','2016-12-16 10:10:58'),
('294','542','542','Delectus voluptates totam distinctio explicabo omnis. Qui recusandae iure quia esse numquam nulla vel. Non ipsa ab qui eum ducimus architecto eligendi. Nisi maxime aperiam quibusdam atque accusantium mollitia. Quos et quaerat similique tempora quis modi ut libero.','0','1989-08-06 22:39:56'),
('295','543','543','Ut iusto quia assumenda porro deserunt harum aperiam. Occaecati minima error aliquam. Nobis in illum est voluptas. Ullam voluptas reprehenderit voluptatem earum voluptates qui qui architecto.','0','1976-09-08 12:14:56'),
('296','544','544','Tempore sed assumenda nulla possimus consequatur saepe soluta. Aliquam ratione et minus ut ut modi.','0','2019-10-05 10:26:02'),
('297','545','545','Optio repellendus quam qui quia. Dolores esse harum et molestias perspiciatis dolorem. Magnam qui porro dolore. Vero qui natus cupiditate assumenda fugiat pariatur.','0','1987-09-27 10:52:45'),
('298','546','546','Omnis vel nobis in optio. Eveniet nesciunt perferendis excepturi repudiandae aliquam dolor. Earum fugit iure ducimus laudantium fuga ut aliquam quod. Qui tempore quo sed ea aut aut dolorum. Laboriosam doloremque nam facilis consequuntur quas.','0','1990-11-04 20:50:06'),
('299','547','547','Ut sint explicabo sit magni unde numquam quod. Qui error itaque sit quisquam iste. Rem hic dolorem ex praesentium. Sint enim aut ad et iusto atque enim.','0','1970-07-04 02:22:12'),
('300','548','548','Deserunt nihil deleniti voluptates. Commodi facilis placeat natus voluptates omnis et. Dolores vitae sapiente aliquid est. Eligendi velit alias consequatur assumenda mollitia quos.','1','1983-12-23 13:53:43'),
('301','549','549','A consequatur eveniet dolores sed at eaque. Accusantium quo quia facere aut sunt est aut eum. Reprehenderit ea ut non officia suscipit ducimus earum eum. Ut est rem velit qui placeat dolorem.','0','2000-12-10 08:00:22'),
('302','550','550','Et sit qui nobis excepturi impedit qui sunt quidem. Voluptatum nam non commodi sequi voluptate similique ducimus. Corporis id dolorem fugiat autem aliquam.','1','1988-11-22 22:01:14'),
('303','551','551','Atque ullam voluptas sint voluptatem aut doloribus. Fugiat sit atque vitae id vero velit autem. Incidunt neque ex dolores officia quisquam qui iure possimus.','0','2003-05-14 13:32:45'),
('304','553','553','Delectus doloribus veniam quis placeat. Architecto accusantium id quam. In nisi qui autem qui officia. Fuga id iusto in excepturi non quas veniam. Quam id velit earum rerum sit.','1','2010-02-06 22:56:57'),
('305','554','554','Et reprehenderit repellendus assumenda velit nulla. Sit eos modi repellendus aspernatur aspernatur. Sit quis voluptatem ducimus mollitia modi iste incidunt. Alias ad perspiciatis eligendi laborum corrupti eligendi.','0','2005-06-02 12:34:51'),
('306','555','555','Et odit ut distinctio impedit excepturi accusantium. Eum vitae veritatis non autem nulla. Eligendi quam non excepturi ab est mollitia.','0','1977-12-08 06:05:35'),
('307','558','558','Ea voluptatem qui sed vel magnam. Ut eum excepturi culpa quam unde a. Et quia eligendi voluptas saepe magnam molestias soluta.','0','1995-06-25 02:40:44'),
('308','559','559','Qui in alias est sit laborum rerum rerum. Et nam et et qui officia voluptas officia.','0','2018-10-30 11:23:25'),
('309','561','561','Ea et qui fugiat doloribus est tempore quae vel. Expedita id dolores vel corrupti quaerat dolorum. Quaerat ea placeat vero fugiat sit libero laboriosam. Adipisci dolorem sit possimus eum reprehenderit velit.','1','2012-08-21 15:45:40'),
('310','563','563','Et aut consectetur ex optio ut et fuga odio. Optio et dicta vero excepturi nihil nisi inventore. Officiis ut et eveniet quae quae ut deleniti eum.','0','2002-07-09 18:56:41'),
('311','567','567','Aliquam id omnis totam magni. Cum non nostrum delectus et totam quae sit.','0','1997-03-29 22:15:08'),
('312','571','571','Est vel rerum quia est distinctio velit molestiae. Neque impedit modi ipsum voluptatibus voluptas dignissimos et. Sequi quasi et ducimus animi. Quia sit iure sapiente. Et vero accusamus magnam voluptate.','1','1989-11-02 14:18:24'),
('313','573','573','Ea eum id quidem maxime sequi. Sapiente occaecati in facilis voluptatem. Modi itaque explicabo temporibus delectus non. Aut ullam nisi illum velit ipsa nesciunt. Dicta sit ea placeat voluptatem.','1','1976-12-29 10:54:05'),
('314','574','574','Labore eum maiores debitis quam doloremque. Delectus maxime hic voluptatibus dolorum nobis iusto similique.','1','1984-10-08 08:22:52'),
('315','575','575','Et et dolorem eos assumenda corrupti sint. Dolore laboriosam sit voluptas quibusdam voluptas officia.','0','1993-04-29 02:25:37'),
('316','579','579','Eius libero est error consequuntur itaque aut veniam. Earum quam alias odit aut.','1','2016-05-14 21:31:10'),
('317','580','580','Tempora cumque velit ducimus architecto. Quo eveniet in nemo atque accusamus. Voluptatem consectetur sequi at maxime quia possimus. Cum blanditiis accusantium doloribus aut necessitatibus error earum.','1','1977-06-18 10:15:43'),
('318','581','581','Quibusdam consequatur ut voluptates tenetur. Et aliquam error vel ex. Ut occaecati deserunt sit. Magni exercitationem quos alias et ab nemo enim.','1','1989-09-18 18:45:05'),
('319','583','583','Expedita libero quae blanditiis ipsa provident. Vel magni repudiandae et voluptas eligendi quis neque. Ut non quis voluptas autem sit voluptatem rerum.','1','1997-03-20 12:15:01'),
('320','585','585','Ipsam magni qui officia accusamus. Ex facere vitae doloribus molestiae quidem. Ea mollitia et quaerat cupiditate magnam.','1','2017-12-19 08:56:07'),
('321','587','587','Qui facere et nemo laboriosam aliquid. Asperiores libero qui qui et corrupti quis molestiae. Exercitationem cum quis quod labore qui tenetur consequatur.','1','1973-06-20 23:23:37'),
('322','590','590','Voluptatem magnam fugit quo maxime repellat facilis. Quia nihil rerum doloribus ipsam eveniet. Quibusdam quasi aut id explicabo reprehenderit dolor velit veritatis.','0','2009-05-07 12:07:11'),
('323','594','594','Facere quas neque mollitia nisi ut omnis. Vitae beatae ratione laudantium aliquid. Ipsam assumenda nesciunt nesciunt ad eos. Quo culpa modi autem consequatur blanditiis consequatur mollitia.','1','2016-09-11 03:11:56'),
('324','601','601','Dolorem omnis magnam possimus. Et quisquam accusantium voluptatem ab ea quidem aspernatur. Aliquid cum suscipit dolor nostrum eum rem vel.','0','2016-02-20 16:37:01'),
('325','603','603','Tenetur et debitis quas doloremque. Voluptas fuga provident aut itaque possimus.','1','2010-01-30 02:25:37'),
('326','605','605','Eaque vel quia excepturi distinctio dolore nostrum in. Dicta quibusdam labore excepturi corrupti illo tempore. Consequatur eius voluptatem ullam. Voluptatibus hic id omnis libero praesentium.','0','2007-01-25 19:31:05'),
('327','607','607','Qui fugit quod earum hic non facere non. Est molestiae id aut. Eum molestiae qui aut rerum.','1','1971-01-30 01:34:00'),
('328','608','608','Expedita est temporibus architecto occaecati explicabo sint nulla quia. Laborum temporibus nisi et magnam enim nemo. Quod quibusdam sed excepturi et molestiae ut ut. In pariatur consectetur quaerat deserunt.','1','2016-03-04 04:41:16'),
('329','609','609','Dolor quisquam natus id autem consequatur. Officiis aut recusandae quia cupiditate. Ut accusantium nihil dolorum voluptatibus voluptas natus nulla. Recusandae nihil blanditiis ea magni autem quidem.','1','2012-10-03 00:02:51'),
('330','613','613','Dolore facilis ea ut similique quia. Nisi rerum quae autem dolorem. Dolores eum tempore molestiae. Voluptatem vel sapiente reiciendis et.','1','1976-11-14 21:14:35'),
('331','618','618','Est ut dolorum veniam voluptatem at. Labore et debitis alias voluptate.','1','1978-01-01 20:34:07'),
('332','619','619','Itaque ut sint atque vero. Porro saepe est facilis voluptatem natus minus. Dolor aspernatur atque explicabo eius. Vitae voluptates incidunt eum voluptatum vel et odit.','0','2000-05-17 08:33:00'),
('333','620','620','Recusandae molestiae quod nihil quia dolor omnis debitis. Ipsam beatae quis amet. Corrupti similique et placeat corporis maxime est ad.','0','1975-06-06 03:30:52'),
('334','621','621','Provident asperiores id et incidunt dicta. Laudantium deleniti id eaque maxime saepe. Magni tempore omnis eum et error eum. Molestias ab quia fugit repellendus blanditiis fugiat aliquam vel.','1','2014-10-20 19:29:32'),
('335','625','625','Sint dolore similique nihil reiciendis iusto asperiores non. Ducimus quo excepturi omnis et. Ut quo labore et nulla qui.','1','1993-11-26 03:34:28'),
('336','628','628','Sint magni sed unde distinctio. Blanditiis magnam non laboriosam officiis unde veniam. Delectus ad cum ut necessitatibus debitis recusandae doloremque rerum.','0','2012-09-18 22:57:18'),
('337','633','633','Consequatur et voluptatibus laboriosam iure est tenetur. Est perferendis ut dignissimos ratione. Tempore itaque libero voluptate assumenda placeat molestiae autem quos.','1','2012-03-08 04:29:12'),
('338','634','634','Iste magni illo atque rerum. Illum quo quos aliquam velit atque excepturi. Quod tempore pariatur voluptatem sed eveniet ipsa corporis sit. Labore esse possimus voluptas quia minus rerum voluptatem rerum. Quos veritatis eos ea atque reprehenderit blanditiis quis minus.','0','1989-02-20 01:02:05'),
('339','637','637','Culpa praesentium possimus modi occaecati non autem quia. Est ipsam et dolore et. Consequatur iusto sit minus vitae sunt.','1','1985-01-02 13:30:24'),
('340','639','639','Autem dignissimos enim enim consequatur et maiores earum. Laudantium itaque ut id autem. Fugiat qui minima quos ullam.','1','2007-08-10 17:08:03'),
('341','641','641','Error facilis praesentium ullam voluptas facere dolore dolore. Dolore eos sapiente et doloremque eaque vero harum. Tenetur ut autem laboriosam minima in corrupti.','1','2016-07-11 07:27:45'),
('342','643','643','Minima impedit est similique est in. Cumque iure dolor sequi expedita occaecati vitae. Qui provident rerum magnam quia ut necessitatibus.','1','1988-07-20 22:32:46'),
('343','645','645','Quam assumenda placeat perspiciatis veritatis doloribus quis dolor. Provident esse eaque vel tempore.','1','2005-07-17 09:38:53'),
('344','646','646','Voluptates ut aliquam non voluptas. Voluptatem necessitatibus beatae libero voluptas sed dolore. Ut molestiae beatae itaque assumenda.','0','1987-07-23 23:08:04'),
('345','647','647','Impedit quia suscipit sed asperiores. Beatae quia ipsa reprehenderit fugit libero fuga. Et vel mollitia numquam distinctio minus cupiditate et. Velit ducimus et soluta tempora qui.','0','1976-06-17 06:43:43'),
('346','650','650','Sit labore voluptatum sequi. Aut fuga tempore consequuntur earum qui explicabo ipsa. Ex quibusdam consectetur repellendus possimus itaque ut pariatur nobis.','1','1985-04-11 14:59:28'),
('347','651','651','Voluptatem minus facilis odio ut fuga dolores. Porro consequatur fugit omnis aut quia ut dicta. Vel placeat dolorum voluptas ea. Et officia accusantium explicabo recusandae consequatur.','0','2008-12-20 18:19:34'),
('348','653','653','Libero eaque qui officiis est magnam. Facere vel ex voluptatem et inventore tenetur. Alias et autem eum nobis tempora dicta.','1','1988-06-08 04:13:53'),
('349','657','657','Illo magnam quo hic vero. Odio inventore non omnis dicta cum quos est. Ut impedit distinctio possimus eum maiores voluptate velit.','0','1999-03-30 13:48:39'),
('350','658','658','Optio ut consequatur et enim. Tempore labore quia aliquam id sint.','0','1977-11-22 21:33:14'),
('351','659','659','Praesentium expedita aliquid fugit voluptatem. Veniam architecto placeat praesentium cumque cupiditate. Modi harum delectus ipsam culpa. Id nam iste nostrum similique quasi quaerat.','0','1996-08-01 21:41:49'),
('352','666','666','Fugit ut at quas vitae voluptates consequuntur animi. Magni ut quia qui libero. Excepturi ratione et impedit quaerat quia vero.','1','1986-05-07 02:24:26'),
('353','668','668','Non quaerat aut quaerat occaecati. Adipisci quia sed labore est fugit assumenda laborum. Qui tenetur asperiores asperiores ut.','1','2010-09-01 10:55:57'),
('354','669','669','Possimus voluptate numquam accusamus rerum voluptatem est. Deleniti suscipit velit praesentium nulla sint fugiat in. In esse qui aliquid adipisci. Sit eos aperiam ratione nihil repellat.','0','1998-10-03 04:06:23'),
('355','673','673','Quia molestias laudantium dolor aut. In consectetur eum eveniet non molestiae quo. Sunt sed et doloremque aut.','0','2016-03-26 09:34:40'),
('356','677','677','Ipsam ratione quos architecto cum modi. Enim iusto explicabo minima sit minima ipsum. Voluptates dolorem aut vitae dolorem iure aut. Officia vitae aut officiis in. Odit aut vel ullam.','0','2010-10-31 11:53:34'),
('357','678','678','Sit omnis quibusdam eos. Soluta porro qui voluptas doloribus voluptas aut.','1','1971-08-21 04:33:58'),
('358','679','679','Quia cumque consequatur amet ut. Vitae et aut laudantium voluptatibus veniam amet voluptas voluptatibus. Hic tempore illo nesciunt consectetur aut dolorem. Facilis voluptatem porro amet quaerat ad inventore.','0','2013-10-29 03:38:57'),
('359','688','688','Aperiam laborum velit quia quam dolor. Saepe non sit iusto excepturi non non rerum sequi. Deserunt veritatis aut ex velit sequi.','1','1998-05-31 02:39:17'),
('360','689','689','Hic non quos laudantium veritatis quia id qui. Velit delectus repellendus et ad eum debitis. Tenetur aspernatur et ea voluptatum. Id rerum possimus laudantium ea. Suscipit quam consectetur omnis autem architecto.','1','1984-05-13 17:52:53'),
('361','691','691','Aperiam sunt accusantium dolores et. Accusamus recusandae minus ut neque excepturi. Voluptatum consequatur omnis delectus alias commodi eaque numquam quae.','0','1971-03-19 09:53:24'),
('362','694','694','Maiores ea voluptates sequi voluptatem odio. Doloribus laborum a id veniam mollitia mollitia. Omnis dolores quos iste aut. Qui nostrum esse quae eveniet sunt quasi ea.','0','1986-11-26 13:08:18'),
('363','695','695','Voluptas libero earum nihil et sit est sapiente. Porro assumenda et tempore voluptatum qui rerum aut. Voluptatem autem eaque iste neque. Autem illo totam quae culpa asperiores non placeat.','0','1972-07-17 04:49:26'),
('364','696','696','Illum hic quia consequatur corrupti dolores corporis nihil. Quo qui blanditiis omnis quam. Laudantium ea voluptas quisquam tenetur repellat eveniet tempora. Doloribus aut voluptatum aut perferendis voluptas aperiam. Aut amet non quasi.','0','1979-06-16 21:43:19'),
('365','697','697','Itaque corporis velit quia et distinctio. Eos eligendi qui delectus architecto facilis eos rerum. Assumenda dolor molestiae et. Rerum odit quia laboriosam cupiditate.','0','2006-02-16 06:55:00'),
('366','698','698','Dolores excepturi enim reiciendis enim ipsa ipsam sunt. Quisquam excepturi molestiae quis aliquam nam nihil. Repellat quod laborum ipsum ea deleniti fugiat accusamus necessitatibus.','1','1987-04-24 05:54:02'),
('367','699','699','Facere officia sint ducimus recusandae molestiae quia temporibus. Voluptatem dolores nemo quis in libero sint expedita. Debitis quisquam quis distinctio enim consequuntur cupiditate. Commodi mollitia possimus ipsa odit aut possimus sunt.','0','1991-10-17 10:26:02'),
('368','700','700','Aut debitis aliquam eveniet. Minima repellat aliquid et nobis. Et autem omnis itaque est id.','0','1970-04-16 10:38:12'),
('369','701','701','Voluptatem eaque animi quo voluptatem odit minima. Doloremque molestiae consectetur accusantium eius et. Sed dolores aliquid in dignissimos eligendi. Natus voluptas beatae aspernatur beatae. Assumenda quo assumenda officiis ut enim occaecati aut sit.','1','1976-07-20 19:36:55'),
('370','703','703','Similique quaerat reprehenderit quae nemo dolor expedita culpa velit. Sequi exercitationem aut in quo nobis nostrum. Voluptatem maxime eveniet ducimus tempore eligendi mollitia.','0','2007-11-30 22:14:49'),
('371','704','704','Asperiores nobis autem assumenda omnis. Maxime qui et qui magnam beatae. Repudiandae ut omnis necessitatibus pariatur corrupti. Iste architecto et repudiandae repellat et.','0','1992-08-23 04:17:30'),
('372','706','706','Eos unde ea molestias ut voluptas accusamus. Quia rerum temporibus omnis maxime ad voluptate quia. Labore magni velit et incidunt qui quisquam.','1','1987-11-27 05:01:14'),
('373','707','707','Dolore qui ratione dolores quisquam ipsa repudiandae quia deleniti. Harum eos a necessitatibus officia quos.','1','2007-01-15 01:27:58'),
('374','709','709','Molestias perferendis omnis velit rerum qui occaecati qui. Enim quis officia voluptatem blanditiis. Quasi ab sunt ut magnam. Consectetur placeat eveniet ad alias.','1','1975-12-14 22:39:50'),
('375','711','711','Doloremque neque eum non praesentium sint sunt quo. Beatae nemo aperiam commodi molestiae placeat non ut repudiandae. Aliquid nisi sapiente aut molestiae sint. Ut dicta et ut id delectus ut.','0','1976-01-02 11:23:20'),
('376','713','713','Fugiat ut temporibus reiciendis animi. Molestiae omnis a praesentium aut. Rerum sed ut aspernatur quo officia doloribus. Blanditiis voluptate dolore ullam quas adipisci deleniti.','0','1990-10-28 13:08:52'),
('377','715','715','Voluptatibus quam nulla perferendis repellendus est. Est aut error corrupti dolorem perferendis. Dolores voluptatum autem corporis molestiae quasi sit ex.','0','1999-04-27 10:32:41'),
('378','717','717','Ea id voluptas qui facere et id nostrum laborum. Qui officia sed necessitatibus reprehenderit aut. Itaque ea quam magnam impedit nostrum. Voluptatem adipisci fugit hic rerum qui.','0','1983-01-07 12:43:35'),
('379','718','718','Impedit architecto fugiat error veniam non sunt. Tempora et saepe ab voluptas. Natus fugit ratione illum non sequi voluptatem ratione.','1','2005-01-11 13:24:55'),
('380','721','721','Unde atque dolores neque et nesciunt. Quia aut id laudantium dolores incidunt. Fuga aut saepe debitis voluptatem quia dolorem voluptatem quis. Mollitia ullam voluptatibus optio sed est occaecati.','1','1987-01-27 07:46:30'),
('381','723','723','Accusamus provident numquam ea quas voluptas possimus est. Et velit rerum et beatae et rerum. Distinctio occaecati dolores quaerat maxime saepe quia modi aut.','0','2013-01-05 14:40:29'),
('382','725','725','Mollitia et possimus nobis ea deserunt necessitatibus architecto. Et ipsa est non dolore quod consectetur quod. Ut hic dolores et quia est et ullam.','1','2006-05-09 14:21:48'),
('383','727','727','Repellendus iure rerum omnis dolorem perferendis. Et quia quia temporibus numquam esse quis et. Sed quae et non vitae modi. Doloremque perferendis ipsam non sit inventore consequatur.','1','1985-04-14 01:11:07'),
('384','729','729','Ipsum consequatur aliquam doloribus laborum sint maiores maxime. Non quo ratione ab consequatur aut. Quae et aut consectetur non architecto.','0','1996-05-11 17:08:41'),
('385','733','733','Eos ea omnis non dignissimos aut. Eaque officiis ut quis aut.','1','2004-06-13 12:13:44'),
('386','737','737','Facere dicta optio cupiditate enim temporibus libero. Ea qui incidunt aperiam doloremque a odit. A ducimus reiciendis accusantium ut magnam omnis est ratione.','1','2015-12-18 15:31:21'),
('387','740','740','Quia nulla molestias unde quasi magni modi. Laboriosam consequatur earum facere saepe. Aut minima eum cumque et. Odit fuga perspiciatis rerum sed.','1','2003-05-03 09:57:07'),
('388','741','741','Non maxime quis voluptates vel. Officiis atque quisquam pariatur accusamus facilis voluptatem eaque voluptas. Ea accusantium dignissimos quo vel consequatur explicabo.','0','1998-04-25 13:14:49'),
('389','742','742','Rerum earum sint velit odit rerum aut sunt sit. Hic quos velit saepe vel ea. Est velit ratione et. Voluptas aut amet incidunt nostrum consequatur aut nostrum.','0','2008-10-07 18:16:16'),
('390','744','744','Est ipsam voluptatem sed aut voluptatum quisquam dicta. Fugiat magnam tempora unde et ut. Est ab suscipit voluptas vel perferendis facilis. Suscipit adipisci consequuntur ut quia ratione. Eum qui adipisci recusandae laboriosam.','0','1994-10-25 08:39:28'),
('391','745','745','Doloremque et consequatur facilis odio placeat recusandae ipsam. Sit molestias pariatur voluptatem in voluptatem explicabo delectus. Delectus velit nesciunt officia magni esse quo autem.','0','2011-07-01 19:24:00'),
('392','747','747','Nobis modi ut eos et velit. Voluptatem voluptatem reprehenderit dicta. Consequatur sunt sit est aperiam sint. Et voluptate enim cupiditate eum.','1','1998-11-23 06:28:27'),
('393','751','751','Aspernatur tempora alias unde id veniam asperiores. Distinctio ducimus pariatur tempore error vitae aut. Eaque tempora illum sapiente vel aut animi odit. Et iste rerum accusantium id impedit consequuntur quisquam.','1','2017-12-09 14:21:17'),
('394','752','752','Sunt veritatis magni vel saepe qui eius. Iure dicta reiciendis consequuntur voluptatibus saepe nulla. Maiores maxime voluptas sequi voluptas sapiente asperiores expedita. Autem molestiae et tempora placeat nostrum qui sequi eius.','1','1987-07-17 08:45:37'),
('395','753','753','Architecto magnam est autem magnam excepturi. Quas quas recusandae omnis qui eos. Molestiae a sed ut delectus tempore. Praesentium odit aut quia ea aperiam.','1','1979-09-26 18:51:27'),
('396','754','754','Explicabo cumque incidunt quidem esse quia iusto. Quia quibusdam consequatur sed eum. Fugiat officiis eveniet itaque voluptas. Qui natus optio culpa exercitationem placeat.','1','2009-07-22 11:26:58'),
('397','756','756','Incidunt voluptatem cupiditate alias voluptas. Consequatur voluptas vel maiores eum iste. Voluptate ut non numquam consectetur. Aliquid exercitationem aperiam quia enim.','0','1987-05-15 23:50:54'),
('398','757','757','Odio rerum voluptate cum eligendi hic. Modi cumque corporis tempore mollitia fuga beatae illum. Quia voluptas molestiae sapiente dolores ullam.','1','1994-05-10 15:16:33'),
('399','758','758','Minima aut rem sunt est beatae nesciunt. Animi atque doloremque corrupti cumque consequatur. Culpa maxime consequatur minus sint est facere. Commodi veritatis placeat laboriosam odio quis perferendis.','1','1991-01-21 13:33:31'),
('400','759','759','Fugit impedit dolorem omnis. Ea eos aut in voluptatem quaerat. Molestiae harum laborum quis nihil omnis a. Itaque ex aut possimus animi tempore magni.','1','1988-10-04 22:31:55'),
('401','760','760','Voluptates ut et nam necessitatibus aperiam ea eaque culpa. Ullam eos temporibus eum quia quas. Molestiae et quos quod fuga.','1','1981-07-11 15:45:16'),
('402','761','761','Enim iste itaque est odio cumque impedit sequi. Saepe excepturi ut explicabo pariatur eum. Et quasi voluptatem voluptatibus.','1','2019-05-11 08:51:32'),
('403','764','764','Voluptas ut repellat possimus ut cupiditate sint. Aut enim culpa illo accusantium amet. Quo illum et totam sed qui. Enim et nobis ipsum at a.','0','2016-06-26 19:24:12'),
('404','765','765','Nam deserunt consequuntur quos ipsa eum dolorem. Quaerat rerum dolor provident ullam. Eos ea et aut perspiciatis nam et.','1','2013-02-08 22:48:20'),
('405','766','766','Odio iusto rem officiis. Aut velit reiciendis laboriosam est.','1','1978-07-20 20:30:31'),
('406','768','768','Voluptatem iste rerum sit earum laborum illum. Laborum est ipsam assumenda vitae. Temporibus aut impedit voluptatibus et.','1','1970-08-22 06:35:17'),
('407','770','770','Asperiores vitae minima quia et nam quia harum. Ut numquam repellendus rerum quaerat modi magnam ad. Consequatur sint qui quia qui et.','1','1978-04-06 22:34:42'),
('408','771','771','Autem maxime consequuntur non. Sit et eligendi provident et eligendi. Et nihil est vero iste et.','1','2011-08-14 10:06:06'),
('409','772','772','Placeat unde explicabo provident aut ex eaque qui. Et corporis libero exercitationem quisquam ut. A vel placeat molestiae vitae expedita tempore numquam.','0','1977-05-09 15:07:12'),
('410','773','773','Est corporis aut temporibus rem vel sit. Maxime inventore perferendis unde. Totam debitis autem expedita nihil harum quisquam voluptatem quidem. Cumque qui maiores et aut temporibus rem sapiente.','0','1998-10-25 12:37:11'),
('411','774','774','Dolores omnis ipsa velit velit incidunt fugiat aut. Corporis non tempore iusto accusamus vel est aut. Consequatur voluptatum minus omnis est aut doloribus nisi dolores. Qui soluta qui est.','0','2013-09-12 10:47:21'),
('412','778','778','Alias fugit ratione cupiditate et. Animi repudiandae expedita neque consequatur. Illo sunt labore accusamus soluta eum et. Ut iusto quam mollitia esse quis qui. Ut quidem voluptatibus molestias sit aperiam.','1','1985-09-04 16:58:55'),
('413','779','779','Dolore voluptatem culpa ut maiores voluptatem. Quasi qui sequi non expedita. Assumenda rerum sit omnis neque. Aut perferendis quo assumenda qui magni.','0','2019-09-28 13:40:42'),
('414','780','780','Quo debitis laborum id eum est. Eveniet ut nihil vel doloribus ea impedit qui. Est aspernatur aperiam ut omnis laborum quis. Dolor sunt ut modi et asperiores velit veritatis.','0','2006-03-17 20:02:18'),
('415','782','782','Quibusdam eveniet quis quibusdam architecto quae voluptas cumque laboriosam. Consequuntur voluptatem unde voluptates maiores quod autem odit. Eum impedit in consectetur architecto at quibusdam tempore molestias. Debitis eaque laboriosam debitis qui ad velit vitae laboriosam.','1','2007-09-05 05:23:07'),
('416','783','783','Id quaerat provident inventore mollitia ducimus. Aut repellat sequi harum veniam dolorem tempora. Rem fugiat eveniet ad consectetur vel ex.','1','1979-12-22 04:58:01'),
('417','785','785','Magnam omnis blanditiis quia voluptatem optio illum beatae beatae. Perferendis quia officia pariatur ratione mollitia. Fuga voluptatum ipsum qui dolor quae adipisci.','1','2010-08-28 04:34:34'),
('418','787','787','Possimus officia harum et dolore hic minima eius esse. Sint vel quisquam quia qui eum iste. Quis dolorem dolore est nemo repellendus in ipsa. Sapiente ut excepturi labore est dolore.','0','1996-07-02 03:01:05'),
('419','788','788','Voluptas cupiditate debitis totam. In rerum vel magni illum tempora optio. Non veniam doloremque officiis ut esse quaerat nesciunt.','0','1971-01-20 06:55:28'),
('420','791','791','Dolore atque ipsam corporis vitae fuga voluptates voluptatem ad. Tempora aut quo deserunt rem voluptates et. Repellat mollitia nemo ex non officia soluta inventore corrupti.','0','2011-06-20 04:54:36'),
('421','793','793','Vitae ipsam quos minima nobis harum omnis corporis ut. A voluptas voluptatibus ipsam. Possimus dolorum voluptate officiis debitis qui. Nesciunt quae voluptatem et ad sunt veritatis.','0','2013-06-01 13:13:58'),
('422','794','794','Tenetur dolores iste nemo possimus. Commodi amet quam et in rerum. Blanditiis aut ea recusandae veniam animi.','1','2017-11-13 13:14:23'),
('423','795','795','A aut et tempore autem. Non velit quia cupiditate error voluptatem corporis rerum. Ut veritatis nihil quas eum.','1','2000-08-30 07:21:28'),
('424','796','796','At illo minus possimus saepe. A aliquam sint sapiente in placeat cupiditate. Et veritatis dicta alias modi qui.','0','1983-05-14 03:02:13'),
('425','797','797','Quis sed porro enim aliquid ea repellendus. Unde sed nihil illo molestias molestiae omnis. Sint mollitia voluptatum blanditiis dolor.','1','1991-01-08 02:27:01'),
('426','798','798','Sunt iste qui vitae delectus sunt maiores eos. Quaerat ut dolor quas minus. Fugit sapiente quis ullam officiis nostrum.','0','1986-08-03 20:20:57'),
('427','799','799','Distinctio totam eaque quod iure magni reprehenderit. Molestiae repellendus totam blanditiis quam ex eius pariatur. Quis vel ut ullam qui repellat est excepturi. Debitis et natus aut dolor excepturi optio.','0','1972-04-08 20:35:20'),
('428','802','802','Quisquam est cumque consectetur ab quia dicta nam. Ipsam sit voluptas et aliquam. Praesentium deserunt architecto rerum aliquam deserunt.','0','1982-03-21 02:26:56'),
('429','803','803','Cum non delectus cum autem labore voluptatem est. Eveniet ipsum est veniam culpa dignissimos. Officiis doloremque aliquid perspiciatis enim expedita. Laudantium quod tempore rerum repellendus rem ab. Aut voluptatum exercitationem molestiae reiciendis nam nihil sit unde.','0','1999-04-03 12:27:20'),
('430','806','806','Veniam est ratione voluptatem similique esse facere aut est. Facilis exercitationem accusamus aut temporibus quaerat. Et architecto nihil officiis quae qui dolore.','1','1977-08-05 09:25:36'),
('431','810','810','Est pariatur dignissimos officia fugiat. Corrupti fugiat dolor magni voluptatum reiciendis architecto. Assumenda totam numquam ea est ut autem occaecati odio.','0','1985-09-18 21:15:03'),
('432','811','811','Voluptates deleniti doloremque totam et aspernatur. Sint assumenda minus velit fugiat sapiente ea. Consequuntur voluptatem ea fugit fugit nihil.','1','2001-05-27 22:35:23'),
('433','812','812','Maiores velit laborum et. Placeat corrupti excepturi explicabo est iure. Esse quasi totam et totam. Est dicta voluptatum vitae doloribus.','0','1970-09-27 17:58:49'),
('434','813','813','Qui consequatur quo sunt cum temporibus maiores. Ab cupiditate laboriosam eos maiores ex cumque fuga porro. Eum laudantium aperiam quo. Ut sit occaecati sit doloremque praesentium et. Eveniet velit iusto in ut odio rerum nostrum.','1','2017-11-25 12:35:37'),
('435','816','816','Voluptatem similique repellendus voluptatibus. Nulla vel aut eius tenetur mollitia. Nisi nulla pariatur qui quia. Eos voluptatem nihil sunt quis eos in.','0','2006-02-03 18:04:08'),
('436','817','817','Nesciunt in voluptate et dicta et. Aut aliquid totam aperiam rerum sapiente. Cumque omnis asperiores in voluptatem hic veniam hic. Impedit maiores at voluptatibus perspiciatis dolores ducimus vero.','0','1983-03-23 09:31:24'),
('437','818','818','Odio reprehenderit dolorem iste consectetur magnam. Inventore animi sunt magnam. Beatae voluptatum necessitatibus impedit quibusdam veritatis officiis reiciendis quia.','0','2004-08-19 10:32:14'),
('438','820','820','Sunt in ipsum saepe quaerat odit debitis. Qui corrupti quaerat et illo laudantium ut voluptas. Temporibus et tenetur quos voluptas accusamus porro odit. Exercitationem impedit incidunt corrupti quis est rem.','1','2006-04-27 21:56:51'),
('439','824','824','Dolor voluptas ut est praesentium voluptate natus nemo. Velit qui dolores animi iste sit neque facilis. Facere molestiae possimus sit corrupti sed. Est voluptate ducimus numquam reiciendis asperiores.','0','2015-05-01 20:58:09'),
('440','826','826','Culpa omnis reiciendis iure vel. Sint aut vero blanditiis sunt.','0','1971-08-24 02:25:05'),
('441','827','827','Hic et porro vero in sed quia et. Totam minima deleniti quidem aut qui in at voluptate. Aut sed aut qui aliquid autem totam. Similique aliquid tempora ullam aperiam fugit.','1','1971-11-14 21:33:37'),
('442','828','828','Consequatur dolorum ipsum adipisci expedita sed. Illum voluptatum sunt sunt laudantium rerum. Dolores perferendis qui voluptatem.','0','2014-10-14 08:15:41'),
('443','829','829','Totam quia accusantium dolorem at. Possimus cumque qui quia officia reprehenderit est assumenda. Aut vitae quos mollitia.','1','1997-10-23 20:31:43'),
('444','830','830','Tempore velit ratione dolore dicta. Quas porro illum eum alias.','0','1994-05-09 18:53:50'),
('445','831','831','Nihil aut a consequatur blanditiis voluptatum rem. Nesciunt et distinctio minima temporibus nam dolorem. Minima autem doloremque ullam nesciunt. Quia vel optio quos error dolores est explicabo.','1','1991-10-06 07:54:53'),
('446','834','834','Ducimus quam reiciendis neque et. Delectus esse officiis asperiores sunt. Consectetur iure tempore quia velit eos.','0','2004-08-28 10:12:02'),
('447','835','835','Itaque aperiam culpa delectus quaerat. Et doloribus voluptatem distinctio. Aut debitis rerum non nesciunt voluptates. Unde amet sed aut magnam placeat.','1','2006-07-25 18:29:50'),
('448','837','837','Aliquam sint reprehenderit explicabo dolor minus repudiandae est. In porro dolorem sed sed reiciendis. Unde natus dignissimos officia sapiente blanditiis velit explicabo aut. Ut maxime pariatur dolores vel recusandae.','0','1997-10-02 00:04:02'),
('449','838','838','Dolor ut libero est sit. Iusto et aut nemo. Porro esse quia voluptatum omnis asperiores. Et et rerum magni.','0','2007-09-13 12:55:08'),
('450','839','839','Aut maiores optio repellat voluptate cupiditate sint. Delectus necessitatibus vitae eos voluptate earum ut aliquam. Et dolores ex vero harum qui. Aut sapiente nulla perferendis deserunt ad est.','0','2013-10-15 22:26:41'); 


DROP TABLE IF EXISTS `news`;
CREATE TABLE `news` (
  `id` bigint(20) unsigned NOT NULL AUTO_INCREMENT,
  `user_news_id` bigint(20) unsigned NOT NULL,
  `media_news_id` bigint(20) unsigned DEFAULT NULL,
  `photos_news_id` bigint(20) unsigned DEFAULT NULL,
  `video_news_id` bigint(20) unsigned DEFAULT NULL,
  `communities_news_id` bigint(20) unsigned DEFAULT NULL,
  `text_news` text COLLATE utf8_unicode_ci NOT NULL,
  `links_news` varchar(256) COLLATE utf8_unicode_ci DEFAULT NULL,
  `created_news_at` datetime DEFAULT current_timestamp(),
  `updated_news_at` datetime DEFAULT current_timestamp() ON UPDATE current_timestamp(),
  PRIMARY KEY (`id`),
  KEY `user_news_id` (`user_news_id`),
  KEY `media_news_id` (`media_news_id`),
  KEY `photos_news_id` (`photos_news_id`),
  KEY `video_news_id` (`video_news_id`),
  KEY `communities_news_id` (`communities_news_id`),
  CONSTRAINT `news_ibfk_1` FOREIGN KEY (`user_news_id`) REFERENCES `users` (`id`),
  CONSTRAINT `news_ibfk_2` FOREIGN KEY (`media_news_id`) REFERENCES `media` (`id`),
  CONSTRAINT `news_ibfk_3` FOREIGN KEY (`photos_news_id`) REFERENCES `photos` (`id`),
  CONSTRAINT `news_ibfk_4` FOREIGN KEY (`video_news_id`) REFERENCES `videos` (`id`),
  CONSTRAINT `news_ibfk_5` FOREIGN KEY (`communities_news_id`) REFERENCES `communities` (`id`)
) ENGINE=InnoDB AUTO_INCREMENT=801 DEFAULT CHARSET=utf8 COLLATE=utf8_unicode_ci;

INSERT INTO `news` VALUES ('1','501','1','1','1','1','I\'ve said as yet.\' \'A cheap sort of knot, and then the puppy jumped into the garden, called out in a day or two: wouldn\'t it be of very little use without my shoulders. Oh, how I wish you could keep.','http://www.mckenzie.biz/','1982-09-25 04:49:32','1977-04-06 13:45:40'),
('2','502','2','2','2','2','I am in the direction in which you usually see Shakespeare, in the middle, being held up by wild beasts and other unpleasant things, all because they WOULD not remember ever having heard of such a.','http://pollich.com/','2020-02-21 11:13:46','1982-11-05 10:06:30'),
('3','503','3','3','3','3','YOUR shoes done with?\' said the Caterpillar took the thimble, saying \'We beg your acceptance of this pool? I am to see it pop down a very curious to know what \"it\" means.\' \'I know SOMETHING.','http://www.veumpfannerstill.biz/','1971-04-07 12:49:58','1992-06-27 11:48:42'),
('4','504','4','4','4','4','Alice think it was,\' the March Hare said to herself how she was quite pleased to have him with them,\' the Mock Turtle replied in a low voice, \'Your Majesty must cross-examine THIS witness.\' \'Well,.','http://www.fahey.biz/','1970-10-04 23:44:24','2016-09-23 01:58:00'),
('5','505','5','5','5','5','Alice, \'it\'ll never do to ask: perhaps I shall never get to the rose-tree, she went out, but it was indeed: she was to eat some of YOUR business, Two!\' said Seven. \'Yes, it IS his business!\' said.','http://adamszieme.com/','2000-07-18 08:37:02','1985-07-13 14:50:05'),
('6','506','6','6','6','6','I\'m sure I don\'t care which happens!\' She ate a little nervous about this; \'for it might appear to others that what you mean,\' the March Hare. \'It was a most extraordinary noise going on shrinking.','http://www.kuhlmanschneider.com/','2002-11-23 20:13:47','2005-08-06 14:25:02'),
('7','507','7','7','7','7','This sounded promising, certainly: Alice turned and came back again. \'Keep your temper,\' said the Cat, and vanished. Alice was thoroughly puzzled. \'Does the boots and shoes!\' she repeated in a day.','http://www.klein.info/','2002-07-13 09:17:36','2000-12-27 02:53:03'),
('8','508','8','8','8','8','I? Ah, THAT\'S the great concert given by the soldiers, who of course was, how to get through was more than nine feet high, and her face brightened up at the Gryphon added \'Come, let\'s try Geography..','http://dickinson.com/','1986-05-09 15:01:48','2018-10-16 04:57:49'),
('9','509','9','9','9','9','Gryphon added \'Come, let\'s hear some of them with one foot. \'Get up!\' said the Duchess, it had VERY long claws and a large cauldron which seemed to be a Caucus-race.\' \'What IS the fun?\' said Alice..','http://ortiz.net/','2015-06-28 13:38:03','1973-07-06 08:06:45'),
('10','510','10','10','10','10','Miss, this here ought to go on. \'And so these three little sisters,\' the Dormouse turned out, and, by the prisoner to--to somebody.\' \'It must have a trial: For really this morning I\'ve nothing to.','http://walsh.info/','1973-03-11 01:49:14','1972-01-11 01:36:02'),
('11','512','11','11','11','11','I say--that\'s the same when I was going to begin with,\' the Mock Turtle drew a long hookah, and taking not the same, the next thing is, to get hold of this remark, and thought to herself. \'Shy, they.','http://ohara.com/','2013-06-27 00:29:54','2006-11-24 11:30:04'),
('12','515','12','12','12','12','The Mouse did not come the same size for going through the door, she ran across the field after it, never once considering how in the other: he came trotting along in a large canvas bag, which tied.','http://www.hermann.com/','2002-10-30 16:36:52','1972-07-28 00:02:44'),
('13','520','13','13','13','13','Said his father; \'don\'t give yourself airs! Do you think, at your age, it is you hate--C and D,\' she added in an offended tone, \'so I can\'t understand it myself to begin with,\' the Mock Turtle, and.','http://willmsfarrell.com/','1996-04-01 07:36:00','2000-11-09 17:34:12'),
('14','521','14','14','14','14','King. \'Then it doesn\'t understand English,\' thought Alice; \'I might as well as if it makes me grow smaller, I can remember feeling a little now and then the other, and making faces at him as he wore.','http://bradtke.org/','1989-11-20 14:55:02','2013-04-02 15:01:16'),
('15','523','15','15','15','15','Alice guessed in a deep sigh, \'I was a dead silence instantly, and neither of the legs of the door with his whiskers!\' For some minutes the whole thing, and she said to herself, and began bowing to.','http://www.king.com/','1985-01-25 22:01:09','1973-06-30 08:34:51'),
('16','525','16','16','16','16','March Hare went on. Her listeners were perfectly quiet till she was saying, and the fall was over. However, when they saw the Mock Turtle, capering wildly about. \'Change lobsters again!\' yelled the.','http://www.zemlak.org/','2007-05-11 09:14:35','1996-08-25 01:57:46'),
('17','528','17','17','17','17','Alice, and she trembled till she shook the house, and found quite a crowd of little cartwheels, and the others all joined in chorus, \'Yes, please do!\' pleaded Alice. \'And where HAVE my shoulders got.','http://volkman.net/','1989-05-29 15:42:29','2002-09-22 18:04:57'),
('18','529','18','18','18','18','Dodo managed it.) First it marked out a new kind of thing that would be only rustling in the sky. Alice went on eagerly: \'There is such a nice little histories about children who had been for some.','http://www.hammes.com/','2002-04-07 09:12:21','1979-03-25 15:46:40'),
('19','535','19','19','19','19','Alice to herself, as she passed; it was only too glad to find herself still in sight, and no one listening, this time, and was beating her violently with its tongue hanging out of a globe of.','http://kub.com/','1980-02-07 20:20:58','1982-12-29 04:53:06'),
('20','538','20','20','20','20','The Fish-Footman began by taking the little golden key, and when she went on, turning to the Gryphon. \'Then, you know,\' said the Gryphon interrupted in a hurry to get out again. That\'s all.\' \'Thank.','http://www.ankundingbeahan.com/','1983-05-01 21:24:56','2005-08-12 09:03:45'),
('21','539','21','21','21','21','AT ALL. Soup does very well without--Maybe it\'s always pepper that makes people hot-tempered,\' she went down on her face brightened up again.) \'Please your Majesty,\' said Two, in a very respectful.','http://rice.com/','1981-06-25 08:15:14','2008-11-04 02:50:15'),
('22','540','22','22','22','22','Alice whispered, \'that it\'s done by everybody minding their own business,\' the Duchess to play croquet.\' The Frog-Footman repeated, in the middle. Alice kept her eyes immediately met those of a.','http://www.koelpinwisozk.net/','1997-07-31 02:17:53','2012-05-16 06:12:11'),
('23','542','23','23','23','23','Cheshire Cat,\' said Alice: \'she\'s so extremely--\' Just then she heard a little scream, half of anger, and tried to say anything. \'Why,\' said the Mock Turtle. \'And how do you know about it, even if.','http://www.lynch.com/','1981-02-19 00:33:08','2014-07-08 03:12:46'),
('24','543','24','24','24','24','ME, and told me he was gone, and, by the pope, was soon left alone. \'I wish I hadn\'t to bring tears into her face. \'Very,\' said Alice: \'besides, that\'s not a mile high,\' said Alice. \'And be quick.','http://www.nienowhudson.com/','1985-11-14 02:55:04','1978-01-17 14:28:47'),
('25','544','25','25','25','25','Let me see: that would be QUITE as much as she could, \'If you didn\'t sign it,\' said the Duchess, digging her sharp little chin into Alice\'s shoulder as he wore his crown over the jury-box with the.','http://www.gorczanylueilwitz.org/','1970-09-10 23:29:23','1993-06-07 23:04:03'),
('26','545','26','26','26','26','Dodo, \'the best way you have to turn into a tidy little room with a sigh: \'it\'s always tea-time, and we\'ve no time she\'d have everybody executed, all round. \'But she must have got in as well,\' the.','http://mitchell.com/','2016-04-16 15:49:44','1990-09-01 07:56:04'),
('27','546','27','27','27','27','The Queen smiled and passed on. \'Who ARE you talking to?\' said the cook. The King and the March Hare will be When they take us up and said, \'That\'s right, Five! Always lay the blame on others!\'.','http://durgan.org/','2004-11-18 01:40:40','1978-11-12 16:18:41'),
('28','547','28','28','28','28','She hastily put down yet, before the officer could get away without being invited,\' said the Pigeon the opportunity of taking it away. She did it at last, and they went up to the Mock Turtle Soup is.','http://jast.com/','2012-08-14 12:38:06','2007-08-31 18:41:35'),
('29','548','29','29','29','29','When the sands are all dry, he is gay as a cushion, resting their elbows on it, and found that it was indeed: she was now, and she did not get hold of its voice. \'Back to land again, and that\'s all.','http://www.mclaughlin.info/','1973-09-30 01:14:29','2007-11-12 01:36:56'),
('30','549','30','30','30','30','King and Queen of Hearts, who only bowed and smiled in reply. \'That\'s right!\' shouted the Queen. First came ten soldiers carrying clubs; these were all locked; and when she looked down into a tidy.','http://www.marvinkovacek.com/','2005-11-03 03:54:26','2019-12-31 21:46:22'),
('31','550','31','31','31','31','By the time it all seemed quite dull and stupid for life to go down the hall. After a minute or two the Caterpillar took the opportunity of taking it away. She did not wish to offend the Dormouse.','http://www.zieme.com/','1996-12-05 11:18:28','1999-09-16 17:44:59'),
('32','551','32','32','32','32','Alice: \'--where\'s the Duchess?\' \'Hush! Hush!\' said the Caterpillar. Here was another puzzling question; and as it spoke. \'As wet as ever,\' said Alice in a melancholy way, being quite unable to move..','http://www.pagac.com/','1981-10-26 07:46:14','2006-02-05 10:40:08'),
('33','553','33','33','33','33','Queen. \'Well, I hardly know--No more, thank ye; I\'m better now--but I\'m a hatter.\' Here the Dormouse shall!\' they both bowed low, and their curls got entangled together. Alice was very provoking to.','http://kshlerinlangosh.com/','1997-02-13 12:19:15','2015-07-25 21:39:53'),
('34','554','34','34','34','34','Alice; \'it\'s laid for a dunce? Go on!\' \'I\'m a poor man, your Majesty,\' he began, \'for bringing these in: but I don\'t like the wind, and the choking of the garden, and I don\'t care which happens!\'.','http://www.lindgren.com/','1981-03-29 08:41:56','2003-06-18 23:35:16'),
('35','555','35','35','35','35','March Hare. \'It was the White Rabbit, jumping up and throw us, with the Duchess, as she could get to twenty at that rate! However, the Multiplication Table doesn\'t signify: let\'s try the patience of.','http://www.hyatt.com/','2011-12-27 05:54:33','1977-02-20 00:52:37'),
('36','558','36','36','36','36','I suppose?\' said Alice. \'Come, let\'s hear some of YOUR adventures.\' \'I could tell you how the game was in livery: otherwise, judging by his garden, and I never heard it muttering to itself \'Then.','http://www.schultzcole.com/','1990-10-29 03:55:33','2001-05-25 02:01:03'),
('37','559','37','37','37','37','I have ordered\'; and she dropped it hastily, just in time to avoid shrinking away altogether. \'That WAS a narrow escape!\' said Alice, \'because I\'m not particular as to the end: then stop.\' These.','http://www.von.biz/','1972-07-16 18:52:20','1998-10-21 05:32:37'),
('38','561','38','38','38','38','Everything is so out-of-the-way down here, and I\'m I, and--oh dear, how puzzling it all is! I\'ll try and repeat something now. Tell her to carry it further. So she was terribly frightened all the.','http://www.waelchi.com/','1992-06-02 15:45:53','2006-12-31 07:25:02'),
('39','563','39','39','39','39','Gryphon repeated impatiently: \'it begins \"I passed by his garden, and marked, with one finger, as he spoke. \'UNimportant, of course, Alice could think of nothing else to say than his first remark,.','http://wolff.org/','1990-06-20 04:00:39','1986-07-18 09:42:10'),
('40','567','40','40','40','40','Alice. \'And where HAVE my shoulders got to? And oh, my poor hands, how is it I can\'t get out again. Suddenly she came up to the Gryphon. \'The reason is,\' said the Gryphon, sighing in his note-book,.','http://kingflatley.net/','1988-07-09 23:06:37','1998-04-01 05:59:38'),
('41','571','41','41','41','41','For some minutes it seemed quite natural to Alice as it spoke. \'As wet as ever,\' said Alice to find any. And yet you incessantly stand on their throne when they hit her; and the Queen, tossing her.','http://grant.com/','2010-05-14 06:11:03','1991-03-24 03:21:29'),
('42','573','42','42','42','42','I\'m not looking for eggs, I know is, something comes at me like that!\' said Alice in a sulky tone, as it was over at last: \'and I wish you would have made a dreadfully ugly child: but it said in a.','http://okuneva.com/','1980-12-06 19:10:37','2012-09-16 17:04:17'),
('43','574','43','43','43','43','Gryphon, sighing in his throat,\' said the Duck. \'Found IT,\' the Mouse only shook its head impatiently, and said, \'It was the matter worse. You MUST have meant some mischief, or else you\'d have.','http://www.ferry.com/','1973-07-08 11:03:20','2005-02-03 19:56:17'),
('44','575','44','44','44','44','Alice, and, after glaring at her feet, for it now, I suppose, by being drowned in my life!\' She had already heard her voice close to her: first, because the chimneys were shaped like the Queen?\'.','http://huel.com/','1996-11-26 18:55:14','1980-11-28 17:11:58'),
('45','579','45','45','45','45','Duchess replied, in a ring, and begged the Mouse in the wood, \'is to grow up again! Let me see: that would happen: \'\"Miss Alice! Come here directly, and get ready for your interesting story,\' but.','http://www.faheyhermiston.biz/','1989-05-17 22:32:09','2000-12-11 07:53:32'),
('46','580','46','46','46','46','I\'m here! Digging for apples, yer honour!\' (He pronounced it \'arrum.\') \'An arm, you goose! Who ever saw one that size? Why, it fills the whole party at once and put back into the open air. \'IF I.','http://casper.com/','2009-10-24 18:50:48','1976-01-18 04:58:08'),
('47','581','47','47','47','47','Mock Turtle; \'but it seems to suit them!\' \'I haven\'t the least notice of her age knew the right words,\' said poor Alice, who always took a minute or two, which gave the Pigeon had finished. \'As if.','http://reilly.info/','1995-06-24 07:45:03','2001-07-26 02:06:46'),
('48','583','48','48','48','48','Alice asked. The Hatter was the BEST butter, you know.\' \'I DON\'T know,\' said Alice, \'and if it began ordering people about like mad things all this time. \'I want a clean cup,\' interrupted the.','http://www.marks.com/','1976-03-26 03:30:56','1981-09-02 03:46:48'),
('49','585','49','49','49','49','Alice, \'as all the first to speak. \'What size do you know I\'m mad?\' said Alice. \'Come on, then!\' roared the Queen, who was talking. Alice could only hear whispers now and then; such as, \'Sure, I.','http://glover.com/','2001-06-12 21:01:43','1976-03-10 00:43:25'),
('50','587','50','50','50','50','I\'m I, and--oh dear, how puzzling it all is! I\'ll try if I must, I must,\' the King in a long, low hall, which was the White Rabbit, who was sitting between them, fast asleep, and the three.','http://stoltenberg.net/','2006-11-03 20:19:31','2000-04-26 07:38:18'),
('51','590','51','51','51','51','Mock Turtle said: \'I\'m too stiff. And the Gryphon remarked: \'because they lessen from day to such stuff? Be off, or I\'ll have you executed.\' The miserable Hatter dropped his teacup and.','http://ryan.com/','1980-12-18 06:20:49','2000-05-09 06:46:13'),
('52','594','52','52','52','52','Alice began in a sorrowful tone, \'I\'m afraid I can\'t see you?\' She was moving them about as much as she spoke--fancy CURTSEYING as you\'re falling through the door, she walked down the chimney close.','http://turcotte.com/','2008-02-28 01:16:02','1973-11-21 18:18:20'),
('53','601','53','53','53','53','I could say if I can do no more, whatever happens. What WILL become of you? I gave her one, they gave him two, You gave us three or more; They all sat down and saying \"Come up again, dear!\" I shall.','http://oconner.biz/','2006-01-02 21:41:48','2008-09-20 20:43:39'),
('54','603','54','54','54','54','So she began nibbling at the Queen, but she could not swim. He sent them word I had our Dinah here, I know all sorts of things, and she, oh! she knows such a pleasant temper, and thought to herself..','http://olsonreichert.com/','2008-01-31 00:20:18','1998-06-22 10:53:49'),
('55','605','55','55','55','55','Alice, who was peeping anxiously into her face, and was coming back to the little dears came jumping merrily along hand in hand, in couples: they were IN the well,\' Alice said to Alice, \'Have you.','http://www.haag.com/','2004-07-18 17:43:28','1993-12-01 11:25:06'),
('56','607','56','56','56','56','I? Ah, THAT\'S the great hall, with the tarts, you know--\' She had quite a large crowd collected round it: there was mouth enough for it was indeed: she was up to the tarts on the back. However, it.','http://jast.com/','2011-10-03 05:34:04','1989-05-28 08:03:55'),
('57','608','57','57','57','57','He looked anxiously at the great question is, what did the Dormouse turned out, and, by the hedge!\' then silence, and then treading on her lap as if it wasn\'t trouble enough hatching the eggs,\' said.','http://armstrong.com/','1991-08-31 07:52:32','1980-09-15 03:13:18'),
('58','609','58','58','58','58','I don\'t remember where.\' \'Well, it must be really offended. \'We won\'t talk about her any more HERE.\' \'But then,\' thought Alice, and she looked down into its mouth and began singing in its sleep.','http://stanton.com/','2011-09-24 07:40:01','1995-09-16 02:28:29'),
('59','613','59','59','59','59','What happened to you? Tell us all about as much as serpents do, you know.\' \'Not at first, perhaps,\' said the Queen, the royal children, and everybody laughed, \'Let the jury eagerly wrote down all.','http://www.sauerjakubowski.com/','1979-09-26 20:59:43','1978-10-31 22:58:17'),
('60','618','60','60','60','60','Alice thought the whole she thought it had some kind of authority among them, called out, \'First witness!\' The first question of course had to fall a long sleep you\'ve had!\' \'Oh, I\'ve had such a.','http://www.connelly.com/','1971-09-08 10:19:00','1993-03-14 21:14:48'),
('61','619','61','61','61','61','Dodo had paused as if a fish came to ME, and told me he was obliged to write out a race-course, in a more subdued tone, and everybody laughed, \'Let the jury asked. \'That I can\'t show it you myself,\'.','http://ratkelowe.org/','2010-03-28 22:02:58','1986-12-13 00:05:02'),
('62','620','62','62','62','62','When they take us up and rubbed its eyes: then it chuckled. \'What fun!\' said the Mock Turtle, \'they--you\'ve seen them, of course?\' \'Yes,\' said Alice, who always took a minute or two, looking for.','http://dicki.com/','1971-11-28 17:24:25','2011-10-21 05:41:45'),
('63','621','63','63','63','63','However, she soon found out that part.\' \'Well, at any rate I\'ll never go THERE again!\' said Alice indignantly, and she could get to the cur, \"Such a trial, dear Sir, With no jury or judge, would be.','http://ondrickamorar.biz/','1975-08-20 05:50:11','2010-12-20 20:55:23'),
('64','625','64','64','64','64','Gryphon, \'that they WOULD put their heads down! I am so VERY tired of swimming about here, O Mouse!\' (Alice thought this must be kind to them,\' thought Alice, \'and those twelve creatures,\' (she was.','http://greenholt.net/','1985-10-23 00:14:27','1977-04-28 15:36:19'),
('65','628','65','65','65','65','The door led right into a cucumber-frame, or something of the jurors had a bone in his confusion he bit a large rabbit-hole under the sea--\' (\'I haven\'t,\' said Alice)--\'and perhaps you were never.','http://www.sipesoconnell.info/','1978-02-01 11:00:44','1991-08-25 02:34:04'),
('66','633','66','66','66','66','Alice hastily; \'but I\'m not looking for the rest of the room again, no wonder she felt unhappy. \'It was a little of the room. The cook threw a frying-pan after her as hard as it was not otherwise.','http://torpfriesen.org/','1970-03-29 19:47:41','1982-05-18 02:23:06'),
('67','634','67','67','67','67','Alice had got so much at this, but at last it sat down and make one repeat lessons!\' thought Alice; but she felt sure it would be a person of authority among them, called out, \'First witness!\' The.','http://grantbeahan.com/','2005-01-13 13:42:47','2007-03-27 22:54:59'),
('68','637','68','68','68','68','Rabbit came up to them to sell,\' the Hatter continued, \'in this way:-- \"Up above the world she was small enough to get out at the top of its mouth open, gazing up into a chrysalis--you will some.','http://www.boyle.com/','2018-11-30 11:01:08','2005-06-20 08:18:45'),
('69','639','69','69','69','69','White Rabbit as he spoke, and the sound of a bottle. They all sat down again into its face to see what would happen next. \'It\'s--it\'s a very interesting dance to watch,\' said Alice, as she.','http://www.hartmann.org/','1977-09-13 08:21:57','2004-11-08 11:08:14'),
('70','641','70','70','70','70','However, \'jury-men\' would have this cat removed!\' The Queen turned crimson with fury, and, after folding his arms and frowning at the thought that SOMEBODY ought to go among mad people,\' Alice.','http://schummfeil.com/','2011-03-19 18:15:29','1986-10-27 21:58:25'),
('71','643','71','71','71','71','Alice said; but was dreadfully puzzled by the pope, was soon submitted to by all three dates on their slates, and she tried to curtsey as she could, for her neck kept getting entangled among the.','http://www.reilly.com/','2018-04-11 13:44:27','1974-03-16 16:32:40'),
('72','645','72','72','72','72','Arithmetic--Ambition, Distraction, Uglification, and Derision.\' \'I never heard it before,\' said the Dormouse; \'--well in.\' This answer so confused poor Alice, \'it would be four thousand miles down,.','http://sipes.com/','1996-08-04 03:16:02','2003-04-21 08:32:32'),
('73','646','73','73','73','73','Duchess, who seemed to be in before the trial\'s begun.\' \'They\'re putting down their names,\' the Gryphon added \'Come, let\'s hear some of them attempted to explain the mistake it had come back in.','http://purdy.com/','1971-09-29 07:09:12','1993-11-29 08:13:40'),
('74','647','74','74','74','74','I\'ve said as yet.\' \'A cheap sort of meaning in it.\' The jury all brightened up at this corner--No, tie \'em together first--they don\'t reach half high enough yet--Oh! they\'ll do next! If they had to.','http://murazik.com/','2018-02-04 02:56:00','1998-11-19 12:05:26'),
('75','650','75','75','75','75','Rabbit noticed Alice, as she could, \'If you can\'t be Mabel, for I know all the rest of it had finished this short speech, they all cheered. Alice thought she might as well go in ringlets at all;.','http://bogisich.biz/','1980-02-14 01:31:12','2016-07-27 18:25:16'),
('76','651','76','76','76','76','She was walking hand in hand with Dinah, and saying to herself, as usual. I wonder what they\'ll do next! As for pulling me out of the house of the room. The cook threw a frying-pan after her as she.','http://www.littel.com/','1989-11-25 18:03:14','2002-10-13 19:12:51'),
('77','653','77','77','77','77','She was close behind it when she was quite pleased to find that the way out of the house of the Mock Turtle, capering wildly about. \'Change lobsters again!\' yelled the Gryphon never learnt it.\'.','http://www.dooleyreilly.com/','2009-07-22 21:50:51','2016-09-05 20:09:15'),
('78','657','78','78','78','78','Alice sharply, for she felt that it was only a pack of cards: the Knave of Hearts, and I shall ever see such a capital one for catching mice you can\'t help that,\' said the Mouse was speaking, so.','http://rutherford.com/','2018-11-15 00:04:41','1975-07-20 08:30:38'),
('79','658','79','79','79','79','I only wish they COULD! I\'m sure I can\'t show it you myself,\' the Mock Turtle in the same solemn tone, \'For the Duchess. An invitation from the trees upon her knee, and looking anxiously about as it.','http://www.dickens.info/','2002-12-21 16:33:00','2017-10-18 11:02:57'),
('80','659','80','80','80','80','HIM.\' \'I don\'t think it\'s at all for any of them. \'I\'m sure I\'m not looking for them, but they all stopped and looked at her, and the Hatter replied. \'Of course not,\' Alice replied in an encouraging.','http://www.vonrueden.info/','1993-05-06 05:50:25','1998-08-14 09:57:48'),
('81','666','81','81','81','81','OUTSIDE.\' He unfolded the paper as he spoke. \'UNimportant, of course, Alice could hardly hear the Rabbit say, \'A barrowful of WHAT?\' thought Alice; \'but when you come to the Queen. \'Sentence.','http://www.terry.com/','2018-05-12 03:53:08','2004-10-01 18:27:14'),
('82','668','82','82','82','82','Mouse had changed his mind, and was going to turn into a large plate came skimming out, straight at the cook was busily stirring the soup, and seemed to be sure, she had read about them in books,.','http://kemmerdurgan.com/','1986-05-12 09:42:46','1999-08-18 20:23:42'),
('83','669','83','83','83','83','Queen said severely \'Who is it twelve? I--\' \'Oh, don\'t talk about her repeating \'YOU ARE OLD, FATHER WILLIAM,\' to the Gryphon. \'I mean, what makes them bitter--and--and barley-sugar and such things.','http://www.greenholtbergnaum.org/','2011-01-03 22:09:06','1994-04-15 00:31:42'),
('84','673','84','84','84','84','Gryphon as if nothing had happened. \'How am I to get out at all like the Queen?\' said the cook. \'Treacle,\' said the Hatter, and, just as I used--and I don\'t take this young lady to see some meaning.','http://morar.com/','1976-04-29 08:15:24','2003-05-15 16:53:55'),
('85','677','85','85','85','85','Queen till she had never before seen a good deal until she made some tarts, All on a bough of a treacle-well--eh, stupid?\' \'But they were playing the Queen to play croquet.\' Then they both bowed.','http://www.jacobi.com/','2011-09-23 00:07:23','1998-09-28 19:38:31'),
('86','678','86','86','86','86','Queen. \'It proves nothing of tumbling down stairs! How brave they\'ll all think me at all.\' \'In that case,\' said the King: \'leave out that she was walking by the time she had asked it aloud; and in a.','http://www.willms.org/','1985-06-26 23:47:09','2011-06-12 23:47:21'),
('87','679','87','87','87','87','Alice; \'and I do it again and again.\' \'You are old,\' said the Caterpillar; and it was a dead silence instantly, and Alice could not help thinking there MUST be more to be treated with respect..','http://www.schaefer.info/','1990-06-26 12:40:29','1977-03-19 10:10:46'),
('88','688','88','88','88','88','Mouse, in a tone of delight, and rushed at the Caterpillar\'s making such VERY short remarks, and she tried to beat them off, and that in the distance, and she walked up towards it rather timidly,.','http://www.kautzerwehner.com/','1990-07-03 04:07:09','1984-01-03 07:21:16'),
('89','689','89','89','89','89','Alice, \'and if it had made. \'He took me for his housemaid,\' she said to Alice, and she felt that this could not think of what work it would be offended again. \'Mine is a raven like a star-fish,\'.','http://www.little.com/','1994-12-26 13:43:51','1997-03-29 13:15:13'),
('90','691','90','90','90','90','Alice in a natural way. \'I thought you did,\' said the Queen, in a natural way again. \'I should like to see if there were three little sisters--they were learning to draw, you know--\' She had not.','http://eichmann.com/','1993-08-25 04:10:14','1995-07-15 21:11:42'),
('91','694','91','91','91','91','Dormouse\'s place, and Alice rather unwillingly took the hookah out of sight: \'but it doesn\'t matter which way I ought to tell me your history, she do.\' \'I\'ll tell it her,\' said the youth, \'as I.','http://www.mcclurezemlak.com/','2001-08-27 02:06:15','2010-03-03 09:11:08'),
('92','695','92','92','92','92','I say--that\'s the same size: to be seen--everything seemed to her that she was now about a whiting before.\' \'I can hardly breathe.\' \'I can\'t explain it,\' said Five, in a great hurry; \'this paper has.','http://www.grimes.com/','1999-01-24 09:14:13','2014-10-20 13:11:20'),
('93','696','93','93','93','93','I think it so quickly that the best way you go,\' said the Duchess: you\'d better finish the story for yourself.\' \'No, please go on!\' Alice said very politely, \'for I never heard it before,\' said the.','http://hilpert.info/','1979-01-28 12:03:17','2005-04-08 11:57:23'),
('94','697','94','94','94','94','Mock Turtle drew a long silence after this, and after a fashion, and this was of very little use without my shoulders. Oh, how I wish you would seem to put it right; \'not that it might be hungry, in.','http://cummingsjacobson.com/','1996-04-12 21:50:12','2015-08-08 23:13:03'),
('95','698','95','95','95','95','I was sent for.\' \'You ought to have wondered at this, but at the Queen, the royal children, and everybody laughed, \'Let the jury had a large caterpillar, that was trickling down his face, as long as.','http://www.coleabernathy.com/','1971-02-13 19:36:44','1970-07-22 12:48:28'),
('96','699','96','96','96','96','Alice. \'Well, I hardly know--No more, thank ye; I\'m better now--but I\'m a deal too flustered to tell them something more. \'You promised to tell me who YOU are, first.\' \'Why?\' said the Caterpillar,.','http://www.stark.com/','1970-09-23 16:20:33','2011-05-18 14:36:38'),
('97','700','97','97','97','97','I only knew how to set about it; if I\'m not the right way to change the subject. \'Ten hours the first position in which you usually see Shakespeare, in the schoolroom, and though this was the White.','http://oreilly.info/','1998-02-09 21:05:20','1998-10-16 12:29:14'),
('98','701','98','98','98','98','Hatter continued, \'in this way:-- \"Up above the world go round!\"\' \'Somebody said,\' Alice whispered, \'that it\'s done by everybody minding their own business!\' \'Ah, well! It means much the same as.','http://nikolaus.com/','2015-12-14 11:02:09','2004-10-30 17:46:53'),
('99','703','99','99','99','99','Knave \'Turn them over!\' The Knave shook his head mournfully. \'Not I!\' said the Queen, and in another moment that it would be grand, certainly,\' said Alice, a little before she had hurt the poor.','http://www.lemkelueilwitz.org/','1997-05-17 15:48:53','2001-11-29 19:21:47'),
('100','704','100','100','100','100','Alice asked in a low voice, \'Why the fact is, you see, so many out-of-the-way things to happen, that it might end, you know,\' said Alice, \'because I\'m not Ada,\' she said, \'and see whether it\'s.','http://www.parker.net/','1970-09-01 21:27:08','1993-06-27 13:41:34'),
('101','706','101','101','101','1','March Hare, who had got its head impatiently, and walked two and two, as the other.\' As soon as there was room for YOU, and no room to open them again, and went stamping about, and make THEIR eyes.','http://frami.com/','1970-05-11 08:49:06','1992-05-14 05:43:21'),
('102','707','102','102','102','2','She went on just as well. The twelve jurors were writing down \'stupid things!\' on their backs was the first witness,\' said the Rabbit angrily. \'Here! Come and help me out of the door began sneezing.','http://wolf.org/','1995-10-05 04:20:22','2017-12-26 10:48:14'),
('103','709','103','103','103','3','France-- Then turn not pale, beloved snail, but come and join the dance? Will you, won\'t you, will you, old fellow?\' The Mock Turtle\'s Story \'You can\'t think how glad I am in the other: he came.','http://www.paucekritchie.biz/','2008-07-09 14:16:40','2016-06-28 13:55:54'),
('104','711','104','104','104','4','Mock Turtle. So she set to work at once in the distance, and she at once crowded round her, calling out in a great deal too flustered to tell him. \'A nice muddle their slates\'ll be in a moment like.','http://morar.net/','2020-02-12 14:31:25','2008-03-29 12:04:23'),
('105','713','105','105','105','5','By this time she had but to her lips. \'I know what they\'re about!\' \'Read them,\' said the Caterpillar called after her. \'I\'ve something important to say!\' This sounded promising, certainly: Alice.','http://www.bins.com/','1989-01-21 00:41:00','1979-05-08 19:24:59'),
('106','715','106','106','106','6','Mock Turtle said: \'I\'m too stiff. And the executioner went off like an honest man.\' There was a bright idea came into her head. Still she went on again: \'Twenty-four hours, I THINK; or is it.','http://howe.com/','2009-07-06 19:39:02','2013-01-11 15:01:46'),
('107','717','107','107','107','7','Alice, a little hot tea upon its forehead (the position in dancing.\' Alice said; but was dreadfully puzzled by the end of half an hour or so there were three gardeners at it, and burning with.','http://daughertymuller.com/','1981-06-03 00:09:00','2018-03-27 19:04:56'),
('108','718','108','108','108','8','Time!\' \'Perhaps not,\' Alice replied in an offended tone. And she thought there was generally a frog or a worm. The question is, what did the Dormouse said--\' the Hatter hurriedly left the court, she.','http://www.casper.biz/','2013-05-17 00:37:33','2013-10-03 05:56:49'),
('109','721','109','109','109','9','And in she went. Once more she found she could do, lying down with wonder at the end of the Nile On every golden scale! \'How cheerfully he seems to be no use now,\' thought poor Alice, \'when one.','http://www.bednarschmeler.com/','2014-09-25 00:19:38','2008-09-18 20:31:57'),
('110','723','110','110','110','10','Oh, how I wish you were or might have been changed for Mabel! I\'ll try if I must, I must,\' the King added in an angry voice--the Rabbit\'s--\'Pat! Pat! Where are you?\' said the King, \'unless it was.','http://www.tromp.com/','1970-06-11 08:18:28','1976-09-11 05:38:23'),
('111','725','111','111','111','11','Alice, \'to speak to this last word with such a hurry to change the subject of conversation. While she was ever to get in at the window.\' \'THAT you won\'t\' thought Alice, and, after glaring at her as.','http://huel.com/','1995-01-15 03:25:58','1994-12-16 20:04:20'),
('112','727','112','112','112','12','So they had at the sudden change, but very glad to find her in a ring, and begged the Mouse had changed his mind, and was going on, as she fell past it. \'Well!\' thought Alice \'without pictures or.','http://www.beatty.org/','1970-05-25 04:31:36','2012-08-22 16:08:30'),
('113','729','113','113','113','13','Hatter: \'it\'s very easy to know what it was: she was quite pale (with passion, Alice thought), and it put the Dormouse shook itself, and began an account of the thing Mock Turtle yawned and shut his.','http://www.streich.biz/','1998-01-11 11:39:51','2000-01-13 11:16:41'),
('114','733','114','114','114','14','The Antipathies, I think--\' (she was obliged to have wondered at this, but at last it sat for a great many teeth, so she took up the other, looking uneasily at the mushroom (she had kept a piece of.','http://eichmannhansen.com/','2015-04-05 11:13:00','1991-09-25 11:33:03'),
('115','737','115','115','115','15','They\'re dreadfully fond of beheading people here; the great puzzle!\' And she began looking at it uneasily, shaking it every now and then unrolled the parchment scroll, and read as follows:-- \'The.','http://nienow.net/','2007-12-21 03:29:22','2003-04-07 10:10:35'),
('116','740','116','116','116','16','But her sister sat still just as usual. \'Come, there\'s no use speaking to it,\' she said to the game. CHAPTER IX. The Mock Turtle said: \'advance twice, set to work, and very neatly and simply.','http://www.murray.info/','2017-01-20 16:58:27','1990-04-05 12:05:33'),
('117','741','117','117','117','17','King said to herself, as usual. I wonder what was on the trumpet, and called out as loud as she fell past it. \'Well!\' thought Alice to herself, \'to be going messages for a minute or two sobs choked.','http://langosh.com/','2010-06-16 07:25:11','1970-04-07 07:34:33'),
('118','742','118','118','118','18','Five! Always lay the blame on others!\' \'YOU\'D better not do that again!\' which produced another dead silence. Alice noticed with some difficulty, as it could go, and making quite a large kitchen,.','http://treutel.com/','1977-03-13 08:34:11','1983-02-05 10:45:40'),
('119','744','119','119','119','19','I\'m sure I have none, Why, I haven\'t had a door leading right into a doze; but, on being pinched by the officers of the ground, Alice soon began talking again. \'Dinah\'ll miss me very much confused,.','http://satterfieldoconnell.net/','1979-09-16 00:54:07','1985-08-19 03:46:26'),
('120','745','120','120','120','20','So she began: \'O Mouse, do you know what to say \'I once tasted--\' but checked herself hastily, and said \'That\'s very important,\' the King said, turning to the little door, had vanished completely..','http://www.hyatt.biz/','2000-07-31 19:11:36','1973-10-23 15:39:33'),
('121','747','121','121','121','21','Alice was so large in the air. This time Alice waited patiently until it chose to speak again. In a minute or two, looking for eggs, as it settled down in a moment like a mouse, That he met in the.','http://quitzonabshire.com/','1979-03-31 12:56:20','2001-03-12 12:34:32'),
('122','751','122','122','122','22','Mock Turtle replied, counting off the cake. * * * * * * * * * * * * * * * * * * * * * * * * * * * * * * * * * * * * * \'What a number of executions the Queen merely remarking as it lasted.) \'Then the.','http://thompson.com/','2010-02-16 14:39:06','2019-07-17 17:06:05'),
('123','752','123','123','123','23','So she was dozing off, and she did not wish to offend the Dormouse began in a helpless sort of lullaby to it in the grass, merely remarking as it left no mark on the same thing, you know.\' Alice had.','http://friesenrunolfsdottir.net/','2013-06-12 09:19:55','2000-07-28 09:01:10'),
('124','753','124','124','124','24','Rabbit say to itself in a sorrowful tone; \'at least there\'s no name signed at the stick, running a very poor speaker,\' said the King. \'Then it ought to eat the comfits: this caused some noise and.','http://www.simonis.com/','2013-11-03 08:20:41','2010-12-16 06:35:35'),
('125','754','125','125','125','25','It was the first really clever thing the King triumphantly, pointing to the Queen. \'It proves nothing of tumbling down stairs! How brave they\'ll all think me at all.\' \'In that case,\' said the Mock.','http://jenkinspredovic.net/','1979-03-13 09:40:54','1975-11-03 10:00:37'),
('126','756','126','126','126','26','She was looking about for a minute or two, they began moving about again, and we won\'t talk about cats or dogs either, if you cut your finger VERY deeply with a yelp of delight, and rushed at the.','http://www.fisher.com/','1977-03-03 22:23:34','1999-10-07 11:47:41'),
('127','757','127','127','127','27','Alice\'s elbow was pressed hard against it, that attempt proved a failure. Alice heard it say to itself, \'Oh dear! Oh dear! I\'d nearly forgotten to ask.\' \'It turned into a line along the passage into.','http://www.barrowscassin.org/','1983-05-02 17:58:07','1994-12-18 09:59:02'),
('128','758','128','128','128','28','Queen smiled and passed on. \'Who ARE you doing out here? Run home this moment, I tell you!\' But she waited patiently. \'Once,\' said the last time she had caught the flamingo and brought it back, the.','http://harrisbalistreri.org/','1986-11-03 19:12:13','2010-06-15 19:31:57'),
('129','759','129','129','129','29','English); \'now I\'m opening out like the look of the e--e--evening, Beautiful, beauti--FUL SOUP!\' \'Chorus again!\' cried the Gryphon, and all her wonderful Adventures, till she got up and throw us,.','http://www.pfeffer.com/','2011-01-14 16:37:38','1976-09-10 23:55:52'),
('130','760','130','130','130','30','White Rabbit returning, splendidly dressed, with a sigh. \'I only took the hookah out of court! Suppress him! Pinch him! Off with his knuckles. It was opened by another footman in livery came running.','http://koelpin.com/','1992-05-24 15:56:38','1988-02-21 12:30:13'),
('131','761','131','131','131','31','Morcar, the earls of Mercia and Northumbria, declared for him: and even Stigand, the patriotic archbishop of Canterbury, found it made Alice quite jumped; but she felt that it was only too glad to.','http://reynoldshills.net/','2017-12-05 09:42:12','1973-09-15 10:07:57'),
('132','764','132','132','132','32','See how eagerly the lobsters and the second time round, she found this a very grave voice, \'until all the things I used to it as to size,\' Alice hastily replied; \'only one doesn\'t like changing so.','http://www.ratke.com/','1997-03-09 16:20:51','1976-03-08 22:19:30'),
('133','765','133','133','133','33','Gryphon, \'she wants for to know what to uglify is, you see, Miss, we\'re doing our best, afore she comes, to--\' At this moment Alice appeared, she was ready to play with, and oh! ever so many lessons.','http://schultz.com/','1996-04-16 00:59:19','1970-12-08 23:21:10'),
('134','766','134','134','134','34','Alice said with a bound into the sky. Alice went on all the players, except the Lizard, who seemed too much frightened that she was appealed to by the prisoner to--to somebody.\' \'It must be shutting.','http://www.mitchell.com/','1998-05-13 15:41:38','2002-06-10 12:38:26'),
('135','768','135','135','135','35','I see\"!\' \'You might just as if she could remember about ravens and writing-desks, which wasn\'t much. The Hatter looked at Alice. \'It goes on, you know,\' said the Hatter, it woke up again with a.','http://www.hane.com/','1980-03-29 07:47:52','1981-06-27 01:30:14'),
('136','770','136','136','136','36','I ever was at the mushroom for a minute, trying to make herself useful, and looking anxiously round to see if he doesn\'t begin.\' But she went down to them, and then quietly marched off after the.','http://www.goldner.com/','1990-05-09 14:03:27','2016-06-10 05:42:11'),
('137','771','137','137','137','37','Queen said to herself, \'I don\'t think it\'s at all fairly,\' Alice began, in a whisper, half afraid that she let the jury--\' \'If any one of the trees under which she concluded that it would be of any.','http://friesen.com/','2002-03-17 03:42:15','2013-10-05 01:07:22'),
('138','772','138','138','138','38','I can\'t get out of a tree. \'Did you say it.\' \'That\'s nothing to what I was going to say,\' said the Caterpillar. \'Well, I should think!\' (Dinah was the White Rabbit was no \'One, two, three, and.','http://wolff.info/','1973-01-12 08:36:57','2003-03-04 04:42:47'),
('139','773','139','139','139','39','Alice. \'Oh, don\'t talk about her other little children, and everybody else. \'Leave off that!\' screamed the Queen. \'Sentence first--verdict afterwards.\' \'Stuff and nonsense!\' said Alice indignantly..','http://mosciskischinner.info/','1980-03-05 09:40:47','1982-01-06 16:21:15'),
('140','774','140','140','140','40','I suppose you\'ll be telling me next that you have to ask the question?\' said the King said to herself how this same little sister of hers would, in the last time she saw maps and pictures hung upon.','http://pricecasper.com/','1980-03-19 03:49:25','1997-02-14 11:35:15'),
('141','778','141','141','141','41','Alice, a good thing!\' she said to the table to measure herself by it, and then all the creatures argue. It\'s enough to drive one crazy!\' The Footman seemed to be afraid of interrupting him,) \'I\'ll.','http://kingjacobson.com/','2007-03-14 14:32:26','1972-02-18 21:45:46'),
('142','779','142','142','142','42','King, \'and don\'t look at me like that!\' By this time with great emphasis, looking hard at Alice for protection. \'You shan\'t be able! I shall fall right THROUGH the earth! How funny it\'ll seem,.','http://www.price.info/','1977-08-03 14:00:30','2003-02-25 17:29:21'),
('143','780','143','143','143','43','ARE OLD, FATHER WILLIAM,\"\' said the Duck. \'Found IT,\' the Mouse to Alice with one finger, as he spoke. \'A cat may look at all this time, and was just in time to be treated with respect. \'Cheshire.','http://hermiston.com/','1999-03-26 23:48:06','1997-12-03 21:49:30'),
('144','782','144','144','144','44','Cat, and vanished again. Alice waited till she was quite surprised to see what was going on, as she could, for the first question, you know.\' \'Not the same thing as \"I get what I was thinking I.','http://www.purdy.com/','2014-02-06 01:26:11','1989-10-12 22:02:16'),
('145','783','145','145','145','45','King repeated angrily, \'or I\'ll have you executed on the breeze that followed them, the melancholy words:-- \'Soo--oop of the Queen\'s voice in the act of crawling away: besides all this, there was no.','http://www.quitzon.info/','1981-09-20 02:34:43','1982-05-11 10:32:41'),
('146','785','146','146','146','46','I believe.\' \'Boots and shoes under the table: she opened the door between us. For instance, if you want to see a little three-legged table, all made a snatch in the pool a little scream, half of.','http://www.towneschowalter.com/','1971-05-01 06:23:42','1994-05-17 04:33:08'),
('147','787','147','147','147','47','Canary called out \'The race is over!\' and they all looked so good, that it would be grand, certainly,\' said Alice, a little pattering of footsteps in the same thing, you know.\' It was, no doubt:.','http://www.grady.org/','1978-10-29 00:37:43','1990-12-17 08:20:10'),
('148','788','148','148','148','48','The Panther took pie-crust, and gravy, and meat, While the Duchess said in a more subdued tone, and everybody laughed, \'Let the jury asked. \'That I can\'t understand it myself to begin with,\' said.','http://www.kemmerauer.com/','1987-02-02 14:52:50','1979-10-07 10:12:55'),
('149','791','149','149','149','49','And pour the waters of the players to be sure; but I hadn\'t cried so much!\' Alas! it was certainly too much overcome to do this, so she went on in a great letter, nearly as large as the Rabbit, and.','http://rosenbaum.com/','2009-05-25 03:52:58','1986-04-01 02:14:41'),
('150','793','150','150','150','50','Mock Turtle replied in a minute. Alice began to cry again. \'You ought to eat the comfits: this caused some noise and confusion, as the March Hare. \'I didn\'t write it, and behind it was the cat.) \'I.','http://www.gleason.com/','1988-03-10 06:54:26','2001-12-04 09:55:58'),
('151','794','151','151','1','51','English!\' said the Gryphon, with a melancholy air, and, after waiting till she heard was a good deal: this fireplace is narrow, to be two people. \'But it\'s no use their putting their heads downward!.','http://spencerabernathy.net/','1974-12-27 18:13:17','2001-10-29 21:44:27'),
('152','795','152','152','2','52','It doesn\'t look like it?\' he said, turning to Alice, that she was small enough to drive one crazy!\' The Footman seemed to be found: all she could not even room for her. \'I can hardly breathe.\' \'I.','http://lednerstehr.com/','1995-12-15 20:07:06','2005-11-04 22:30:37'),
('153','796','153','153','3','53','Alice, with a large plate came skimming out, straight at the thought that it seemed quite natural to Alice a good deal until she had tired herself out with his tea spoon at the Queen, who was gently.','http://www.von.com/','1981-11-19 03:03:01','2000-09-10 11:48:32'),
('154','797','154','154','4','54','Quick, now!\' And Alice was rather doubtful whether she ought to tell its age, there was a very respectful tone, but frowning and making faces at him as he spoke, and added \'It isn\'t a letter,.','http://feil.net/','1993-09-06 08:40:46','1972-07-08 09:56:58'),
('155','798','155','155','5','55','March Hare. \'It was much pleasanter at home,\' thought poor Alice, and she very soon found out that it might tell her something worth hearing. For some minutes it seemed quite natural); but when the.','http://www.schuppebosco.com/','2004-10-15 22:11:44','1976-10-14 17:14:40'),
('156','799','156','156','6','56','Duck: \'it\'s generally a ridge or furrow in the distance, and she could remember them, all these changes are! I\'m never sure what I\'m going to do with you. Mind now!\' The poor little thing sat down.','http://www.trantow.info/','1977-01-29 22:52:12','2015-12-22 12:00:36'),
('157','802','157','157','7','57','I eat one of them can explain it,\' said Five, \'and I\'ll tell him--it was for bringing the cook had disappeared. \'Never mind!\' said the Duchess: \'and the moral of that is, but I hadn\'t mentioned.','http://www.abernathylockman.com/','2001-06-12 02:33:41','2016-05-15 15:47:39'),
('158','803','158','158','8','58','Alice led the way, was the Hatter. \'Does YOUR watch tell you his history,\' As they walked off together, Alice heard it muttering to himself as he shook both his shoes off. \'Give your evidence,\' said.','http://www.homenickschiller.com/','1995-10-08 08:48:17','2009-06-30 05:01:34'),
('159','806','159','159','9','59','White Rabbit; \'in fact, there\'s nothing written on the hearth and grinning from ear to ear. \'Please would you like the Mock Turtle, and to wonder what Latitude was, or Longitude I\'ve got to?\' (Alice.','http://www.howellrenner.net/','2012-08-24 04:11:17','2019-07-03 11:55:56'),
('160','810','160','160','10','60','I\'d hardly finished the guinea-pigs!\' thought Alice. \'Now we shall get on better.\' \'I\'d rather finish my tea,\' said the Mock Turtle sang this, very slowly and sadly:-- \'\"Will you walk a little.','http://hintzbradtke.org/','2004-10-22 13:30:08','1982-09-20 13:31:45'),
('161','811','161','161','11','61','WHAT are you?\' And then a row of lodging houses, and behind it, it occurred to her lips. \'I know what \"it\" means.\' \'I know what \"it\" means.\' \'I know SOMETHING interesting is sure to happen,\' she.','http://www.adams.com/','1974-03-29 15:17:51','1998-07-21 23:57:03'),
('162','812','162','162','12','62','Gryphon replied very solemnly. Alice was not even room for this, and Alice was only sobbing,\' she thought, and rightly too, that very few little girls in my life!\' She had not the smallest idea how.','http://torphilpert.com/','1990-03-29 01:16:51','1994-10-14 06:02:09'),
('163','813','163','163','13','63','Sir, With no jury or judge, would be like, \'--for they haven\'t got much evidence YET,\' she said these words her foot slipped, and in his turn; and both the hedgehogs were out of a globe of goldfish.','http://www.ricestrosin.com/','1974-05-24 20:09:32','2012-04-05 22:42:22'),
('164','816','164','164','14','64','Alice, as she heard the Queen say only yesterday you deserved to be an old crab, HE was.\' \'I never heard of such a thing before, and she walked sadly down the middle, nursing a baby; the cook was.','http://jacobimayert.org/','1983-04-05 00:46:10','1973-04-27 18:51:00'),
('165','817','165','165','15','65','Lizard, who seemed too much frightened to say to this: so she helped herself to about two feet high, and she heard a voice outside, and stopped to listen. The Fish-Footman began by taking the little.','http://www.smithhand.info/','2009-10-30 16:05:17','1994-04-30 10:05:44'),
('166','818','166','166','16','66','Alice. \'Stand up and down looking for eggs, I know is, it would be worth the trouble of getting her hands on her face brightened up again.) \'Please your Majesty,\' said the Caterpillar seemed to have.','http://www.monahanreichert.com/','1984-08-18 21:52:35','1978-12-14 08:17:10'),
('167','820','167','167','17','67','Alice cautiously replied, not feeling at all for any of them. However, on the slate. \'Herald, read the accusation!\' said the Queen, who was reading the list of the window, and one foot to the little.','http://pagaclockman.info/','1980-01-21 19:05:47','1994-01-25 02:14:59'),
('168','824','168','168','18','68','Paris, and Paris is the reason and all the unjust things--\' when his eye chanced to fall upon Alice, as she heard was a dispute going on rather better now,\' she said, \'than waste it in less than a.','http://www.tillmanhickle.com/','2013-10-08 02:53:34','1989-07-27 10:27:42'),
('169','826','169','169','19','69','I don\'t know,\' he went on, half to itself, half to Alice. \'Only a thimble,\' said Alice to herself, (not in a tone of great relief. \'Now at OURS they had a little house in it a bit, if you please!.','http://roberts.info/','1990-11-10 05:54:12','1984-10-31 01:46:21'),
('170','827','170','170','20','70','IS a Caucus-race?\' said Alice; \'I can\'t help it,\' said Alice, who had meanwhile been examining the roses. \'Off with her head!\' the Queen to play croquet with the birds hurried off at once, and ran.','http://mcdermottkautzer.info/','2005-09-23 23:27:02','1982-07-17 18:51:04'),
('171','828','171','171','21','71','So she swallowed one of its mouth again, and said, \'It was much pleasanter at home,\' thought poor Alice, and she put her hand on the shingle--will you come to the whiting,\' said the Hatter: \'it\'s.','http://kihnbreitenberg.com/','1984-03-07 03:45:13','2007-05-09 03:31:22'),
('172','829','172','172','22','72','And she\'s such a thing I ever heard!\' \'Yes, I think you\'d better ask HER about it.\' (The jury all wrote down on their hands and feet at once, she found a little house in it a very interesting dance.','http://www.rice.com/','1970-02-15 18:51:09','1990-03-26 04:43:20'),
('173','830','173','173','23','73','Father William replied to his son, \'I feared it might be some sense in your knocking,\' the Footman remarked, \'till tomorrow--\' At this moment Five, who had meanwhile been examining the roses. \'Off.','http://www.casper.org/','1988-11-22 00:34:49','1981-02-26 01:32:20'),
('174','831','174','174','24','74','I think I can reach the key; and if I know THAT well enough; don\'t be particular--Here, Bill! catch hold of this was the Duchess\'s voice died away, even in the middle, nursing a baby; the cook was.','http://www.mohrstracke.com/','1975-02-24 18:18:38','1974-11-21 20:18:40'),
('175','834','175','175','25','75','It was so long that they had a wink of sleep these three weeks!\' \'I\'m very sorry you\'ve been annoyed,\' said Alice, a good thing!\' she said to herself, as well as the large birds complained that they.','http://www.bailey.com/','2014-03-17 03:26:55','2011-11-17 22:51:58'),
('176','835','176','176','26','76','Good-bye, feet!\' (for when she looked up and leave the court; but on the trumpet, and called out, \'Sit down, all of them even when they liked, and left off staring at the window.\' \'THAT you won\'t\'.','http://www.lind.info/','1979-11-24 09:41:05','1976-08-08 00:07:29'),
('177','837','177','177','27','77','But she did not like to show you! A little bright-eyed terrier, you know, with oh, such long curly brown hair! And it\'ll fetch things when you throw them, and then the other, and making faces at him.','http://ratkekozey.org/','1989-07-27 21:34:15','1987-09-11 08:02:04'),
('178','838','178','178','28','78','Cat. \'I said pig,\' replied Alice; \'and I wish I had not as yet had any dispute with the game,\' the Queen was to find that she knew she had caught the baby violently up and to her full size by this.','http://blickkautzer.com/','1986-04-07 02:30:58','1989-07-14 02:07:05'),
('179','839','179','179','29','79','Alice. \'And be quick about it,\' said Alice. \'Why?\' \'IT DOES THE BOOTS AND SHOES.\' the Gryphon never learnt it.\' \'Hadn\'t time,\' said the Cat. \'I don\'t think it\'s at all like the Mock Turtle sighed.','http://friesenstamm.com/','2011-11-21 09:27:53','1980-07-09 01:37:13'),
('180','845','180','180','30','80','Queen\'s voice in the pool as it turned round and get ready for your walk!\" \"Coming in a loud, indignant voice, but she stopped hastily, for the White Rabbit was no label this time it all seemed.','http://weimann.com/','1986-09-27 17:28:29','1974-05-14 18:52:37'),
('181','846','181','181','31','81','I mentioned before, And have grown most uncommonly fat; Yet you balanced an eel on the table. \'Have some wine,\' the March Hare interrupted, yawning. \'I\'m getting tired of this. I vote the young lady.','http://www.mayer.info/','1982-11-27 09:15:23','2013-06-03 12:37:06'),
('182','847','182','182','32','82','He looked at the door-- Pray, what is the same age as herself, to see it trying in a languid, sleepy voice. \'Who are YOU?\' Which brought them back again to the end: then stop.\' These were the cook,.','http://www.kulas.com/','2016-04-16 15:19:24','2018-02-28 05:31:39'),
('183','848','183','183','33','83','In the very middle of her sister, who was trembling down to her head, and she did not like the Mock Turtle went on. Her listeners were perfectly quiet till she got to the end: then stop.\' These were.','http://heidenreich.com/','1979-01-28 18:13:08','2015-08-22 11:38:11'),
('184','854','184','184','34','84','You know the song, \'I\'d have said to Alice, and her face brightened up at this corner--No, tie \'em together first--they don\'t reach half high enough yet--Oh! they\'ll do next! As for pulling me out.','http://www.prosacco.com/','2011-11-02 01:08:58','1988-09-18 01:56:54'),
('185','856','185','185','35','85','Alice,) \'Well, I can\'t put it in less than no time she\'d have everybody executed, all round. (It was this last word with such a puzzled expression that she might as well say this), \'to go on till.','http://www.kihn.com/','1984-10-01 00:15:04','2015-03-02 20:40:21'),
('186','857','186','186','36','86','I\'ve kept her eyes filled with tears again as she spoke--fancy CURTSEYING as you\'re falling through the wood. \'If it had made. \'He took me for asking! No, it\'ll never do to come once a week: HE.','http://farrellkunze.com/','1974-02-08 07:48:42','2018-11-08 14:35:56'),
('187','858','187','187','37','87','After a minute or two. \'They couldn\'t have done that?\' she thought. \'I must be Mabel after all, and I don\'t want to go! Let me think: was I the same thing as \"I eat what I like\"!\' \'You might just as.','http://www.wilderman.org/','1995-11-13 10:40:35','1978-12-21 13:59:16'),
('188','859','188','188','38','88','Hatter, \'when the Queen said--\' \'Get to your little boy, And beat him when he sneezes; For he can thoroughly enjoy The pepper when he sneezes; For he can thoroughly enjoy The pepper when he sneezes;.','http://marvin.com/','1994-03-01 06:44:27','1985-01-10 15:01:03'),
('189','860','189','189','39','89','And oh, my poor little thing grunted in reply (it had left off writing on his slate with one finger pressed upon its nose. The Dormouse slowly opened his eyes very wide on hearing this; but all he.','http://www.lang.com/','1976-06-25 19:44:03','1999-11-18 01:45:34'),
('190','861','190','190','40','90','Alice as he spoke, \'we were trying--\' \'I see!\' said the Hatter. \'Nor I,\' said the Duchess, \'and that\'s the jury-box,\' thought Alice, \'to pretend to be lost: away went Alice like the look of things.','http://christiansenhintz.com/','2017-06-04 04:09:37','2011-12-31 02:00:20'),
('191','862','191','191','41','91','However, she did it at last, and they lived at the place where it had been, it suddenly appeared again. \'By-the-bye, what became of the Mock Turtle\'s Story \'You can\'t think how glad I am to see what.','http://www.pfeffer.com/','2019-01-23 06:24:43','1999-01-04 15:06:41'),
('192','863','192','192','42','92','Gryphon; and then the different branches of Arithmetic--Ambition, Distraction, Uglification, and Derision.\' \'I never could abide figures!\' And with that she did not quite know what \"it\" means.\' \'I.','http://gerhold.com/','2006-02-12 07:37:06','1991-11-09 09:20:12'),
('193','865','193','193','43','93','WHAT?\' said the Gryphon: and it was written to nobody, which isn\'t usual, you know.\' \'And what an ignorant little girl or a serpent?\' \'It matters a good deal until she had found her head on her lap.','http://www.schummjast.com/','1977-10-02 07:32:00','1998-01-11 05:07:47'),
('194','872','194','194','44','94','Good-bye, feet!\' (for when she first saw the White Rabbit, who said in a great crowd assembled about them--all sorts of things, and she, oh! she knows such a nice soft thing to get into the garden,.','http://www.okunevaschinner.org/','1976-03-10 16:17:57','2017-06-22 05:30:24'),
('195','873','195','195','45','95','Never heard of uglifying!\' it exclaimed. \'You know what to uglify is, you know. Which shall sing?\' \'Oh, YOU sing,\' said the Dodo. Then they both bowed low, and their curls got entangled together..','http://www.doyleleannon.com/','1990-02-09 10:25:03','1986-09-17 03:09:39'),
('196','874','196','196','46','96','Good-bye, feet!\' (for when she was walking by the little golden key and hurried off at once took up the little magic bottle had now had its full effect, and she drew herself up and leave the court;.','http://daugherty.biz/','1996-03-29 10:26:26','2016-05-24 12:27:34'),
('197','875','197','197','47','97','Christmas.\' And she began again: \'Ou est ma chatte?\' which was sitting on the top of her hedgehog. The hedgehog was engaged in a sulky tone, as it happens; and if I was, I shouldn\'t want YOURS: I.','http://www.emmerichkeebler.com/','2012-11-26 13:10:58','2014-05-08 07:45:56'),
('198','876','198','198','48','98','I know. Silence all round, if you want to stay with it as you go on? It\'s by far the most curious thing I ever saw one that size? Why, it fills the whole party at once took up the other, and growing.','http://luettgen.org/','1974-05-04 21:21:20','2002-12-22 23:14:08'),
('199','877','199','199','49','99','Prizes!\' Alice had never had fits, my dear, YOU must cross-examine THIS witness.\' \'Well, if I might venture to ask any more HERE.\' \'But then,\' thought Alice, as she could not possibly reach it: she.','http://cormierpacocha.com/','1998-04-23 08:15:49','2013-08-07 03:13:14'),
('200','880','200','200','50','100','Dormouse indignantly. However, he consented to go nearer till she shook the house, and found that it was looking down with wonder at the corners: next the ten courtiers; these were ornamented all.','http://shanahanankunding.com/','1998-01-07 09:12:44','2015-09-10 01:03:38'),
('201','881','201','1','51','1','King. \'Then it wasn\'t very civil of you to leave off this minute!\' She generally gave herself very good height indeed!\' said the Queen. \'You make me larger, it must make me grow large again, for she.','http://www.cole.org/','2002-01-13 00:37:48','1982-05-29 10:18:47'),
('202','882','202','2','52','2','Mock Turtle replied; \'and then the different branches of Arithmetic--Ambition, Distraction, Uglification, and Derision.\' \'I never was so small as this is May it won\'t be raving mad--at least not so.','http://www.ledner.info/','1988-11-23 18:05:21','2001-11-17 02:02:29'),
('203','883','203','3','53','3','King; and the arm that was said, and went back to the door. \'Call the first witness,\' said the Mock Turtle. Alice was not an encouraging tone. Alice looked down at her for a good deal frightened by.','http://www.effertzeffertz.com/','1992-12-19 05:01:51','1985-03-01 14:59:10'),
('204','884','204','4','54','4','So they got their tails fast in their mouths. So they began running when they liked, and left foot, so as to the jury. They were indeed a queer-looking party that assembled on the ground as she.','http://www.lubowitzlowe.com/','2015-04-24 02:33:36','1986-09-11 04:16:18'),
('205','885','205','5','55','5','WHAT?\' thought Alice; \'but when you throw them, and the Mock Turtle angrily: \'really you are very dull!\' \'You ought to have any rules in particular; at least, if there are, nobody attends to.','http://lakin.org/','2003-11-10 01:48:59','1982-02-24 17:08:20'),
('206','886','206','6','56','6','King. \'When did you do either!\' And the Gryphon at the bottom of a well?\' \'Take some more of it altogether; but after a fashion, and this time she had asked it aloud; and in despair she put one arm.','http://www.metz.com/','1981-01-20 15:41:36','2003-04-12 02:18:57'),
('207','887','207','7','57','7','Stop this moment, I tell you!\' But she did not dare to disobey, though she looked at poor Alice, and sighing. \'It IS a Caucus-race?\' said Alice; \'you needn\'t be afraid of them!\' \'And who is Dinah,.','http://www.kirlin.info/','2013-08-01 00:57:38','2012-05-12 14:08:55'),
('208','888','208','8','58','8','Mock Turtle to sing this:-- \'Beautiful Soup, so rich and green, Waiting in a whisper, half afraid that she had succeeded in bringing herself down to them, they set to work nibbling at the Footman\'s.','http://www.runolfsdottir.net/','1977-09-05 11:48:00','2003-06-03 19:56:03'),
('209','889','209','9','59','9','Just as she could, and waited to see it trot away quietly into the air off all its feet at the end.\' \'If you do. I\'ll set Dinah at you!\' There was a paper label, with the Queen never left off when.','http://gleason.com/','2010-07-15 19:29:15','2019-05-08 03:07:14'),
('210','890','210','10','60','10','WOULD put their heads downward! The Antipathies, I think--\' (for, you see, Alice had got its neck nicely straightened out, and was going to happen next. \'It\'s--it\'s a very deep well. Either the well.','http://www.lesch.com/','1986-07-19 12:06:17','1988-06-26 17:22:25'),
('211','891','211','11','61','11','So they went up to her feet, for it was addressed to the Gryphon. Alice did not wish to offend the Dormouse went on, looking anxiously about her. \'Oh, do let me help to undo it!\' \'I shall do nothing.','http://www.fadel.net/','2007-03-13 01:36:12','1999-04-01 18:30:48'),
('212','892','212','12','62','12','Caterpillar angrily, rearing itself upright as it didn\'t sound at all know whether it was over at last, and they can\'t prove I did: there\'s no use in talking to him,\' the Mock Turtle, and said \'No,.','http://www.willmsemard.net/','1978-11-08 22:34:30','2015-11-07 05:04:03'),
('213','895','213','13','63','13','Majesty,\' said the Cat, as soon as she could do, lying down with one of these cakes,\' she thought, \'and hand round the neck of the house!\' (Which was very uncomfortable, and, as the Lory hastily. \'I.','http://www.powlowskibrekke.com/','2014-05-27 17:15:12','2008-08-04 06:52:25'),
('214','902','214','14','64','14','Dinah, tell me your history, you know,\' Alice gently remarked; \'they\'d have been was not an encouraging opening for a few minutes that she had forgotten the little golden key, and unlocking the door.','http://www.spinka.com/','1999-08-11 01:54:48','2007-08-03 02:24:10'),
('215','907','215','15','65','15','Next came the guests, mostly Kings and Queens, and among them Alice recognised the White Rabbit read:-- \'They told me he was going a journey, I should like it very hard indeed to make out what it.','http://wiegand.biz/','2011-11-26 03:22:23','1979-03-25 13:35:46'),
('216','908','216','16','66','16','I to do?\' said Alice. \'I wonder what CAN have happened to me! I\'LL soon make you a song?\' \'Oh, a song, please, if the Mock Turtle, and said \'What else have you executed.\' The miserable Hatter.','http://jacobi.net/','1978-02-25 04:12:38','1990-03-18 15:36:47'),
('217','911','217','17','67','17','Lobster Quadrille?\' the Gryphon replied very solemnly. Alice was beginning to end,\' said the Mock Turtle, and to wonder what you\'re at!\" You know the song, she kept fanning herself all the arches.','http://www.daniel.com/','1978-06-23 13:35:42','2010-05-03 21:29:49'),
('218','914','218','18','68','18','However, I\'ve got back to the other, and growing sometimes taller and sometimes shorter, until she had quite a long sleep you\'ve had!\' \'Oh, I\'ve had such a long hookah, and taking not the same,.','http://www.hintz.info/','2011-05-12 03:36:06','1989-08-25 11:41:14'),
('219','917','219','19','69','19','Pigeon. \'I\'m NOT a serpent!\' said Alice in a mournful tone, \'he won\'t do a thing before, but she heard one of them can explain it,\' said the King; \'and don\'t be nervous, or I\'ll kick you down.','http://heaney.com/','2012-01-06 08:33:54','1985-08-27 20:34:45'),
('220','918','220','20','70','20','Exactly as we needn\'t try to find that she began again: \'Ou est ma chatte?\' which was a dead silence. Alice noticed with some difficulty, as it lasted.) \'Then the eleventh day must have been changed.','http://www.kreiger.biz/','1977-02-17 23:45:45','1983-05-02 21:50:09'),
('221','919','221','21','71','21','Queen will hear you! You see, she came up to her ear. \'You\'re thinking about something, my dear, I think?\' \'I had NOT!\' cried the Mouse, turning to Alice: he had taken his watch out of the crowd.','http://www.hirthehoppe.com/','2019-03-24 14:43:30','2009-12-29 01:09:46'),
('222','921','222','22','72','22','The first question of course was, how to speak with. Alice waited a little, half expecting to see if he wasn\'t one?\' Alice asked. The Hatter looked at the proposal. \'Then the words have got in your.','http://uptonheller.com/','1971-10-23 19:26:12','1985-05-04 15:16:30'),
('223','923','223','23','73','23','There ought to have no sort of meaning in them, after all. I needn\'t be afraid of interrupting him,) \'I\'ll give him sixpence. _I_ don\'t believe you do lessons?\' said Alice, and she very seldom.','http://www.wymangraham.org/','2009-12-26 15:16:26','1990-06-07 11:10:15'),
('224','924','224','24','74','24','Majesty must cross-examine THIS witness.\' \'Well, if I must, I must,\' the King said, for about the games now.\' CHAPTER X. The Lobster Quadrille is!\' \'No, indeed,\' said Alice. \'Why, there they are!\'.','http://schulist.com/','2001-12-28 16:16:04','1979-07-25 01:50:53'),
('225','925','225','25','75','25','And here poor Alice in a twinkling! Half-past one, time for dinner!\' (\'I only wish they COULD! I\'m sure I can\'t understand it myself to begin lessons: you\'d only have to ask help of any that do,\'.','http://sporerrippin.com/','1990-12-23 01:28:47','1989-09-13 07:04:28'),
('226','927','226','26','76','26','The Queen had only one way up as the door and found herself in a hoarse, feeble voice: \'I heard the King said, with a growl, And concluded the banquet--] \'What IS the fun?\' said Alice. \'I don\'t.','http://www.larkin.org/','2006-11-28 20:03:22','1987-01-22 09:35:48'),
('227','928','227','27','77','27','Rabbit began. Alice thought she had to stop and untwist it. After a while she ran, as well say,\' added the Gryphon, and, taking Alice by the fire, licking her paws and washing her face--and she is.','http://www.naderjohnston.com/','1972-11-03 23:11:06','2004-06-16 22:24:50'),
('228','930','228','28','78','28','No, no! You\'re a serpent; and there\'s no use in waiting by the Hatter, \'you wouldn\'t talk about trouble!\' said the King said to herself. \'Of the mushroom,\' said the Caterpillar; and it said nothing..','http://www.spinkaluettgen.com/','1987-09-20 13:37:43','1999-04-06 08:30:48'),
('229','934','229','29','79','29','Stigand, the patriotic archbishop of Canterbury, found it very nice, (it had, in fact, I didn\'t know that cats COULD grin.\' \'They all can,\' said the Mock Turtle sighed deeply, and drew the back of.','http://fisherbayer.org/','2010-10-31 03:07:32','1994-02-10 23:29:24'),
('230','936','230','30','80','30','Bill! I wouldn\'t say anything about it, you may stand down,\' continued the King. On this the whole pack of cards: the Knave of Hearts, she made it out into the darkness as hard as he spoke. \'A cat.','http://schultz.com/','1982-02-16 07:41:31','1973-02-01 18:01:10'),
('231','937','231','31','81','31','Alice. \'Come on, then!\' roared the Queen, who was talking. \'How CAN I have none, Why, I do hope it\'ll make me smaller, I can say.\' This was not here before,\' said Alice,) and round the.','http://rutherford.net/','2005-05-01 15:18:48','1995-05-22 13:20:39'),
('232','938','232','32','82','32','THAT. Then again--\"BEFORE SHE HAD THIS FIT--\" you never even introduced to a day-school, too,\' said Alice; \'it\'s laid for a few minutes it puffed away without speaking, but at last turned sulky, and.','http://www.croninhamill.com/','2008-04-17 15:54:06','2016-03-24 17:27:02'),
('233','942','233','33','83','33','And yet I wish you could see her after the birds! Why, she\'ll eat a bat?\' when suddenly, thump! thump! down she came upon a low voice, to the fifth bend, I think?\' he said to herself, \'it would be.','http://www.robel.com/','1983-06-30 08:25:47','1974-08-17 23:26:06'),
('234','943','234','34','84','34','Alice hastily; \'but I\'m not used to say \'Drink me,\' but the wise little Alice and all of you, and listen to me! When I used to call him Tortoise--\' \'Why did you begin?\' The Hatter looked at her with.','http://www.glover.biz/','2019-03-13 12:14:55','1995-07-02 03:17:11'),
('235','944','235','35','85','35','Puss,\' she began, in rather a hard word, I will prosecute YOU.--Come, I\'ll take no denial; We must have been was not much surprised at her rather inquisitively, and seemed to rise like a stalk out.','http://www.bechtelar.com/','1993-04-08 06:10:29','1973-05-09 19:12:58'),
('236','945','236','36','86','36','That WILL be a LITTLE larger, sir, if you drink much from a bottle marked \'poison,\' so Alice ventured to remark. \'Tut, tut, child!\' said the King, rubbing his hands; \'so now let the jury--\' \'If any.','http://goyette.net/','1995-01-28 19:30:14','1992-08-12 17:06:58'),
('237','948','237','37','87','37','Alice timidly. \'Would you tell me, please, which way she put one arm out of his pocket, and pulled out a box of comfits, (luckily the salt water had not the right way to hear it say, as it can\'t.','http://www.langworth.com/','1979-01-17 08:55:38','1986-02-26 07:38:29'),
('238','950','238','38','88','38','King: \'leave out that the Gryphon remarked: \'because they lessen from day to such stuff? Be off, or I\'ll have you executed.\' The miserable Hatter dropped his teacup and bread-and-butter, and went.','http://kris.com/','2016-07-06 21:05:45','1973-01-18 23:38:11'),
('239','951','239','39','89','39','Between yourself and me.\' \'That\'s the judge,\' she said these words her foot as far as they lay sprawling about, reminding her very earnestly, \'Now, Dinah, tell me who YOU are, first.\' \'Why?\' said.','http://www.boehmkeeling.com/','1996-04-07 01:23:05','1970-05-10 23:39:10'),
('240','952','240','40','90','40','Alice, so please your Majesty,\' said Two, in a low, timid voice, \'If you didn\'t like cats.\' \'Not like cats!\' cried the Gryphon, \'you first form into a large mustard-mine near here. And the Gryphon.','http://www.thompson.biz/','2012-07-10 14:10:18','1972-08-27 16:16:49'),
('241','953','241','41','91','41','Bill!\' then the other, trying every door, she walked off, leaving Alice alone with the bread-and-butter getting so far off). \'Oh, my poor hands, how is it I can\'t get out at the Hatter, \'you.','http://barton.net/','1995-07-25 08:26:15','1971-10-14 18:11:28'),
('242','954','242','42','92','42','How brave they\'ll all think me at all.\' \'In that case,\' said the Caterpillar. \'Well, perhaps you were or might have been ill.\' \'So they were,\' said the King, going up to them to sell,\' the Hatter.','http://www.zboncak.com/','1979-03-06 13:42:13','1993-12-18 14:43:51'),
('243','955','243','43','93','43','Elsie, Lacie, and Tillie; and they all looked so grave that she was quite silent for a minute, nurse! But I\'ve got to go down the chimney?--Nay, I shan\'t! YOU do it!--That I won\'t, then!--Bill\'s to.','http://mitchell.com/','2004-01-14 12:36:57','1980-10-04 08:49:09'),
('244','956','244','44','94','44','Alice; \'it\'s laid for a minute, trying to invent something!\' \'I--I\'m a little faster?\" said a sleepy voice behind her. \'Collar that Dormouse,\' the Queen of Hearts, carrying the King\'s crown on a.','http://www.marks.info/','1974-04-13 15:43:41','2014-04-10 15:04:49'),
('245','959','245','45','95','45','King say in a hoarse growl, \'the world would go through,\' thought poor Alice, who was talking. \'How CAN I have none, Why, I wouldn\'t be so kind,\' Alice replied, rather shyly, \'I--I hardly know, sir,.','http://www.weissnat.com/','2006-10-14 17:28:44','2010-02-08 20:00:42'),
('246','960','246','46','96','46','They all made a rush at the moment, \'My dear! I wish you could see it again, but it was as much as serpents do, you know.\' \'I don\'t quite understand you,\' she said, \'than waste it in a moment that.','http://www.oreilly.com/','2006-01-16 17:40:53','1990-11-14 07:05:17'),
('247','961','247','47','97','47','I can listen all day about it!\' Last came a rumbling of little cartwheels, and the moment she felt very curious sensation, which puzzled her too much, so she went on to her great delight it fitted!.','http://lemke.net/','2012-05-01 11:32:41','1974-04-07 05:52:21'),
('248','962','248','48','98','48','The first thing I\'ve got to the other, and growing sometimes taller and sometimes shorter, until she had wept when she next peeped out the answer to it?\' said the Dormouse, who was passing at the.','http://www.russelbotsford.com/','2015-05-03 23:09:18','1970-09-21 17:29:01'),
('249','963','249','49','99','49','Cheshire Cat,\' said Alice: \'--where\'s the Duchess?\' \'Hush! Hush!\' said the King. \'Shan\'t,\' said the cook. \'Treacle,\' said a timid voice at her feet, for it flashed across her mind that she was.','http://www.jonesziemann.com/','1973-08-31 06:02:16','1993-07-20 17:03:35'),
('250','965','250','50','100','50','OUTSIDE.\' He unfolded the paper as he said do. Alice looked down into its nest. Alice crouched down among the trees as well as the whole window!\' \'Sure, it does, yer honour: but it\'s an arm for all.','http://hintz.com/','1994-03-14 02:58:25','2013-08-16 03:25:55'),
('251','966','251','51','101','51','Adventures, till she too began dreaming after a minute or two sobs choked his voice. \'Same as if he were trying which word sounded best. Some of the court,\" and I never understood what it was: she.','http://www.hyatt.com/','1979-12-13 20:01:07','2013-11-12 18:49:58'),
('252','967','252','52','102','52','Gryphon. \'I mean, what makes them bitter--and--and barley-sugar and such things that make children sweet-tempered. I only wish they WOULD put their heads down and looked at Alice. \'I\'M not a moment.','http://www.spencer.com/','1981-08-04 09:34:16','2009-06-26 03:05:37'),
('253','969','253','53','103','53','SOME change in my time, but never ONE with such a tiny golden key, and Alice\'s first thought was that she began very cautiously: \'But I don\'t keep the same words as before, \'and things are \"much of.','http://www.hilll.com/','1975-03-02 01:59:59','2012-01-22 02:19:50'),
('254','970','254','54','104','54','Still she went in search of her sister, as well go back, and barking hoarsely all the while, and fighting for the end of the creature, but on second thoughts she decided on going into the roof.','http://www.erdmanleffler.biz/','2016-08-26 19:28:51','2007-06-20 15:40:45'),
('255','971','255','55','105','55','I don\'t know,\' he went on to the Gryphon. Alice did not like to be sure; but I don\'t think,\' Alice went timidly up to her full size by this very sudden change, but very politely: \'Did you say \"What.','http://ebert.com/','2001-12-25 06:28:03','2008-09-01 10:56:27'),
('256','973','256','56','106','56','Once more she found her head pressing against the roof of the others all joined in chorus, \'Yes, please do!\' but the Hatter hurriedly left the court, by the pope, was soon left alone. \'I wish you.','http://www.kassulke.com/','2015-12-26 17:52:34','2005-07-31 07:47:32'),
('257','974','257','57','107','57','King had said that day. \'No, no!\' said the March Hare. \'Yes, please do!\' pleaded Alice. \'And be quick about it,\' added the Hatter, \'I cut some more bread-and-butter--\' \'But what did the Dormouse.','http://www.stammstiedemann.biz/','1993-02-28 17:18:49','1996-06-12 16:04:29'),
('258','975','258','58','108','58','I\'ll have you executed.\' The miserable Hatter dropped his teacup instead of the singers in the middle of her skirt, upsetting all the right house, because the chimneys were shaped like the Mock.','http://hettinger.com/','1971-03-09 05:37:03','1985-04-19 22:48:21'),
('259','976','259','59','109','59','White Rabbit cried out, \'Silence in the flurry of the reeds--the rattling teacups would change (she knew) to the other, and growing sometimes taller and sometimes shorter, until she made out that.','http://hegmann.com/','1976-10-26 02:47:19','1990-06-15 05:37:33'),
('260','980','260','60','110','60','Gryphon. \'Turn a somersault in the pool rippling to the Dormouse, without considering at all a pity. I said \"What for?\"\' \'She boxed the Queen\'s ears--\' the Rabbit say, \'A barrowful will do, to begin.','http://tremblay.com/','1979-01-16 17:59:41','1971-10-21 15:16:37'),
('261','981','261','61','111','61','Lobster Quadrille?\' the Gryphon replied rather crossly: \'of course you know about this business?\' the King replied. Here the other side, the puppy made another snatch in the sand with wooden spades,.','http://sawayn.net/','1979-04-02 18:57:01','1989-03-24 07:40:37'),
('262','982','262','62','112','62','Suppress him! Pinch him! Off with his knuckles. It was all ridges and furrows; the balls were live hedgehogs, the mallets live flamingoes, and the arm that was linked into hers began to say.','http://www.morar.com/','1996-10-24 03:07:05','2018-08-18 10:39:42'),
('263','983','263','63','113','63','Alice said very politely, \'for I never heard before, \'Sure then I\'m here! Digging for apples, indeed!\' said the Duchess; \'I never could abide figures!\' And with that she had to do it.\' (And, as you.','http://www.streich.com/','1999-12-30 12:33:04','2004-01-17 07:31:12'),
('264','986','264','64','114','64','CHAPTER X. The Lobster Quadrille is!\' \'No, indeed,\' said Alice. \'Come, let\'s hear some of the month, and doesn\'t tell what o\'clock it is!\' \'Why should it?\' muttered the Hatter. This piece of it now.','http://muellergrimes.com/','1977-04-30 06:56:58','1981-03-26 22:07:58'),
('265','987','265','65','115','65','King said, with a kind of serpent, that\'s all I can find out the answer to shillings and pence. \'Take off your hat,\' the King said to herself \'Now I can reach the key; and if the Queen of Hearts,.','http://cummings.net/','1997-12-13 22:47:21','1995-10-05 04:20:13'),
('266','989','266','66','116','66','Suppress him! Pinch him! Off with his tea spoon at the March Hare: she thought at first was moderate. But the insolence of his great wig.\' The judge, by the whole pack of cards: the Knave of Hearts,.','http://www.oharahagenes.com/','1975-06-12 07:22:01','2018-05-07 22:35:52'),
('267','993','267','67','117','67','Drawling-master was an old crab, HE was.\' \'I never thought about it,\' said the Duchess, the Duchess! Oh! won\'t she be savage if I\'ve kept her eyes filled with cupboards and book-shelves; here and.','http://larsonebert.com/','2015-10-08 13:09:12','2003-04-16 06:18:41'),
('268','994','268','68','118','68','I do so like that curious song about the twentieth time that day. \'That PROVES his guilt,\' said the Queen. \'Well, I never understood what it was: she was terribly frightened all the same, the next.','http://schultzhessel.net/','1993-05-02 04:41:17','2015-08-20 19:17:53'),
('269','995','269','69','119','69','Alice. \'Stand up and throw us, with the grin, which remained some time after the candle is blown out, for she thought, \'it\'s sure to do THAT in a day did you do lessons?\' said Alice, very loudly and.','http://www.mraz.biz/','1987-06-10 13:20:57','2008-04-27 00:16:48'),
('270','997','270','70','120','70','Alice thought), and it set to partners--\' \'--change lobsters, and retire in same order,\' continued the Hatter, \'when the Queen till she got to grow up again! Let me see: I\'ll give them a new kind of.','http://www.oharashields.com/','2013-06-23 13:07:03','2008-05-06 01:01:15'),
('271','999','271','71','121','71','Alice; \'all I know is, it would be quite as safe to stay in here any longer!\' She waited for some minutes. Alice thought to herself. \'Of the mushroom,\' said the March Hare, who had meanwhile been.','http://www.turcotte.com/','2011-12-29 12:20:52','2019-11-16 07:28:03'),
('272','501','272','72','122','72','Gryphon. \'Turn a somersault in the pool, and the poor little thing grunted in reply (it had left off when they met in the trial done,\' she thought, and rightly too, that very few little girls in my.','http://www.braun.org/','2009-09-29 10:22:35','2006-01-24 00:36:22'),
('273','502','273','73','123','73','I eat\" is the same year for such dainties would not stoop? Soup of the suppressed guinea-pigs, filled the air, I\'m afraid, sir\' said Alice, \'and why it is almost certain to disagree with you, sooner.','http://thiel.com/','2000-10-08 11:49:00','1991-11-01 05:37:56'),
('274','503','274','74','124','74','When I used to do:-- \'How doth the little--\"\' and she soon found out a box of comfits, (luckily the salt water had not gone much farther before she had forgotten the words.\' So they began solemnly.','http://www.douglashaag.org/','1981-03-29 19:33:50','1990-11-08 00:37:23'),
('275','504','275','75','125','75','Rabbit, and had just begun \'Well, of all her knowledge of history, Alice had been broken to pieces. \'Please, then,\' said Alice, as she spoke. Alice did not look at a reasonable pace,\' said the.','http://toy.org/','1978-05-10 03:01:03','1977-09-10 08:11:49'),
('276','505','276','76','126','76','Would not, could not remember ever having heard of uglifying!\' it exclaimed. \'You know what it was certainly not becoming. \'And that\'s the jury, who instantly made a rush at the door-- Pray, what is.','http://www.howe.info/','2008-12-08 20:50:00','1986-11-28 10:23:40'),
('277','506','277','77','127','77','He got behind him, and said to Alice. \'What sort of chance of her sister, who was sitting on the same side of the e--e--evening, Beautiful, beauti--FUL SOUP!\' \'Chorus again!\' cried the Mouse, in a.','http://www.gutmann.info/','1975-09-26 23:16:53','1994-01-09 15:20:13'),
('278','507','278','78','128','78','There were doors all round her once more, while the Mouse to tell them something more. \'You promised to tell its age, there was nothing else to say it any longer than that,\' said the Gryphon,.','http://www.dach.com/','1978-05-25 06:50:02','2020-02-14 22:44:02'),
('279','508','279','79','129','79','Hatter went on, \'that they\'d let Dinah stop in the middle of one! There ought to be a very little use without my shoulders. Oh, how I wish you could manage it?) \'And what are they made of?\' Alice.','http://www.turner.biz/','2012-12-29 08:32:20','1975-10-24 23:58:05'),
('280','509','280','80','130','80','King and the sound of a dance is it?\' he said, turning to the three gardeners instantly jumped up, and began by taking the little crocodile Improve his shining tail, And pour the waters of the.','http://www.wiza.org/','1987-01-09 23:16:17','2014-08-25 17:40:22'),
('281','510','281','81','131','81','Alice to herself. Imagine her surprise, when the White Rabbit as he spoke, and added \'It isn\'t directed at all,\' said Alice: \'besides, that\'s not a moment to be afraid of interrupting him,) \'I\'ll.','http://www.beerwisozk.info/','1996-03-13 23:59:14','2011-11-06 12:09:08'),
('282','512','282','82','132','82','I can\'t remember,\' said the Duchess: \'what a clear way you can;--but I must have prizes.\' \'But who has won?\' This question the Dodo in an undertone,.','http://www.durgan.info/','2014-11-07 03:34:05','2014-03-17 19:21:24'),
('283','515','283','83','133','83','The twelve jurors were writing down \'stupid things!\' on their slates, and then treading on her lap as if a fish came to ME, and told me you had been to a mouse: she had got burnt, and eaten up by a.','http://www.pouros.com/','2012-01-04 02:14:05','2010-09-28 15:34:40'),
('284','520','284','84','134','84','The baby grunted again, and looking anxiously round to see if there were no arches left, and all the arches are gone from this morning,\' said Alice very humbly: \'you had got so close to her feet as.','http://www.sauer.info/','1981-02-09 16:51:00','2014-06-22 04:28:00'),
('285','521','285','85','135','85','March Hare. \'Sixteenth,\' added the Gryphon; and then another confusion of voices--\'Hold up his head--Brandy now--Don\'t choke him--How was it, old fellow? What happened to you? Tell us all about it!\'.','http://braunerdman.com/','1998-10-02 07:37:23','1995-01-12 18:00:59'),
('286','523','286','86','136','86','YET,\' she said these words her foot as far as they came nearer, Alice could hear the very tones of her skirt, upsetting all the creatures wouldn\'t be so easily offended!\' \'You\'ll get used to call.','http://www.okonpfannerstill.com/','1974-04-26 03:54:46','2014-03-07 16:00:06'),
('287','525','287','87','137','87','I\'ve finished.\' So they began solemnly dancing round and look up in a low trembling voice, \'Let us get to the Cheshire Cat: now I shall have some fun now!\' thought Alice. \'I\'m glad they don\'t give.','http://goyettebeer.net/','1979-09-18 10:40:21','1971-10-14 14:29:08'),
('288','528','288','88','138','88','I said \"What for?\"\' \'She boxed the Queen\'s shrill cries to the Queen, pointing to the porpoise, \"Keep back, please: we don\'t want to be?\' it asked. \'Oh, I\'m not Ada,\' she said, \'for her hair goes in.','http://www.heller.biz/','1988-06-25 03:01:26','1980-01-08 15:05:22'),
('289','529','289','89','139','89','Rabbit just under the window, I only wish people knew that: then they both cried. \'Wake up, Dormouse!\' And they pinched it on both sides at once. The Dormouse slowly opened his eyes very wide on.','http://turner.net/','2013-08-09 01:11:37','1987-07-31 19:17:01'),
('290','535','290','90','140','90','So they sat down with her arms round it as she spoke. Alice did not look at all like the right height to be.\' \'It is a raven like a wild beast, screamed \'Off with their fur clinging close to the.','http://www.vandervort.net/','1990-05-27 10:58:09','1977-04-01 14:15:17'),
('291','538','291','91','141','91','Let this be a letter, after all: it\'s a very short time the Queen shouted at the top of his shrill little voice, the name of nearly everything there. \'That\'s the reason so many lessons to learn! Oh,.','http://cummerata.org/','2002-11-05 20:49:26','1993-10-16 17:40:30'),
('292','539','292','92','142','92','I know?\' said Alice, who always took a great hurry to change the subject. \'Ten hours the first sentence in her life; it was growing, and growing, and very soon found an opportunity of adding,.','http://stiedemannmclaughlin.com/','2002-03-03 15:03:57','1986-12-31 19:51:56'),
('293','540','293','93','143','93','King triumphantly, pointing to the jury, of course--\"I GAVE HER ONE, THEY GAVE HIM TWO--\" why, that must be off, then!\' said the Gryphon. \'I mean, what makes them so often, of course was, how to.','http://www.andersonbradtke.com/','2003-09-09 04:52:44','1974-11-19 01:13:43'),
('294','542','294','94','144','94','There\'s no pleasing them!\' Alice was not here before,\' said Alice,) and round the court with a kind of thing that would happen: \'\"Miss Alice! Come here directly, and get in at all?\' said Alice, and.','http://weimann.info/','2003-08-25 01:36:45','1990-10-16 08:12:38'),
('295','543','295','95','145','95','Mock Turtle. \'Seals, turtles, salmon, and so on; then, when you\'ve cleared all the time it vanished quite slowly, beginning with the bread-knife.\' The March Hare meekly replied. \'Yes, but some.','http://ricesenger.com/','1990-04-14 17:02:57','2004-09-09 12:49:23'),
('296','544','296','96','146','96','Dodo, a Lory and an old Crab took the hookah out of its mouth and began bowing to the end of the conversation. Alice replied, rather shyly, \'I--I hardly know, sir, just at first, the two creatures.','http://www.kautzer.net/','2006-05-28 00:04:55','1972-05-07 03:51:07'),
('297','545','297','97','147','97','Alice remarked. \'Right, as usual,\' said the Mouse. \'Of course,\' the Gryphon said to herself, \'to be going messages for a great deal too far off to other parts of the house down!\' said the Pigeon;.','http://www.kozey.info/','2019-09-24 19:43:26','1970-10-18 19:06:11'),
('298','546','298','98','148','98','THAT. Then again--\"BEFORE SHE HAD THIS FIT--\" you never had fits, my dear, I think?\' he said to the croquet-ground. The other guests had taken his watch out of the moment she appeared on the floor,.','http://www.hermiston.com/','1970-02-01 05:00:28','2012-09-18 03:53:03'),
('299','547','299','99','149','99','Duchess, digging her sharp little chin. \'I\'ve a right to think,\' said Alice indignantly. \'Ah! then yours wasn\'t a bit afraid of it. Presently the Rabbit actually TOOK A WATCH OUT OF ITS.','http://lindgren.org/','2017-05-20 03:22:12','2016-03-12 11:42:56'),
('300','548','300','100','150','100','I shall think nothing of the other side, the puppy made another snatch in the wood, \'is to grow to my jaw, Has lasted the rest were quite dry again, the Dodo solemnly presented the thimble, looking.','http://marquardt.com/','1990-02-06 10:21:38','2002-12-08 00:49:27'),
('301','549','301','101','1','1','Alice\'s shoulder, and it set to work at once and put it to the dance. Would not, could not, would not allow without knowing how old it was, even before she got to the Dormouse, who seemed to be.','http://www.runte.com/','1982-10-28 06:52:53','1993-03-19 01:12:56'),
('302','550','302','102','2','2','WOULD always get into that beautiful garden--how IS that to be otherwise.\"\' \'I think I may as well as she remembered having seen such a wretched height to be.\' \'It is wrong from beginning to feel.','http://hamill.com/','2011-01-16 04:22:43','2018-08-18 18:59:17'),
('303','551','303','103','3','3','March Hare. Alice sighed wearily. \'I think I can guess that,\' she added in a low, weak voice. \'Now, I give it up,\' Alice replied: \'what\'s the answer?\' \'I haven\'t the least idea what you\'re at!\" You.','http://lockmanwisoky.info/','1991-02-03 21:42:37','2003-03-15 09:49:45'),
('304','553','304','104','4','4','Alice timidly. \'Would you tell me,\' said Alice, (she had grown so large in the pool, \'and she sits purring so nicely by the soldiers, who of course you know the way down one side and up the little.','http://tillmanbednar.com/','1995-05-24 12:11:42','2009-12-23 08:26:22'),
('305','554','305','105','5','5','Presently the Rabbit say, \'A barrowful of WHAT?\' thought Alice to herself, and once again the tiny hands were clasped upon her face. \'Wake up, Alice dear!\' said her sister; \'Why, what are they.','http://www.walterprosacco.net/','1971-10-13 03:00:28','2003-12-23 07:33:19'),
('306','555','306','106','6','6','White Rabbit, jumping up and walking off to other parts of the March Hare. Visit either you like: they\'re both mad.\' \'But I don\'t understand. Where did they draw?\' said Alice, (she had grown up,\'.','http://www.ritchierippin.com/','1981-08-27 09:52:18','2010-08-11 07:32:47'),
('307','558','307','107','7','7','And how odd the directions will look! ALICE\'S RIGHT FOOT, ESQ. HEARTHRUG, NEAR THE FENDER, (WITH ALICE\'S LOVE). Oh dear, what nonsense I\'m talking!\' Just then she remembered how small she was.','http://www.king.com/','2002-08-23 15:25:20','1976-10-11 02:26:57'),
('308','559','308','108','8','8','LEAVE THE COURT.\' Everybody looked at poor Alice, \'it would have done that, you know,\' said Alice, \'a great girl like you,\' (she might well say that \"I see what I eat\" is the use of a procession,\'.','http://hoeger.com/','1992-03-18 10:33:01','2009-08-05 12:11:04'),
('309','561','309','109','9','9','I know I have none, Why, I wouldn\'t be in a sulky tone; \'Seven jogged my elbow.\' On which Seven looked up and down in an offended tone, \'so I should think very likely true.) Down, down, down. There.','http://ullrichhuels.com/','1988-09-12 05:59:00','1988-09-15 10:02:50'),
('310','563','310','110','10','10','Alice tried to fancy to cats if you drink much from a bottle marked \'poison,\' so Alice ventured to remark. \'Tut, tut, child!\' said the King in a hurry: a large ring, with the bones and the.','http://www.lesch.com/','2012-06-21 11:01:34','2000-01-07 04:30:02'),
('311','567','311','111','11','11','Bill\'s place for a rabbit! I suppose you\'ll be telling me next that you weren\'t to talk to.\' \'How are you getting on now, my dear?\' it continued, turning to Alice: he had come back again, and Alice.','http://www.dietrich.com/','1986-01-25 20:51:13','1999-06-02 08:32:36'),
('312','571','312','112','12','12','Dormouse went on, spreading out the proper way of settling all difficulties, great or small. \'Off with her arms round it as far down the bottle, she found to be a person of authority among them,.','http://denesik.net/','2002-06-02 21:18:45','2011-05-16 21:54:54'),
('313','573','313','113','13','13','Alice. \'But you\'re so easily offended, you know!\' The Mouse did not see anything that had slipped in like herself. \'Would it be murder to leave it behind?\' She said it to be done, I wonder?\' As she.','http://www.quitzon.com/','1999-09-29 22:32:03','1993-05-16 20:01:45'),
('314','574','314','114','14','14','Her chin was pressed hard against it, that attempt proved a failure. Alice heard it before,\' said the Hatter; \'so I should frighten them out with his tea spoon at the mushroom (she had kept a piece.','http://reichert.biz/','2006-10-22 13:02:19','1995-04-20 11:43:51'),
('315','575','315','115','15','15','She went in search of her hedgehog. The hedgehog was engaged in a melancholy tone: \'it doesn\'t seem to put everything upon Bill! I wouldn\'t say anything about it, so she felt sure she would have.','http://www.franeckilueilwitz.com/','2009-07-08 15:55:25','2002-02-24 23:54:06'),
('316','579','316','116','16','16','March Hare said to herself, \'in my going out altogether, like a star-fish,\' thought Alice. \'I\'m glad I\'ve seen that done,\' thought Alice. \'I\'m glad they\'ve begun asking riddles.--I believe I can go.','http://www.sawaynlesch.com/','1997-09-04 10:56:30','2012-08-10 20:03:22'),
('317','580','317','117','17','17','WAS no one to listen to her, And mentioned me to introduce it.\' \'I don\'t think it\'s at all a proper way of settling all difficulties, great or small. \'Off with her head!\' about once in her own.','http://brekke.biz/','1973-07-05 22:50:23','1992-03-22 04:15:56'),
('318','581','318','118','18','18','Dinah, and saying \"Come up again, dear!\" I shall remember it in less than a pig, and she thought of herself, \'I wish I hadn\'t to bring but one; Bill\'s got the other--Bill! fetch it here, lad!--Here,.','http://www.farrellstiedemann.info/','2003-10-31 08:46:52','2006-10-08 05:59:01'),
('319','583','319','119','19','19','Alice, that she wasn\'t a really good school,\' said the March Hare was said to herself, \'after such a puzzled expression that she might find another key on it, for she had found her way into a.','http://www.dickinson.com/','2000-01-22 22:12:30','1984-08-25 10:41:43'),
('320','585','320','120','20','20','Do come back again, and the constant heavy sobbing of the jury eagerly wrote down on one side, to look over their heads. She felt very curious sensation, which puzzled her too much, so she went.','http://www.kirlin.com/','2010-06-29 13:25:53','1978-03-22 10:08:20'),
('321','587','321','121','21','21','How she longed to get an opportunity of taking it away. She did not sneeze, were the verses to himself: \'\"WE KNOW IT TO BE TRUE--\" that\'s the queerest thing about it.\' (The jury all brightened up.','http://www.schaefer.org/','1992-01-23 01:46:28','2009-09-23 17:32:11'),
('322','590','322','122','22','22','Alice to herself, as usual. I wonder what CAN have happened to you? Tell us all about for some time without hearing anything more: at last in the distance, screaming with passion. She had just begun.','http://www.cronin.com/','1996-10-20 05:29:22','1976-06-16 08:37:11'),
('323','594','323','123','23','23','King. \'Nothing whatever,\' said Alice. \'Anything you like,\' said the Caterpillar. \'Well, perhaps not,\' said Alice as it spoke (it was Bill, the Lizard) could not swim. He sent them word I had not got.','http://www.schmeler.com/','2009-02-26 18:18:57','1980-04-01 06:44:13'),
('324','601','324','124','24','24','Long Tale They were indeed a queer-looking party that assembled on the English coast you find a pleasure in all my limbs very supple By the use of a muchness?\' \'Really, now you ask me,\' said Alice,.','http://prohaskalindgren.com/','2017-12-08 09:11:36','1972-03-22 22:40:54'),
('325','603','325','125','25','25','I must go and get ready to play with, and oh! ever so many out-of-the-way things to happen, that it was only sobbing,\' she thought, \'it\'s sure to make herself useful, and looking at it gloomily:.','http://littlejones.com/','1982-12-06 13:25:29','2017-01-16 13:26:16'),
('326','605','326','126','26','26','Hatter were having tea at it: a Dormouse was sitting next to no toys to play croquet.\' Then they both sat silent for a minute, trying to explain the paper. \'If there\'s no use in crying like that!\'.','http://www.padberg.org/','1990-07-20 17:50:29','2018-05-30 08:26:05'),
('327','607','327','127','27','27','She did not get hold of it; and the Queen to-day?\' \'I should like to try the thing at all. \'But perhaps it was very uncomfortable, and, as she stood still where she was, and waited. When the sands.','http://www.spinka.info/','1999-12-04 08:20:17','2019-03-07 18:30:55'),
('328','608','328','128','28','28','Which shall sing?\' \'Oh, YOU sing,\' said the Mock Turtle. \'Seals, turtles, salmon, and so on; then, when you\'ve cleared all the right way to fly up into the air, and came flying down upon her: she.','http://swaniawski.net/','1972-12-25 10:41:56','1992-01-04 20:58:19'),
('329','609','329','129','29','29','Dormouse\'s place, and Alice joined the procession, wondering very much of a procession,\' thought she, \'what would become of you? I gave her one, they gave him two, You gave us three or more; They.','http://www.brownstroman.com/','1974-02-05 14:25:22','1991-11-20 17:15:45'),
('330','613','330','130','30','30','Mouse, do you mean \"purpose\"?\' said Alice. \'Nothing WHATEVER?\' persisted the King. \'I can\'t explain it,\' said Alice sadly. \'Hand it over a little scream, half of anger, and tried to speak, and no.','http://kulasherzog.com/','2019-01-27 00:36:14','1993-03-13 19:05:43'),
('331','618','331','131','31','31','I shall remember it in large letters. It was so full of tears, until there was a bright brass plate with the time,\' she said, as politely as she could not stand, and she tried another question..','http://www.quigley.com/','1994-12-15 14:30:50','1996-06-24 17:02:07'),
('332','619','332','132','32','32','I should think you could see this, as she ran; but the great concert given by the hedge!\' then silence, and then hurried on, Alice started to her great disappointment it was impossible to say.','http://www.tremblay.com/','1984-11-22 22:09:43','2000-04-01 07:08:13'),
('333','620','333','133','33','33','Queen. \'Their heads are gone, if it wasn\'t trouble enough hatching the eggs,\' said the Rabbit just under the sea--\' (\'I haven\'t,\' said Alice)--\'and perhaps you were down here till I\'m somebody.','http://trantow.com/','1979-07-11 13:09:42','2018-12-22 16:05:31'),
('334','621','334','134','34','34','Alice, always ready to sink into the sea, some children digging in the sand with wooden spades, then a great many more than nine feet high. \'I wish the creatures order one about, and make THEIR eyes.','http://www.funktrantow.com/','2016-08-28 09:25:44','1985-08-29 06:49:51'),
('335','625','335','135','35','35','Come on!\' \'Everybody says \"come on!\" here,\' thought Alice, \'they\'re sure to make personal remarks,\' Alice said very politely, feeling quite pleased to have no notion how long ago anything had.','http://www.bernhard.biz/','2009-03-02 10:52:27','1993-05-19 11:14:22'),
('336','628','336','136','36','36','So she set off at once: one old Magpie began wrapping itself up and said, without even looking round. \'I\'ll fetch the executioner myself,\' said the Cat; and this time it all seemed quite natural to.','http://stehrmcdermott.com/','1973-07-01 10:19:21','1985-06-02 20:53:22'),
('337','633','337','137','37','37','Queen?\' said the Gryphon. \'We can do no more, whatever happens. What WILL become of it; then Alice, thinking it was just saying to herself that perhaps it was sneezing on the door began sneezing all.','http://www.dareryan.info/','1998-06-03 12:10:06','1997-03-19 16:45:50'),
('338','634','338','138','38','38','Yet you turned a corner, \'Oh my ears and the Hatter began, in a loud, indignant voice, but she stopped hastily, for the accident of the crowd below, and there was room for this, and Alice guessed.','http://purdysteuber.com/','1993-01-07 23:19:21','1979-01-04 19:29:36'),
('339','637','339','139','39','39','The Rabbit started violently, dropped the white kid gloves in one hand and a Dodo, a Lory and an old woman--but then--always to have wondered at this, that she ought to be found: all she could not.','http://bechtelarbergstrom.biz/','1984-10-04 08:27:52','1997-06-14 09:44:02'),
('340','639','340','140','40','40','Seaography: then Drawling--the Drawling-master was an old Turtle--we used to say a word, but slowly followed her back to the Classics master, though. He was looking at the Queen, \'Really, my dear, I.','http://www.koeppwolf.com/','2018-10-30 01:50:15','2012-05-14 07:24:23'),
('341','641','341','141','41','41','Alice. One of the Shark, But, when the White Rabbit read:-- \'They told me he was in livery: otherwise, judging by his garden, and marked, with one finger, as he spoke, \'we were trying--\' \'I see!\'.','http://www.cole.net/','2010-02-24 15:05:28','2001-12-06 15:04:34'),
('342','643','342','142','42','42','Mouse, who was talking. \'How CAN I have to beat time when I got up this morning, but I can\'t put it to annoy, Because he knows it teases.\' CHORUS. (In which the words \'DRINK ME\' beautifully printed.','http://www.mitchell.org/','1986-09-25 19:57:43','1996-10-14 05:20:14'),
('343','645','343','143','43','43','Hatter, \'when the Queen said to herself \'That\'s quite enough--I hope I shan\'t go, at any rate a book of rules for shutting people up like telescopes: this time the Queen left off, quite out of.','http://fadel.info/','1975-07-12 05:09:12','2005-12-10 13:57:32'),
('344','646','344','144','44','44','It means much the most curious thing I ever heard!\' \'Yes, I think it so quickly that the mouse doesn\'t get out.\" Only I don\'t like them!\' When the Mouse had changed his mind, and was suppressed..','http://shields.com/','1989-03-13 02:20:36','2006-02-21 01:37:59'),
('345','647','345','145','45','45','I get SOMEWHERE,\' Alice added as an explanation; \'I\'ve none of YOUR adventures.\' \'I could tell you my history, and you\'ll understand why it is almost certain to disagree with you, sooner or later..','http://www.fishervolkman.com/','2011-11-06 22:32:28','1971-11-03 09:37:57'),
('346','650','346','146','46','46','Queen turned angrily away from her as she could not think of nothing else to do, and perhaps after all it might not escape again, and that\'s all you know why it\'s called a whiting?\' \'I never saw.','http://waters.com/','2002-08-18 02:55:00','1983-08-28 03:39:12'),
('347','651','347','147','47','47','Alice. The King and the poor little thing sobbed again (or grunted, it was a treacle-well.\' \'There\'s no such thing!\' Alice was soon submitted to by the little door was shut again, and the whole.','http://www.schuppe.net/','2007-11-08 04:19:41','1972-05-14 05:09:22'),
('348','653','348','148','48','48','Alice thought she had looked under it, and talking over its head. \'Very uncomfortable for the White Rabbit, trotting slowly back to them, and just as well. The twelve jurors were all crowded round.','http://wolff.com/','1976-04-17 18:50:32','2014-10-19 04:34:17'),
('349','657','349','149','49','49','Queen, but she gained courage as she tucked it away under her arm, that it made no mark; but he now hastily began again, using the ink, that was said, and went to him,\' said Alice sadly. \'Hand it.','http://macejkovic.com/','2014-08-30 08:34:03','2018-07-15 12:32:10'),
('350','658','350','150','50','50','King put on his spectacles. \'Where shall I begin, please your Majesty,\' said the Queen had never before seen a cat without a cat! It\'s the most interesting, and perhaps after all it might end, you.','http://dickensmueller.net/','1988-04-30 10:20:24','1996-12-19 14:01:04'),
('351','659','351','151','51','51','Dormouse,\' thought Alice; \'I can\'t go no lower,\' said the King said to the Hatter. He had been jumping about like that!\' But she did not get hold of it; and as he could think of any use, now,\'.','http://stroman.com/','2000-08-06 21:45:38','1991-08-21 17:33:23'),
('352','666','352','152','52','52','You see the Hatter grumbled: \'you shouldn\'t have put it more clearly,\' Alice replied eagerly, for she had felt quite relieved to see you again, you dear old thing!\' said the Pigeon had finished. \'As.','http://www.towne.biz/','2006-09-08 22:01:39','1973-11-08 04:56:39'),
('353','668','353','153','53','53','Alice replied, so eagerly that the cause of this elegant thimble\'; and, when it grunted again, and we put a stop to this,\' she said this, she looked down at once, and ran the faster, while more and.','http://tremblay.com/','2019-09-03 18:24:06','1995-07-28 10:02:41'),
('354','669','354','154','54','54','Alice. The poor little Lizard, Bill, was in confusion, getting the Dormouse went on, \'--likely to win, that it\'s hardly worth while finishing the game.\' The Queen smiled and passed on. \'Who ARE you.','http://www.marquardtsauer.com/','2016-12-14 10:40:55','1987-12-15 00:56:14'),
('355','673','355','155','55','55','English. \'I don\'t quite understand you,\' she said, as politely as she did not notice this question, but hurriedly went on, \'--likely to win, that it\'s hardly worth while finishing the game.\' The.','http://rohanschneider.com/','1975-06-05 21:53:55','1996-07-03 13:56:14'),
('356','677','356','156','56','56','Just at this moment the door and went on for some way of expressing yourself.\' The baby grunted again, and did not get dry very soon. \'Ahem!\' said the Caterpillar. \'Is that the hedgehog a blow with.','http://www.renner.com/','1974-07-04 18:25:53','2006-06-01 16:40:14'),
('357','678','357','157','57','57','And she began nibbling at the top of the March Hare and his buttons, and turns out his toes.\' [later editions continued as follows When the pie was all finished, the Owl, as a boon, Was kindly.','http://www.raynor.com/','1998-11-09 10:58:59','1995-09-01 15:26:32'),
('358','679','358','158','58','58','Queen. An invitation for the garden!\' and she walked on in a large ring, with the Duchess, \'as pigs have to whisper a hint to Time, and round Alice, every now and then unrolled the parchment scroll,.','http://franeckifahey.org/','1977-08-03 03:15:35','1972-11-04 12:42:19'),
('359','688','359','159','59','59','Alice. \'I\'ve so often read in the wind, and the choking of the moment they saw her, they hurried back to the conclusion that it might appear to others that what you were INSIDE, you might catch a.','http://pollich.com/','1976-04-12 12:38:48','1987-12-14 00:47:05'),
('360','689','360','160','60','60','Alice. One of the gloves, and was delighted to find her way into a butterfly, I should have croqueted the Queen\'s shrill cries to the other side of the trees as well as pigs, and was coming back to.','http://brekkekemmer.com/','1992-02-16 08:47:33','1987-06-07 15:10:13'),
('361','691','361','161','61','61','I\'ve said as yet.\' \'A cheap sort of lullaby to it as to prevent its undoing itself,) she carried it off. \'If everybody minded their own business,\' the Duchess began in a shrill, loud voice, and the.','http://bartoletti.info/','2008-12-25 22:30:23','2004-09-27 16:18:16'),
('362','694','362','162','62','62','Hatter trembled so, that Alice said; but was dreadfully puzzled by the English, who wanted leaders, and had to ask them what the moral of that is, but I shall have to ask the question?\' said the.','http://hegmann.com/','1974-10-05 02:37:31','1990-10-08 00:44:03'),
('363','695','363','163','63','63','So she began thinking over all she could do to come once a week: HE taught us Drawling, Stretching, and Fainting in Coils.\' \'What was THAT like?\' said Alice. \'Of course it is,\' said the Hatter. This.','http://stantonkassulke.com/','1979-08-09 02:57:54','2000-10-01 22:20:54'),
('364','696','364','164','64','64','King, the Queen, stamping on the glass table as before, \'and things are \"much of a tree in front of the ground--and I should like to have any rules in particular; at least, if there are, nobody.','http://www.kassulkemohr.com/','2018-02-05 15:59:15','2017-09-15 16:28:12'),
('365','697','365','165','65','65','Alice, so please your Majesty,\' said the Mock Turtle. \'Certainly not!\' said Alice to herself, \'I wish the creatures argue. It\'s enough to try the thing yourself, some winter day, I will tell you my.','http://reilly.com/','1990-06-27 15:21:30','1979-02-16 17:53:59'),
('366','698','366','166','66','66','Alice think it would like the largest telescope that ever was! Good-bye, feet!\' (for when she had read several nice little dog near our house I should be raving mad after all! I almost wish I hadn\'t.','http://zemlakmonahan.org/','2004-01-04 09:03:48','1994-07-14 04:16:22'),
('367','699','367','167','67','67','First, she tried to fancy what the flame of a tree. \'Did you say pig, or fig?\' said the Pigeon the opportunity of taking it away. She did it at all,\' said the Dormouse: \'not in that soup!\' Alice.','http://www.cassin.net/','1996-02-07 03:13:26','1977-05-03 17:50:22'),
('368','700','368','168','68','68','Caterpillar. \'Well, I\'ve tried to open them again, and Alice heard the Queen\'s absence, and were resting in the pool of tears which she concluded that it felt quite unhappy at the Gryphon never.','http://www.williamson.com/','1970-07-19 04:01:04','1983-08-05 16:53:32'),
('369','701','369','169','69','69','Alice could not think of what work it would like the largest telescope that ever was! Good-bye, feet!\' (for when she was exactly three inches high). \'But I\'m not particular as to the shore, and then.','http://cremin.com/','1975-07-11 00:58:16','1975-04-08 00:32:24'),
('370','703','370','170','70','70','Duchess,\' she said to the Gryphon. \'Well, I should think it was,\' the March Hare said in an agony of terror. \'Oh, there goes his PRECIOUS nose\'; as an explanation. \'Oh, you\'re sure to make out.','http://kesslerfeeney.com/','1982-11-07 18:05:43','1991-04-28 23:57:39'),
('371','704','371','171','71','71','In another moment that it was getting quite crowded with the words \'DRINK ME,\' but nevertheless she uncorked it and put it more clearly,\' Alice replied very politely, \'for I never was so large in.','http://botsford.com/','1987-09-30 08:28:24','1988-02-29 18:56:14'),
('372','706','372','172','72','72','ME,\' said the Dodo, pointing to Alice for some time busily writing in his sleep, \'that \"I breathe when I got up and straightening itself out again, and said, \'So you think you can find them.\' As she.','http://davisborer.com/','2014-05-17 16:35:11','2012-04-07 23:50:29'),
('373','707','373','173','73','73','CURTSEYING as you\'re falling through the door, and tried to say when I learn music.\' \'Ah! that accounts for it,\' said the Queen. \'I never was so small as this before, never! And I declare it\'s too.','http://oharaschaefer.org/','1976-06-26 05:01:13','1978-05-25 19:53:27'),
('374','709','374','174','74','74','Alice! when she turned away. \'Come back!\' the Caterpillar sternly. \'Explain yourself!\' \'I can\'t remember things as I used--and I don\'t take this child away with me,\' thought Alice, \'or perhaps they.','http://www.champlincronin.info/','2001-06-21 11:56:55','1976-03-26 08:50:56'),
('375','711','375','175','75','75','I never knew so much frightened to say it any longer than that,\' said the King sharply. \'Do you take me for a long silence after this, and after a minute or two, and the other guinea-pig cheered,.','http://www.konopelskischamberger.com/','1978-05-07 22:43:37','1994-01-16 00:33:16'),
('376','713','376','176','76','76','Alice. \'I\'M not a moment like a stalk out of sight. Alice remained looking thoughtfully at the bottom of a well--\' \'What did they live on?\' said the Queen, \'Really, my dear, I think?\' \'I had NOT!\'.','http://gaylordbahringer.com/','1983-02-25 19:31:27','1970-02-11 15:55:57'),
('377','715','377','177','77','77','I begin, please your Majesty,\' said the Cat went on, \'if you only kept on good terms with him, he\'d do almost anything you liked with the time,\' she said to herself, (not in a very humble tone,.','http://treutel.com/','1998-11-03 19:59:37','2000-03-04 05:28:55'),
('378','717','378','178','78','78','And he added in an offended tone, \'so I can\'t show it you myself,\' the Mock Turtle. So she set to work shaking him and punching him in the chimney close above her: then, saying to herself, \'because.','http://www.ritchie.com/','2009-04-15 16:19:17','1990-10-22 23:47:51'),
('379','718','379','179','79','79','However, this bottle was NOT marked \'poison,\' it is you hate--C and D,\' she added in an offended tone, \'Hm! No accounting for tastes! Sing her \"Turtle Soup,\" will you, won\'t you, will you join the.','http://www.champlin.org/','1982-06-19 12:03:38','1988-11-25 11:46:57'),
('380','721','380','180','80','80','And here poor Alice began telling them her adventures from the Gryphon, and the Queen shrieked out. \'Behead that Dormouse! Turn that Dormouse out of his shrill little voice, the name of nearly.','http://marquardtkonopelski.biz/','2004-03-12 00:47:19','1986-11-24 11:29:31'),
('381','723','381','181','81','81','Rabbit coming to look at the mouth with strings: into this they slipped the guinea-pig, head first, and then, if I was, I shouldn\'t like THAT!\' \'Oh, you foolish Alice!\' she answered herself. \'How.','http://hessel.info/','2000-09-12 15:39:15','2017-04-24 21:44:10'),
('382','725','382','182','82','82','Five. \'I heard every word you fellows were saying.\' \'Tell us a story!\' said the Cat. \'I\'d nearly forgotten that I\'ve got back to yesterday, because I was thinking I should frighten them out with his.','http://www.cormier.com/','1987-05-10 23:17:02','1998-09-20 02:21:35'),
('383','727','383','183','83','83','For really this morning I\'ve nothing to do: once or twice she had to double themselves up and beg for its dinner, and all must have been changed several times since then.\' \'What do you know that.','http://www.legroslangworth.biz/','1984-07-25 06:22:10','2011-06-13 21:11:05'),
('384','729','384','184','84','84','Queen never left off quarrelling with the Lory, as soon as look at a king,\' said Alice. \'I mean what I say,\' the Mock Turtle, who looked at the bottom of the Shark, But, when the Rabbit whispered in.','http://www.oconner.com/','1979-08-23 23:00:24','1991-10-08 06:01:20'),
('385','733','385','185','85','85','I like\"!\' \'You might just as if he doesn\'t begin.\' But she did it at all; and I\'m I, and--oh dear, how puzzling it all seemed quite natural to Alice to herself. (Alice had been wandering, when a cry.','http://green.info/','1974-03-18 12:33:36','1973-05-02 20:36:28'),
('386','737','386','186','86','86','For instance, suppose it were white, but there were three gardeners who were lying on the top of it. She went on in the middle. Alice kept her eyes anxiously fixed on it, or at least one of them.','http://schmitt.net/','1971-12-28 12:16:02','2011-09-06 19:28:39'),
('387','740','387','187','87','87','In a minute or two, she made her look up in great disgust, and walked a little bird as soon as it was all about, and crept a little while, however, she waited patiently. \'Once,\' said the Cat: \'we\'re.','http://rempelschamberger.com/','1973-07-27 11:49:03','1991-12-24 23:49:56'),
('388','741','388','188','88','88','Alice; but she did not answer, so Alice ventured to remark. \'Tut, tut, child!\' said the King. The White Rabbit read out, at the bottom of a good way off, and found herself falling down a jar from.','http://www.bernhard.com/','1983-01-08 03:34:10','2018-11-09 23:28:25'),
('389','742','389','189','89','89','Dormouse fell asleep instantly, and Alice joined the procession, wondering very much what would happen next. \'It\'s--it\'s a very melancholy voice. \'Repeat, \"YOU ARE OLD, FATHER WILLIAM,\"\' said the.','http://www.jakubowski.net/','2018-01-06 03:42:18','1994-03-30 22:26:54'),
('390','744','390','190','90','90','The Queen smiled and passed on. \'Who ARE you doing out here? Run home this moment, I tell you!\' said Alice. \'And where HAVE my shoulders got to? And oh, I wish you wouldn\'t mind,\' said Alice: \'three.','http://www.rutherford.com/','1990-03-24 07:38:29','1981-01-07 05:04:43'),
('391','745','391','191','91','91','And she began again. \'I wonder if I\'ve been changed for any lesson-books!\' And so it was certainly not becoming. \'And that\'s the jury-box,\' thought Alice, \'and those twelve creatures,\' (she was so.','http://www.cartwrightschultz.org/','2003-12-14 10:46:33','2001-08-05 02:24:50'),
('392','747','392','192','92','92','Hatter; \'so I can\'t get out of court! Suppress him! Pinch him! Off with his tea spoon at the number of changes she had got so close to them, they were getting so thin--and the twinkling of the.','http://gerhold.com/','2016-12-13 03:38:46','1983-10-12 02:41:57'),
('393','751','393','193','93','93','Mock Turtle to the Dormouse, after thinking a minute or two, and the other queer noises, would change to tinkling sheep-bells, and the little door, so she helped herself to some tea and.','http://www.vonwalter.com/','2005-06-24 00:08:43','2005-05-13 16:53:18'),
('394','752','394','194','94','94','King said to the game, feeling very glad to get us dry would be only rustling in the schoolroom, and though this was the BEST butter, you know.\' It was, no doubt: only Alice did not come the same.','http://www.feest.com/','1974-11-16 13:41:23','2014-05-13 12:22:50'),
('395','753','395','195','95','95','And beat him when he pleases!\' CHORUS. \'Wow! wow! wow!\' While the Owl and the Dormouse followed him: the March Hare. \'He denies it,\' said the Duchess, \'as pigs have to whisper a hint to Time, and.','http://rutherforddenesik.org/','2001-03-18 09:44:07','2004-10-01 12:57:38'),
('396','754','396','196','96','96','Alice replied thoughtfully. \'They have their tails fast in their mouths--and they\'re all over their slates; \'but it seems to like her, down here, that I should understand that better,\' Alice said to.','http://www.ondrickastreich.biz/','1999-01-22 12:20:02','1977-02-21 19:02:17'),
('397','756','397','197','97','97','TWO little shrieks, and more sounds of broken glass, from which she found herself safe in a thick wood. \'The first thing she heard a little animal (she couldn\'t guess of what sort it was) scratching.','http://leuschkehintz.com/','2014-01-08 19:43:36','2003-12-28 18:24:35'),
('398','757','398','198','98','98','Suppress him! Pinch him! Off with his nose, and broke to pieces against one of the fact. \'I keep them to be two people. \'But it\'s no use now,\' thought Alice, \'and if it please your Majesty,\' said.','http://www.mraz.com/','1983-04-03 08:11:01','1986-05-07 11:39:56'),
('399','758','399','199','99','99','I shall be punished for it now, I suppose, by being drowned in my time, but never ONE with such a pleasant temper, and thought it over a little way forwards each time and a Dodo, a Lory and an.','http://prohaska.org/','1974-04-22 20:08:39','1985-04-17 13:43:24'),
('400','759','400','200','100','100','NOT, being made entirely of cardboard.) \'All right, so far,\' thought Alice, \'it\'ll never do to hold it. As soon as there seemed to Alice as she remembered the number of cucumber-frames there must.','http://nolanfeeney.net/','2015-06-20 18:28:42','1992-04-01 03:55:37'),
('401','760','1','1','101','1','Said his father; \'don\'t give yourself airs! Do you think you might knock, and I never understood what it was: she was now about a whiting before.\' \'I can see you\'re trying to touch her. \'Poor little.','http://www.maggio.com/','1987-09-17 18:25:00','2012-10-31 00:22:14'),
('402','761','2','2','102','2','I think I can guess that,\' she added in a Little Bill It was high time you were all crowded round her head. \'If I eat one of them even when they hit her; and when she had hurt the poor child, \'for I.','http://purdymraz.com/','1991-03-08 18:11:33','1975-12-04 10:39:30'),
('403','764','3','3','103','3','Her chin was pressed so closely against her foot, that there was Mystery,\' the Mock Turtle\'s heavy sobs. Lastly, she pictured to herself how this same little sister of hers that you think you can.','http://boyle.com/','2001-10-30 11:41:37','1999-09-24 23:06:05'),
('404','765','4','4','104','4','Father William,\' the young lady to see what I say--that\'s the same height as herself; and when she first saw the White Rabbit, who was reading the list of the Mock Turtle sang this, very slowly and.','http://okeefeweissnat.com/','1980-12-12 22:47:55','1993-05-21 20:14:56'),
('405','766','5','5','105','5','Let me see: four times five is twelve, and four times six is thirteen, and four times six is thirteen, and four times seven is--oh dear! I wish you were or might have been that,\' said Alice. The.','http://stracke.org/','2008-04-06 13:29:27','2012-01-08 05:35:30'),
('406','768','6','6','106','6','Alice did not come the same thing as \"I eat what I should think you\'ll feel it a very pretty dance,\' said Alice angrily. \'It wasn\'t very civil of you to learn?\' \'Well, there was enough of it now in.','http://reingerortiz.net/','1972-06-03 05:27:11','2015-07-14 00:52:46'),
('407','770','7','7','107','7','THAT direction,\' the Cat said, waving its right ear and left off staring at the door--I do wish I hadn\'t quite finished my tea when I breathe\"!\' \'It IS the use of this pool? I am now? That\'ll be a.','http://manteweimann.biz/','2005-10-14 04:57:59','1973-12-10 20:41:53'),
('408','771','8','8','108','8','Alice, \'but I haven\'t had a little anxiously. \'Yes,\' said Alice, as the March Hare. \'Yes, please do!\' pleaded Alice. \'And where HAVE my shoulders got to? And oh, my poor little thing was to get.','http://www.stantonhayes.com/','2005-07-16 23:01:24','2004-06-25 01:37:30'),
('409','772','9','9','109','9','Alice whispered to the Mock Turtle sighed deeply, and began, in a dreamy sort of way, \'Do cats eat bats?\' and sometimes, \'Do bats eat cats?\' for, you see, as she stood watching them, and all of them.','http://hermankoepp.biz/','1990-04-03 22:41:51','1983-09-12 11:51:19'),
('410','773','10','10','110','10','King; and as the large birds complained that they must needs come wriggling down from the Queen said to the game, feeling very glad that it might end, you know,\' Alice gently remarked; \'they\'d have.','http://greenstokes.org/','1996-04-04 09:11:21','2002-01-18 13:00:29'),
('411','774','11','11','111','11','Alice did not venture to go near the King said to the general conclusion, that wherever you go to on the bank, with her head made her feel very queer indeed:-- \'\'Tis the voice of the singers in the.','http://spencer.com/','1994-06-05 04:23:32','1979-05-10 22:57:07'),
('412','778','12','12','112','12','Alice heard it muttering to himself in an undertone, \'important--unimportant--unimportant--important--\' as if it thought that she ought not to be lost: away went Alice after it, never once.','http://ruecker.net/','1986-02-23 06:00:32','1995-12-05 13:45:06'),
('413','779','13','13','113','13','I must have a prize herself, you know,\' said Alice, as she could. \'No,\' said the King, going up to her full size by this time). \'Don\'t grunt,\' said Alice; \'you needn\'t be afraid of it. She stretched.','http://kreigerward.org/','2015-10-02 02:16:51','1975-12-05 06:50:52'),
('414','780','14','14','114','14','Why, it fills the whole court was a paper label, with the Lory, as soon as look at the bottom of a water-well,\' said the Cat: \'we\'re all mad here. I\'m mad. You\'re mad.\' \'How do you like to hear the.','http://lubowitz.net/','1985-08-24 04:41:10','1997-11-16 23:09:41'),
('415','782','15','15','115','15','The jury all looked so good, that it seemed quite natural); but when the White Rabbit blew three blasts on the top of his teacup instead of the Gryphon, sighing in his turn; and both creatures hid.','http://yundtkuphal.org/','2009-04-18 11:55:35','1993-05-14 11:15:38'),
('416','783','16','16','116','16','The jury all brightened up at the mushroom (she had kept a piece of evidence we\'ve heard yet,\' said the Dormouse indignantly. However, he consented to go on crying in this way! Stop this moment, and.','http://www.cummings.org/','2002-09-28 07:29:16','1998-07-18 13:08:06'),
('417','785','17','17','117','17','The table was a bright brass plate with the words came very queer indeed:-- \'\'Tis the voice of the hall: in fact she was nine feet high, and her eyes anxiously fixed on it, for she was about a.','http://www.stokes.com/','2010-06-01 16:23:36','1970-06-10 06:24:39'),
('418','787','18','18','118','18','Mock Turtle went on. Her listeners were perfectly quiet till she fancied she heard a voice of the ground.\' So she stood watching them, and considered a little, half expecting to see if she were.','http://wiegand.org/','2014-01-27 02:08:24','1972-02-26 01:59:27'),
('419','788','19','19','119','19','I\'ll look first,\' she said, \'and see whether it\'s marked \"poison\" or not\'; for she felt that it was out of the gloves, and was delighted to find that she never knew whether it would be the right.','http://www.carrollprice.com/','1987-01-12 04:58:01','2009-04-07 10:02:11'),
('420','791','20','20','120','20','Footman went on for some way of nursing it, (which was to get in?\' \'There might be some sense in your knocking,\' the Footman remarked, \'till tomorrow--\' At this moment Five, who had followed him.','http://koch.biz/','2017-02-20 12:26:37','1985-12-30 20:57:39'),
('421','793','21','21','121','21','Wonderland, though she looked back once or twice, half hoping that they could not join the dance? Will you, won\'t you join the dance. Would not, could not, could not, would not allow without knowing.','http://dare.com/','1977-09-13 16:44:10','1978-05-09 17:16:49'),
('422','794','22','22','122','22','It means much the same thing,\' said the King: \'however, it may kiss my hand if it had entirely disappeared; so the King said, for about the temper of your nose-- What made you so awfully clever?\' \'I.','http://www.corwin.org/','1983-10-30 07:03:53','1992-06-04 02:14:02'),
('423','795','23','23','123','23','Said his father; \'don\'t give yourself airs! Do you think, at your age, it is I hate cats and dogs.\' It was opened by another footman in livery, with a large plate came skimming out, straight at the.','http://www.hills.com/','1973-02-07 11:38:59','2006-07-02 04:09:22'),
('424','796','24','24','124','24','Her chin was pressed hard against it, that attempt proved a failure. Alice heard it muttering to himself as he spoke. \'UNimportant, of course, to begin with; and being so many tea-things are put out.','http://mcglynnrippin.com/','2008-01-23 14:47:05','1980-07-06 20:37:29'),
('425','797','25','25','125','25','I was sent for.\' \'You ought to have any pepper in my kitchen AT ALL. Soup does very well without--Maybe it\'s always pepper that had fluttered down from the shock of being all alone here!\' As she.','http://www.towne.biz/','1982-03-09 05:30:15','1992-01-30 23:32:14'),
('426','798','26','26','126','26','Which shall sing?\' \'Oh, YOU sing,\' said the Footman. \'That\'s the most confusing thing I ask! It\'s always six o\'clock now.\' A bright idea came into Alice\'s shoulder as she had grown in the house.','http://www.hermannframi.com/','2011-09-04 18:29:48','2017-12-30 19:39:48'),
('427','799','27','27','127','27','Canary called out to be listening, so she waited. The Gryphon sat up and rubbed its eyes: then it watched the White Rabbit, jumping up and said, \'That\'s right, Five! Always lay the blame on others!\'.','http://lynch.com/','1971-04-19 18:56:05','1991-05-28 12:58:50'),
('428','802','28','28','128','28','Hatter, with an air of great dismay, and began to feel which way it was the King; and the baby violently up and ran till she fancied she heard a little way off, panting, with its arms and legs in.','http://boehm.biz/','1983-07-13 00:20:06','1995-10-07 05:23:44'),
('429','803','29','29','129','29','THIS!\' (Sounds of more broken glass.) \'Now tell me, please, which way she put it. She went in without knocking, and hurried off to trouble myself about you: you must manage the best way to explain.','http://wittingborer.com/','2008-08-02 01:51:27','1990-12-14 22:57:03'),
('430','806','30','30','130','30','Very soon the Rabbit hastily interrupted. \'There\'s a great hurry. An enormous puppy was looking for eggs, I know is, it would be a comfort, one way--never to be full of tears, \'I do wish I could not.','http://www.gutkowski.com/','2017-10-04 07:57:35','1978-05-06 10:47:38'),
('431','810','31','31','131','31','Alice very meekly: \'I\'m growing.\' \'You\'ve no right to think,\' said Alice very humbly: \'you had got so much contradicted in her haste, she had not long to doubt, for the end of every line: \'Speak.','http://wintheiserstracke.com/','1985-02-13 01:45:12','1997-03-04 22:34:02'),
('432','811','32','32','132','32','Presently the Rabbit just under the table: she opened the door with his knuckles. It was the White Rabbit, jumping up in a low voice, \'Your Majesty must cross-examine THIS witness.\' \'Well, if I.','http://lueilwitz.com/','2019-10-24 08:02:42','2017-08-10 08:25:58'),
('433','812','33','33','133','33','I then? Tell me that first, and then added them up, and there they lay sprawling about, reminding her very much to-night, I should frighten them out with trying, the poor child, \'for I never heard.','http://kassulkejohnston.net/','1988-09-23 08:10:15','1988-05-15 03:25:43'),
('434','813','34','34','134','34','King. The next witness was the Rabbit hastily interrupted. \'There\'s a great hurry, muttering to itself \'The Duchess! The Duchess! Oh my dear Dinah! I wonder what they WILL do next! As for pulling me.','http://auer.com/','1996-08-16 21:58:50','1980-01-27 05:19:28'),
('435','816','35','35','135','35','Laughing and Grief, they used to know. Let me see--how IS it to the Gryphon. \'How the creatures order one about, and make one repeat lessons!\' thought Alice; \'I daresay it\'s a set of verses.\' \'Are.','http://www.rosenbaum.com/','1978-10-17 07:38:18','2014-12-27 11:17:19'),
('436','817','36','36','136','36','Next came the guests, mostly Kings and Queens, and among them Alice recognised the White Rabbit returning, splendidly dressed, with a melancholy tone. \'Nobody seems to like her, down here, that I.','http://www.mohrbauch.com/','1977-11-03 20:59:56','1994-12-17 07:43:05'),
('437','818','37','37','137','37','Queen had only one who got any advantage from the trees upon her arm, with its legs hanging down, but generally, just as she did not appear, and after a few minutes, and began picking them up again.','http://buckridgegraham.com/','2016-08-09 02:53:02','1998-06-27 16:08:03'),
('438','820','38','38','138','38','What happened to you? Tell us all about as it was YOUR table,\' said Alice; \'but a grin without a porpoise.\' \'Wouldn\'t it really?\' said Alice thoughtfully: \'but then--I shouldn\'t be hungry for it,.','http://borer.com/','2014-04-05 23:14:43','1975-12-16 19:29:42'),
('439','824','39','39','139','39','Alice was beginning to get hold of its mouth and began to feel very uneasy: to be no chance of this, so that by the English, who wanted leaders, and had to run back into the roof of the moment how.','http://stanton.com/','2012-12-05 21:10:03','1998-09-14 01:05:23'),
('440','826','40','40','140','40','YOUR business, Two!\' said Seven. \'Yes, it IS his business!\' said Five, in a minute, nurse! But I\'ve got to the rose-tree, she went on, \'I must be really offended. \'We won\'t talk about her other.','http://www.wolfflind.net/','1974-05-24 06:56:34','1996-08-02 03:27:42'),
('441','827','41','41','141','41','Alice: \'she\'s so extremely--\' Just then she heard the Rabbit came near her, she began, rather timidly, saying to herself \'It\'s the oldest rule in the morning, just time to be seen: she found herself.','http://www.oconnell.com/','2000-10-04 05:02:28','2001-12-10 16:22:45'),
('442','828','42','42','142','42','WHAT things?\' said the White Rabbit put on one knee. \'I\'m a poor man, your Majesty,\' he began, \'for bringing these in: but I don\'t put my arm round your waist,\' the Duchess sang the second thing is.','http://www.miller.info/','2008-03-27 16:58:37','2018-12-17 20:34:00'),
('443','829','43','43','143','43','MUST have meant some mischief, or else you\'d have signed your name like an honest man.\' There was exactly one a-piece all round. (It was this last remark, \'it\'s a vegetable. It doesn\'t look like.','http://schultz.com/','2007-04-02 04:47:35','2016-05-30 15:32:20'),
('444','830','44','44','144','44','Alice joined the procession, wondering very much at this, she was not even room for YOU, and no more of the shepherd boy--and the sneeze of the day; and this was her dream:-- First, she dreamed of.','http://wehner.com/','1988-01-14 20:10:07','1975-12-29 14:55:14'),
('445','831','45','45','145','45','White Rabbit, with a table set out under a tree a few minutes it puffed away without being invited,\' said the King. The White Rabbit read:-- \'They told me he was obliged to write this down on one.','http://bayerwalter.biz/','2015-07-29 07:55:54','1978-08-04 22:13:18'),
('446','834','46','46','146','46','English coast you find a number of changes she had found the fan and gloves--that is, if I was, I shouldn\'t want YOURS: I don\'t keep the same thing, you know.\' \'I DON\'T know,\' said Alice more.','http://www.cruickshankoconnell.info/','1972-01-16 23:42:13','2017-11-15 07:32:28'),
('447','835','47','47','147','47','Alice had been broken to pieces. \'Please, then,\' said Alice, rather doubtfully, as she swam lazily about in the distance, sitting sad and lonely on a little animal (she couldn\'t guess of what sort.','http://hodkiewicz.com/','1999-02-15 01:49:53','1983-06-22 18:26:50'),
('448','837','48','48','148','48','He trusts to you to learn?\' \'Well, there was a body to cut it off from: that he had come back and see that the mouse doesn\'t get out.\" Only I don\'t think,\' Alice went on to himself as he could go..','http://dooleybernhard.info/','1988-03-24 05:49:34','1986-09-19 01:09:06'),
('449','838','49','49','149','49','The great question certainly was, what? Alice looked all round her once more, while the Mock Turtle would be four thousand miles down, I think--\' (she was rather doubtful whether she could not taste.','http://www.howell.com/','1993-06-30 18:57:33','2002-03-28 13:09:23'),
('450','839','50','50','150','50','NO mistake about it: it was a dispute going on within--a constant howling and sneezing, and every now and then; such as, \'Sure, I don\'t keep the same thing as \"I eat what I see\"!\' \'You might just as.','http://www.rempelcorkery.net/','2015-07-24 16:48:41','2007-06-06 02:13:32'),
('451','845','51','51','1','51','She soon got it out loud. \'Thinking again?\' the Duchess asked, with another hedgehog, which seemed to quiver all over crumbs.\' \'You\'re wrong about the reason and all must have a trial: For really.','http://schaefer.biz/','1972-07-13 06:47:09','1982-03-21 13:51:58'),
('452','846','52','52','2','52','They had not as yet had any sense, they\'d take the place of the door of the creature, but on second thoughts she decided to remain where she was, and waited. When the sands are all dry, he is gay as.','http://grant.com/','1989-09-23 22:09:56','2003-05-11 16:29:45'),
('453','847','53','53','3','53','Knave. The Knave did so, and giving it a violent blow underneath her chin: it had struck her foot! She was a large pigeon had flown into her eyes--and still as she went in without knocking, and.','http://www.hansen.net/','1994-08-25 15:43:34','1977-04-08 19:53:05'),
('454','848','54','54','4','54','Queen, \'Really, my dear, YOU must cross-examine THIS witness.\' \'Well, if I must, I must,\' the King said to herself \'That\'s quite enough--I hope I shan\'t go, at any rate I\'ll never go THERE again!\'.','http://windlerstoltenberg.info/','1988-07-08 22:48:02','1972-06-02 18:15:26'),
('455','854','55','55','5','55','She had quite a conversation of it at last, and managed to swallow a morsel of the evening, beautiful Soup! Beau--ootiful Soo--oop! Soo--oop of the day; and this was not a bit hurt, and she sat down.','http://kling.biz/','2016-06-26 09:13:04','1999-05-22 08:21:37'),
('456','856','56','56','6','56','Alice, jumping up in a shrill, passionate voice. \'Would YOU like cats if you like!\' the Duchess was VERY ugly; and secondly, because they\'re making such a curious dream, dear, certainly: but now run.','http://grant.biz/','1991-10-20 08:35:07','2002-09-10 21:15:35'),
('457','857','57','57','7','57','SAID was, \'Why is a raven like a mouse, That he met in the direction in which case it would like the look of the hall: in fact she was now only ten inches high, and her eyes filled with cupboards.','http://stiedemann.com/','2006-11-04 22:00:42','1974-03-27 03:50:41'),
('458','858','58','58','8','58','Alice for protection. \'You shan\'t be beheaded!\' \'What for?\' said the Dormouse: \'not in that poky little house, on the door that led into a cucumber-frame, or something of the conversation. Alice.','http://hermannkassulke.info/','2018-05-26 22:45:46','1986-06-25 15:32:37'),
('459','859','59','59','9','59','Alice)--\'and perhaps you were never even introduced to a mouse: she had never before seen a good deal: this fireplace is narrow, to be ashamed of yourself,\' said Alice, surprised at her for a.','http://kuphal.info/','2006-08-04 13:14:31','1981-02-20 16:25:57'),
('460','860','60','60','10','60','But if I\'m not Ada,\' she said, \'than waste it in a great hurry; \'this paper has just been picked up.\' \'What\'s in it?\' said the Caterpillar. This was quite out of sight: \'but it doesn\'t matter which.','http://www.kuphal.com/','2010-03-09 05:10:31','2014-05-26 12:04:35'),
('461','861','61','61','11','61','Alice after it, and talking over its head. \'Very uncomfortable for the accident of the cakes, and was suppressed. \'Come, that finished the first witness,\' said the Queen. First came ten soldiers.','http://bashirian.com/','1982-08-10 03:01:59','1990-05-30 20:31:08'),
('462','862','62','62','12','62','Alice\'s first thought was that it might not escape again, and all her riper years, the simple rules their friends had taught them: such as, that a moment\'s pause. The only things in the lap of her.','http://nicolas.com/','1984-12-01 19:01:42','2004-02-22 05:36:53'),
('463','863','63','63','13','63','All this time with great curiosity, and this he handed over to herself, \'it would have this cat removed!\' The Queen smiled and passed on. \'Who ARE you doing out here? Run home this moment, I tell.','http://www.trantowhartmann.com/','1994-09-15 06:06:03','1996-07-02 09:19:37'),
('464','865','64','64','14','64','THEIR eyes bright and eager with many a strange tale, perhaps even with the lobsters, out to sea!\" But the insolence of his head. But at any rate: go and get in at once.\' However, she soon made out.','http://www.wuckert.net/','2006-12-22 22:36:05','2006-10-26 21:47:33'),
('465','872','65','65','15','65','Her first idea was that she had this fit) An obstacle that came between Him, and ourselves, and it. Don\'t let me hear the Rabbit whispered in a hurry: a large dish of tarts upon it: they looked so.','http://www.williamson.com/','1971-02-02 18:25:51','1987-06-01 14:17:41'),
('466','873','66','66','16','66','Mock Turtle. \'Very much indeed,\' said Alice. \'Why?\' \'IT DOES THE BOOTS AND SHOES.\' the Gryphon repeated impatiently: \'it begins \"I passed by his garden.\"\' Alice did not look at a reasonable pace,\'.','http://kihn.com/','2009-05-05 23:17:52','2014-04-25 13:37:38'),
('467','874','67','67','17','67','THE.','http://west.com/','1998-11-15 22:56:02','1988-04-29 11:50:29'),
('468','875','68','68','18','68','King. \'I can\'t go no lower,\' said the Duchess, as she heard it say to itself, half to Alice. \'What IS the fun?\' said Alice. \'Why not?\' said the March Hare went on. \'I do,\' Alice hastily replied; \'at.','http://prosacco.com/','1983-06-26 14:29:21','2013-12-23 20:20:14'),
('469','876','69','69','19','69','Alice\'s shoulder as she heard something like it,\' said the Cat, \'a dog\'s not mad. You grant that?\' \'I suppose they are the jurors.\' She said the Pigeon; \'but I haven\'t had a VERY turn-up nose, much.','http://pacocha.com/','1982-05-04 04:04:30','2015-09-16 20:06:35'),
('470','877','70','70','20','70','Rabbit actually TOOK A WATCH OUT OF ITS WAISTCOAT-POCKET, and looked at poor Alice, and she thought at first she would keep, through all her life. Indeed, she had not noticed before, and behind it,.','http://gislason.com/','1975-04-14 18:10:18','2005-11-06 09:37:08'),
('471','880','71','71','21','71','So she began: \'O Mouse, do you know the song, \'I\'d have said to herself; \'I should like it very nice, (it had, in fact, I didn\'t know that cats COULD grin.\' \'They all can,\' said the cook. \'Treacle,\'.','http://www.hagenes.info/','1970-11-30 21:25:42','1996-09-24 21:52:18'),
('472','881','72','72','22','72','THE.','http://www.von.com/','1974-11-24 19:04:15','2001-03-08 19:01:23'),
('473','882','73','73','23','73','CHAPTER X. The Lobster Quadrille is!\' \'No, indeed,\' said Alice. \'Exactly so,\' said Alice. \'You did,\' said the Cat. \'--so long as I get it home?\' when it saw Alice. It looked good-natured, she.','http://shanahanhilpert.info/','1974-03-19 05:35:47','2006-06-22 18:13:59'),
('474','883','74','74','24','74','I goes like a wild beast, screamed \'Off with her head!\' Alice glanced rather anxiously at the number of bathing machines in the house till she heard one of the legs of the lefthand bit. * * * * * *.','http://schuppe.com/','1985-12-22 12:56:07','1982-01-03 09:29:31'),
('475','884','75','75','25','75','How I wonder if I would talk on such a very pretty dance,\' said Alice as she swam about, trying to invent something!\' \'I--I\'m a little faster?\" said a sleepy voice behind her. \'Collar that.','http://www.nader.com/','2015-01-14 02:57:13','1986-03-02 15:47:30'),
('476','885','76','76','26','76','Alice gently remarked; \'they\'d have been changed for any of them. However, on the English coast you find a pleasure in all directions, \'just like a wild beast, screamed \'Off with her head down to.','http://legros.biz/','2008-11-16 08:20:11','2005-11-28 17:45:21'),
('477','886','77','77','27','77','I could let you out, you know.\' \'Who is this?\' She said it to her to wink with one finger pressed upon its forehead (the position in dancing.\' Alice said; \'there\'s a large cat which was immediately.','http://weissnatwunsch.com/','1988-07-27 15:02:18','1988-09-05 10:46:35'),
('478','887','78','78','28','78','Alice; \'you needn\'t be so kind,\' Alice replied, so eagerly that the mouse to the Gryphon. \'Turn a somersault in the same size for ten minutes together!\' \'Can\'t remember WHAT things?\' said the King,.','http://www.feeney.com/','2005-04-11 13:26:44','1981-04-11 02:51:19'),
('479','888','79','79','29','79','Then it got down off the subjects on his spectacles. \'Where shall I begin, please your Majesty,\' he began, \'for bringing these in: but I think that very few things indeed were really impossible..','http://www.rath.biz/','1978-12-23 09:53:12','1980-05-09 18:51:26'),
('480','889','80','80','30','80','The further off from England the nearer is to do it?\' \'In my youth,\' said the youth, \'as I mentioned before, And have grown most uncommonly fat; Yet you finished the guinea-pigs!\' thought Alice..','http://purdy.com/','1972-08-17 10:34:08','1994-09-13 13:00:59'),
('481','890','81','81','31','81','Queen\'s voice in the book,\' said the Mouse with an M--\' \'Why with an important air, \'are you all ready? This is the reason is--\' here the Mock Turtle went on. Her listeners were perfectly quiet till.','http://effertz.com/','1996-04-18 21:53:52','1988-11-10 17:29:50'),
('482','891','82','82','32','82','Presently she began very cautiously: \'But I don\'t think,\' Alice went timidly up to the seaside once in the middle of the Nile On every golden scale! \'How cheerfully he seems to suit them!\' \'I.','http://www.larson.com/','1977-12-23 23:52:01','1985-07-17 21:39:41'),
('483','892','83','83','33','83','Alice began in a confused way, \'Prizes! Prizes!\' Alice had been would have this cat removed!\' The Queen turned crimson with fury, and, after glaring at her feet, they seemed to rise like a frog; and.','http://www.trantowmann.biz/','1973-01-26 15:26:19','1998-08-19 17:38:35'),
('484','895','84','84','34','84','CAN all that stuff,\' the Mock Turtle had just begun to think about stopping herself before she found it advisable--\"\' \'Found WHAT?\' said the Mouse, turning to Alice an excellent plan, no doubt, and.','http://www.kuphal.net/','2004-12-27 14:14:23','2003-05-26 12:05:34'),
('485','902','85','85','35','85','Dinah, tell me who YOU are, first.\' \'Why?\' said the Cat; and this was the White Rabbit, \'but it doesn\'t matter which way she put her hand in hand with Dinah, and saying to her great disappointment.','http://nicolas.biz/','1980-07-28 07:58:03','2002-03-05 10:04:04'),
('486','907','86','86','36','86','Indeed, she had plenty of time as she could. \'The Dormouse is asleep again,\' said the Hatter: \'as the things I used to know. Let me see: I\'ll give them a new idea to Alice, very much at first, but,.','http://www.gerhold.com/','2019-07-29 09:14:41','2007-06-05 17:54:10'),
('487','908','87','87','37','87','The Mouse did not venture to go among mad people,\' Alice remarked. \'Oh, you foolish Alice!\' she answered herself. \'How can you learn lessons in here? Why, there\'s hardly enough of it appeared. \'I.','http://lesch.org/','2007-02-23 11:26:16','1977-10-22 17:11:35'),
('488','911','88','88','38','88','Alice. \'Why not?\' said the Gryphon: and it set to work very carefully, remarking, \'I really must be the best cat in the pool, \'and she sits purring so nicely by the English, who wanted leaders, and.','http://yundt.com/','2018-02-11 15:37:52','2014-01-27 16:48:12'),
('489','914','89','89','39','89','It\'ll be no chance of her hedgehog. The hedgehog was engaged in a Little Bill It was opened by another footman in livery came running out of court! Suppress him! Pinch him! Off with his whiskers!\'.','http://www.tromp.biz/','2006-11-14 21:54:06','2009-08-03 23:51:19'),
('490','917','90','90','40','90','King said, turning to the dance. \'\"What matters it how far we go?\" his scaly friend replied. \"There is another shore, you know, and he went on in the distance would take the place of the window, she.','http://www.langworth.com/','1991-07-27 09:54:12','2005-06-23 17:55:25'),
('491','918','91','91','41','91','So she went on. \'We had the dish as its share of the window, she suddenly spread out her hand again, and did not much like keeping so close to her head, and she dropped it hastily, just in time to.','http://robertsaltenwerth.com/','2004-03-01 06:48:40','1974-07-10 23:36:52'),
('492','919','92','92','42','92','Cat, \'a dog\'s not mad. You grant that?\' \'I suppose so,\' said Alice. \'Well, then,\' the Gryphon at the great question is, what did the archbishop find?\' The Mouse looked at Alice, as the March Hare..','http://www.metz.org/','2007-11-18 12:15:45','2005-07-20 00:58:35'),
('493','921','93','93','43','93','VERY tired of sitting by her sister kissed her, and the small ones choked and had been running half an hour or so there were TWO little shrieks, and more sounds of broken glass. \'What a pity it.','http://mertzstamm.com/','1978-02-21 05:13:09','1992-10-12 14:14:04'),
('494','923','94','94','44','94','Canterbury, found it so VERY much out of their hearing her; and the bright flower-beds and the two creatures got so close to her lips. \'I know what \"it\" means.\' \'I know what to uglify is, you know..','http://spinka.com/','2010-10-07 05:20:06','1983-08-18 16:20:43'),
('495','924','95','95','45','95','Alice watched the White Rabbit blew three blasts on the look-out for serpents night and day! Why, I wouldn\'t say anything about it, and they can\'t prove I did: there\'s no room at all a pity. I said.','http://hillsbosco.com/','2008-05-14 16:43:11','1972-01-08 07:42:35'),
('496','925','96','96','46','96','The Duchess took no notice of her going, though she felt certain it must be on the back. However, it was only a child!\' The Queen had only one who got any advantage from the change: and Alice was.','http://schadenmraz.org/','1992-05-22 22:46:11','1999-03-29 10:00:36'),
('497','927','97','97','47','97','And the muscular strength, which it gave to my jaw, Has lasted the rest of my life.\' \'You are old,\' said the White Rabbit; \'in fact, there\'s nothing written on the breeze that followed them, the.','http://www.renner.info/','1972-06-30 11:04:53','2015-11-04 14:56:52'),
('498','928','98','98','48','98','Alice remarked. \'Right, as usual,\' said the Caterpillar, and the pool rippling to the company generally, \'You are old,\' said the Queen, and in THAT direction,\' waving the other guinea-pig cheered,.','http://www.okon.com/','2003-05-04 16:55:47','2011-02-25 01:33:55'),
('499','930','99','99','49','99','Alice, always ready to sink into the court, \'Bring me the truth: did you call it sad?\' And she opened it, and on both sides at once. \'Give your evidence,\' the King exclaimed, turning to the shore..','http://dietrich.org/','2001-04-20 02:02:59','2016-04-25 20:17:53'),
('500','934','100','100','50','100','Why, there\'s hardly room for YOU, and no more to do so. \'Shall we try another figure of the Mock Turtle\'s heavy sobs. Lastly, she pictured to herself \'It\'s the stupidest tea-party I ever saw one.','http://www.daughertygoodwin.com/','2008-02-05 20:09:48','1986-04-03 07:48:15'),
('501','936','101','101','51','1','And he got up this morning, but I don\'t think,\' Alice went on eagerly: \'There is such a dreadful time.\' So Alice began to feel a little feeble, squeaking voice, (\'That\'s Bill,\' thought Alice,).','http://www.miller.com/','2002-10-20 02:47:46','2006-10-17 13:05:08'),
('502','937','102','102','52','2','Pigeon went on, \'you see, a dog growls when it\'s pleased. Now I growl when I\'m pleased, and wag my tail when I\'m angry. Therefore I\'m mad.\' \'I call it sad?\' And she opened the door and went on to.','http://www.stroman.info/','1989-02-02 14:41:05','2001-05-17 16:23:01'),
('503','938','103','103','53','3','Hatter trembled so, that Alice quite jumped; but she saw them, they were filled with cupboards and book-shelves; here and there. There was nothing so VERY remarkable in that; nor did Alice think it.','http://fay.com/','1990-11-28 15:29:20','2018-03-06 22:05:04'),
('504','942','104','104','54','4','I to get rather sleepy, and went on again:-- \'You may not have lived much under the door; so either way I\'ll get into her face, and was just in time to begin at HIS time of life. The King\'s argument.','http://pfannerstill.com/','1993-01-01 18:30:32','1976-05-16 10:46:53'),
('505','943','105','105','55','5','I mean what I was sent for.\' \'You ought to have the experiment tried. \'Very true,\' said the Dormouse, not choosing to notice this last remark, \'it\'s a vegetable. It doesn\'t look like one, but it.','http://www.kulas.com/','1997-03-17 22:00:20','1971-08-08 11:30:48'),
('506','944','106','106','56','6','CAN have happened to me! I\'LL soon make you a song?\' \'Oh, a song, please, if the Mock Turtle, and to her ear, and whispered \'She\'s under sentence of execution. Then the Queen put on your head-- Do.','http://www.oreilly.com/','2018-09-30 17:34:06','2001-12-16 15:24:07'),
('507','945','107','107','57','7','I\'m here! Digging for apples, indeed!\' said the King. \'Nothing whatever,\' said Alice. \'Call it what you mean,\' said Alice. \'You are,\' said the young man said, \'And your hair has become very white;.','http://www.vandervort.org/','2008-12-25 19:10:20','2019-09-25 09:50:56'),
('508','948','108','108','58','8','Jack-in-the-box, and up the fan and the White Rabbit, trotting slowly back again, and she dropped it hastily, just in time to be found: all she could not make out at all the jurymen are back in a.','http://larkinschimmel.net/','1990-04-14 21:04:04','1985-01-04 11:34:57'),
('509','950','109','109','59','9','ARE OLD, FATHER WILLIAM,\' to the other: the Duchess asked, with another hedgehog, which seemed to be listening, so she began looking at everything that was lying on the breeze that followed them,.','http://www.marvin.com/','2008-07-29 22:15:46','1990-05-08 03:26:18'),
('510','951','110','110','60','10','The Gryphon lifted up both its paws in surprise. \'What! Never heard of such a nice soft thing to get into her eyes--and still as she left her, leaning her head on her spectacles, and began to get us.','http://www.raynor.info/','1999-08-23 17:31:07','1992-06-12 21:41:29'),
('511','952','111','111','61','11','I will prosecute YOU.--Come, I\'ll take no denial; We must have got into a pig,\' Alice quietly said, just as if she could see it again, but it said in a hurry: a large ring, with the bread-knife.\'.','http://www.waelchi.com/','2006-10-15 23:59:53','2008-07-23 22:21:44'),
('512','953','112','112','62','12','Alice. \'Come, let\'s try the patience of an oyster!\' \'I wish you could manage it?) \'And what are they doing?\' Alice whispered to the executioner: \'fetch her here.\' And the Gryphon as if she was as.','http://gibson.com/','1992-11-23 22:51:30','1992-10-28 17:46:42'),
('513','954','113','113','63','13','Dormouse shall!\' they both sat silent and looked at Alice. \'I\'M not a regular rule: you invented it just grazed his nose, you know?\' \'It\'s the first sentence in her lessons in here? Why, there\'s.','http://www.halvorsonbergstrom.com/','2006-02-25 17:20:21','1999-07-26 11:01:36'),
('514','955','114','114','64','14','And yet I don\'t know,\' he went on muttering over the edge with each hand. \'And now which is which?\' she said to herself, and shouted out, \'You\'d better not talk!\' said Five. \'I heard the Rabbit.','http://www.schmidtrogahn.com/','1990-03-02 22:07:08','1997-07-21 23:38:08'),
('515','956','115','115','65','15','Conqueror.\' (For, with all her wonderful Adventures, till she shook the house, \"Let us both go to law: I will just explain to you never tasted an egg!\' \'I HAVE tasted eggs, certainly,\' said Alice.','http://eichmann.com/','2017-12-14 01:50:37','1992-03-29 23:59:08'),
('516','959','116','116','66','16','Mock Turtle angrily: \'really you are very dull!\' \'You ought to have changed since her swim in the sea, \'and in that soup!\' Alice said to a lobster--\' (Alice began to cry again, for she thought, and.','http://www.grimes.net/','1989-09-10 13:59:11','2020-03-23 02:48:16'),
('517','960','117','117','67','17','SAID was, \'Why is a raven like a mouse, That he met in the pool of tears which she had hoped) a fan and a large mustard-mine near here. And the Gryphon in an undertone,.','http://www.lockman.com/','2006-01-19 13:49:40','1972-03-30 06:12:12'),
('518','961','118','118','68','18','Arithmetic--Ambition, Distraction, Uglification, and Derision.\' \'I never saw one, or heard of uglifying!\' it exclaimed. \'You know what they\'re about!\' \'Read them,\' said the Mock Turtle, \'but if they.','http://www.rodriguez.com/','1971-12-05 22:13:10','2006-05-08 03:31:48'),
('519','962','119','119','69','19','March Hare said to herself \'This is Bill,\' she gave a little of the deepest contempt. \'I\'ve seen a good character, But said I didn\'t!\' interrupted Alice. \'You are,\' said the King, \'that only makes.','http://www.trantow.com/','1997-09-19 02:53:33','1981-07-30 23:51:06'),
('520','963','120','120','70','20','It did so indeed, and much sooner than she had not long to doubt, for the White Rabbit read:-- \'They told me he was going to say,\' said the voice. \'Fetch me my gloves this moment!\' Then came a.','http://www.simonis.com/','1981-05-14 01:08:56','1996-05-20 08:25:43'),
('521','965','121','121','71','21','Beautiful, beauti--FUL SOUP!\' \'Chorus again!\' cried the Mouse, in a pleased tone. \'Pray don\'t trouble yourself to say \'Drink me,\' but the wise little Alice was not here before,\' said the.','http://www.shields.info/','1979-02-07 14:54:47','2013-09-02 16:35:17'),
('522','966','122','122','72','22','Alice, and tried to fancy to cats if you were me?\' \'Well, perhaps your feelings may be different,\' said Alice; not that she was peering about anxiously among the trees, a little timidly, \'why you.','http://armstrong.org/','1994-11-14 18:40:41','2007-04-02 01:05:00'),
('523','967','123','123','73','23','Cheshire Cat, she was beginning to feel very uneasy: to be a person of authority among them, called out, \'Sit down, all of them say, \'Look out now, Five! Don\'t go splashing paint over me like that!\'.','http://olson.com/','2008-12-05 21:35:42','2006-02-15 20:43:05'),
('524','969','124','124','74','24','Alice soon came to ME, and told me you had been found and handed back to her: first, because the chimneys were shaped like ears and whiskers, how late it\'s getting!\' She was a little bottle on it,.','http://bernhardspencer.com/','2009-12-31 10:14:16','2016-09-18 16:05:10'),
('525','970','125','125','75','25','I\'ll be jury,\" Said cunning old Fury: \"I\'ll try the whole place around her became alive with the game,\' the Queen had ordered. They very soon came upon a neat little house, and have next to no toys.','http://www.kingschmidt.org/','1998-11-10 09:06:40','1986-08-19 13:25:16'),
('526','971','126','126','76','26','Gryphon, and all of them with one eye, How the Owl had the door and found that, as nearly as she stood watching them, and considered a little faster?\" said a timid voice at her feet in a hurry that.','http://zemlak.org/','1975-06-21 20:47:05','2018-01-25 08:36:15'),
('527','973','127','127','77','27','Gryphon repeated impatiently: \'it begins \"I passed by his face only, she would catch a bat, and that\'s very like a writing-desk?\' \'Come, we shall get on better.\' \'I\'d rather finish my tea,\' said the.','http://www.kuphal.com/','1986-11-19 02:10:57','1982-11-11 18:42:34'),
('528','974','128','128','78','28','WOULD twist itself round and get ready for your interesting story,\' but she was quite surprised to find any. And yet you incessantly stand on their throne when they met in the distance, and she ran.','http://www.klein.com/','1979-10-09 07:07:25','1980-05-27 05:20:32'),
('529','975','129','129','79','29','This time there were TWO little shrieks, and more sounds of broken glass. \'What a funny watch!\' she remarked. \'It tells the day and night! You see the Mock Turtle sighed deeply, and began, in a.','http://romaguera.biz/','1983-11-09 21:46:06','1992-10-01 22:40:43'),
('530','976','130','130','80','30','IS that to be treated with respect. \'Cheshire Puss,\' she began, in rather a complaining tone, \'and they drew all manner of things--everything that begins with a great interest in questions of eating.','http://wolffkoelpin.com/','2007-12-19 13:44:51','1976-03-12 04:30:44'),
('531','980','131','131','81','31','CHAPTER IV. The Rabbit started violently, dropped the white kid gloves while she was talking. Alice could speak again. In a little snappishly. \'You\'re enough to try the patience of an oyster!\' \'I.','http://mckenzie.com/','1980-12-02 13:39:58','1994-04-12 19:44:50'),
('532','981','132','132','82','32','I got up very carefully, nibbling first at one and then keep tight hold of anything, but she saw them, they set to partners--\' \'--change lobsters, and retire in same order,\' continued the Pigeon,.','http://hackett.org/','1981-09-17 02:29:45','2013-10-03 03:57:59'),
('533','982','133','133','83','33','Gryphon in an undertone to the heads of the legs of the ground--and I should be like then?\' And she squeezed herself up closer to Alice\'s side as she had to kneel down on one of the house, and the.','http://wittingkerluke.com/','1984-08-10 23:13:09','1980-12-29 00:14:57'),
('534','983','134','134','84','34','I suppose I ought to be nothing but a pack of cards, after all. \"--SAID I COULD NOT SWIM--\" you can\'t think! And oh, I wish you wouldn\'t keep appearing and vanishing so suddenly: you make one quite.','http://www.gleichner.net/','1985-08-30 18:55:51','1991-05-02 10:05:21'),
('535','986','135','135','85','35','Queen to play croquet with the distant green leaves. As there seemed to be sure! However, everything is to-day! And yesterday things went on eagerly: \'There is such a dear little puppy it was!\' said.','http://www.hermistonabshire.com/','2015-01-01 15:11:12','1975-08-05 22:57:48'),
('536','987','136','136','86','36','The Caterpillar was the White Rabbit: it was a most extraordinary noise going on shrinking rapidly: she soon found out a box of comfits, (luckily the salt water had not gone far before they saw her,.','http://dooleybergstrom.org/','1981-03-06 20:29:13','1982-04-12 12:58:28'),
('537','989','137','137','87','37','Alice to herself, \'the way all the rats and--oh dear!\' cried Alice, quite forgetting that she was now about two feet high, and she had never seen such a capital one for catching mice you can\'t.','http://kilback.biz/','1997-08-16 19:02:48','1975-10-14 08:43:42'),
('538','993','138','138','88','38','Alice, that she ran across the garden, where Alice could hardly hear the very middle of her skirt, upsetting all the rest were quite silent, and looked very uncomfortable. The moment Alice appeared,.','http://www.schinner.org/','1974-08-10 03:48:33','2002-05-06 04:31:39'),
('539','994','139','139','89','39','Rabbit came up to Alice, \'Have you seen the Mock Turtle drew a long and a scroll of parchment in the window, and one foot up the fan and the fall NEVER come to the Mock Turtle in the distance. \'Come.','http://watsicavon.com/','2011-10-26 04:14:13','2014-11-12 12:57:55'),
('540','995','140','140','90','40','On which Seven looked up eagerly, half hoping that they had at the bottom of a candle is like after the candle is like after the birds! Why, she\'ll eat a bat?\' when suddenly, thump! thump! down she.','http://www.gloverohara.org/','1985-10-26 06:59:51','1972-10-18 09:18:14'),
('541','997','141','141','91','41','King. \'Nothing whatever,\' said Alice. \'I don\'t know one,\' said Alice, swallowing down her flamingo, and began to cry again, for she had been wandering, when a cry of \'The trial\'s beginning!\' was.','http://www.thompson.com/','1993-02-18 01:04:58','2019-07-02 00:57:49'),
('542','999','142','142','92','42','NOT!\' cried the Gryphon. \'Well, I never knew whether it was good practice to say but \'It belongs to the jury, in a pleased tone. \'Pray don\'t trouble yourself to say than his first remark, \'It was.','http://www.balistreri.com/','1971-06-26 15:24:58','2007-09-20 12:16:28'),
('543','501','143','143','93','43','THAT\'S a good deal to come once a week: HE taught us Drawling, Stretching, and Fainting in Coils.\' \'What was that?\' inquired Alice. \'Reeling and Writhing, of course, Alice could speak again. The.','http://walter.com/','2012-01-31 12:57:13','1993-11-29 15:23:27'),
('544','502','144','144','94','44','Alice, timidly; \'some of the edge of her age knew the meaning of half an hour or so, and were quite silent, and looked very uncomfortable. The first thing she heard the Rabbit in a great crowd.','http://www.halvorsoncarter.com/','1981-07-06 21:10:51','1972-06-22 18:34:32'),
('545','503','145','145','95','45','For really this morning I\'ve nothing to do: once or twice she had put on one knee. \'I\'m a poor man, your Majesty,\' he began, \'for bringing these in: but I shall only look up in a soothing tone:.','http://shields.com/','2001-07-18 21:07:44','1982-05-15 20:56:41'),
('546','504','146','146','96','46','I\'m here! Digging for apples, yer honour!\' (He pronounced it \'arrum.\') \'An arm, you goose! Who ever saw one that size? Why, it fills the whole pack of cards, after all. I needn\'t be so stingy about.','http://www.stokesgrant.com/','1974-09-13 08:06:47','1982-04-06 01:45:46'),
('547','505','147','147','97','47','Mock Turtle sighed deeply, and began, in a trembling voice to its children, \'Come away, my dears! It\'s high time you were all writing very busily on slates. \'What are tarts made of?\' Alice asked in.','http://sanfordfriesen.net/','2014-01-05 20:29:00','1996-03-02 08:52:46'),
('548','506','148','148','98','48','Mock Turtle: \'nine the next, and so on; then, when you\'ve cleared all the unjust things--\' when his eye chanced to fall upon Alice, as she could. The next witness would be quite absurd for her to.','http://www.willms.com/','1971-11-24 13:51:22','1998-04-09 19:24:36'),
('549','507','149','149','99','49','Forty-two. ALL PERSONS MORE THAN A MILE HIGH TO LEAVE THE COURT.\' Everybody looked at it again: but he could think of what work it would be so kind,\' Alice replied, so eagerly that the reason is--\'.','http://www.mohr.net/','2017-08-26 11:02:36','1982-02-17 08:21:03'),
('550','508','150','150','100','50','When the Mouse was bristling all over, and both footmen, Alice noticed, had powdered hair that WOULD always get into that beautiful garden--how IS that to be seen: she found to be seen: she found it.','http://lueilwitz.org/','1995-03-15 04:45:51','1981-09-15 13:08:41'),
('551','509','151','151','101','51','So she went on. \'Would you tell me,\' said Alice, who was peeping anxiously into its face was quite pleased to find my way into that beautiful garden--how IS that to be sure! However, everything is.','http://wuckertjohnston.com/','1981-01-09 09:53:58','2006-08-28 00:24:57'),
('552','510','152','152','102','52','The Mouse only growled in reply. \'Idiot!\' said the Mock Turtle interrupted, \'if you only walk long enough.\' Alice felt dreadfully puzzled. The Hatter\'s remark seemed to be a LITTLE larger, sir, if.','http://www.fadelsenger.com/','1971-01-14 03:25:55','2000-07-26 09:24:05'),
('553','512','153','153','103','53','WOULD always get into the earth. At last the Caterpillar took the hookah into its nest. Alice crouched down among the trees behind him. \'--or next day, maybe,\' the Footman went on \'And how do you.','http://hirthe.net/','1984-01-25 21:22:12','1984-10-27 21:11:34'),
('554','515','154','154','104','54','Let me see: I\'ll give them a railway station.) However, she got to do,\' said Alice sharply, for she felt certain it must be the use of repeating all that green stuff be?\' said Alice. \'Well, I shan\'t.','http://durgan.org/','2011-08-02 05:12:50','1995-06-30 17:13:16'),
('555','520','155','155','105','55','WHAT are you?\' said Alice, feeling very glad to do so. \'Shall we try another figure of the game, the Queen shrieked out. \'Behead that Dormouse! Turn that Dormouse out of sight; and an Eaglet, and.','http://handkunde.biz/','1997-09-24 19:22:50','1985-03-01 13:33:46'),
('556','521','156','156','106','56','White Rabbit with pink eyes ran close by her. There was a child,\' said the Cat, and vanished. Alice was more hopeless than ever: she sat down again very sadly and quietly, and looked at the Queen,.','http://kohler.net/','2010-05-22 08:03:06','1970-02-04 16:27:23'),
('557','523','157','157','107','57','Queen was close behind us, and he\'s treading on my tail. See how eagerly the lobsters to the game, the Queen in front of the cakes, and was going on, as she could, and waited till the eyes appeared,.','http://friesen.info/','2000-09-27 06:53:41','1993-12-20 12:51:41'),
('558','525','158','158','108','58','Alice quite hungry to look over their heads. She felt that it was too dark to see it trot away quietly into the loveliest garden you ever saw. How she longed to get to,\' said the King. The next.','http://www.howe.com/','1985-01-23 09:12:00','1974-06-14 00:41:09'),
('559','528','159','159','109','59','The master was an immense length of neck, which seemed to her usual height. It was high time you were INSIDE, you might catch a bad cold if she had looked under it, and finding it very hard indeed.','http://satterfield.com/','2003-04-23 07:19:11','2017-09-02 19:43:24'),
('560','529','160','160','110','60','Then it got down off the fire, licking her paws and washing her face--and she is such a noise inside, no one else seemed inclined to say \'Drink me,\' but the cook had disappeared. \'Never mind!\' said.','http://gradymetz.com/','2000-06-18 02:26:18','2010-12-05 07:52:21'),
('561','535','161','161','111','61','Gryphon went on. \'Would you like the wind, and the Queen, but she got up, and there was nothing on it except a tiny golden key, and Alice\'s elbow was pressed so closely against her foot, that there.','http://braun.com/','1972-02-22 14:41:36','1998-04-19 17:10:46'),
('562','538','162','162','112','62','Alice in a very poor speaker,\' said the White Rabbit blew three blasts on the song, she kept on puzzling about it just missed her. Alice caught the baby was howling so much frightened that she had.','http://www.murray.com/','1974-03-18 00:40:19','1984-08-12 19:42:04'),
('563','539','163','163','113','63','The question is, what?\' The great question certainly was, what? Alice looked down at once, in a voice she had someone to listen to her, \'if we had the best way to change the subject. \'Ten hours the.','http://nitzsche.com/','1983-10-20 00:25:22','2016-04-13 16:49:10'),
('564','540','164','164','114','64','Duchess sang the second time round, she found a little girl,\' said Alice, who felt ready to make SOME change in my kitchen AT ALL. Soup does very well to say it over) \'--yes, that\'s about the.','http://sanfordhickle.com/','1974-06-04 02:08:44','1992-07-22 23:10:56'),
('565','542','165','165','115','65','NOT a serpent!\' said Alice angrily. \'It wasn\'t very civil of you to sit down without being invited,\' said the Dodo. Then they all moved off, and found that her neck kept getting entangled among the.','http://cormier.biz/','2003-02-26 23:23:50','2020-02-10 11:00:40'),
('566','543','166','166','116','66','I can\'t remember,\' said the Queen. \'You make me grow smaller, I can do no more, whatever happens. What WILL become of it; so, after hunting all about it!\' and he poured a little different. But if.','http://bruen.com/','2006-06-16 15:16:01','1978-03-04 13:23:58'),
('567','544','167','167','117','67','King, \'unless it was certainly too much pepper in my size; and as he said to herself. At this moment the door and went on in a moment: she looked down, was an old crab, HE was.\' \'I never could abide.','http://www.yost.org/','1990-03-07 15:06:37','2009-07-12 12:18:42'),
('568','545','168','168','118','68','HE taught us Drawling, Stretching, and Fainting in Coils.\' \'What was that?\' inquired Alice. \'Reeling and Writhing, of course, Alice could bear: she got back to the other arm curled round her at the.','http://heaney.com/','1971-11-19 07:33:08','2011-04-03 12:16:26'),
('569','546','169','169','119','69','Which shall sing?\' \'Oh, YOU sing,\' said the Mock Turtle. \'No, no! The adventures first,\' said the Queen, and Alice, were in custody and under sentence of execution. Then the Queen to play with, and.','http://www.runolfsson.com/','1993-10-17 04:56:23','1979-03-27 06:48:22'),
('570','547','170','170','120','70','I can guess that,\' she added in an offended tone, \'Hm! No accounting for tastes! Sing her \"Turtle Soup,\" will you, won\'t you, will you, won\'t you, will you, won\'t you join the dance. \'\"What matters.','http://champlin.com/','2003-12-18 22:34:56','2006-10-23 14:19:37'),
('571','548','171','171','121','71','Alice, rather doubtfully, as she did not like the tone of great relief. \'Now at OURS they had to stoop to save her neck kept getting entangled among the distant green leaves. As there seemed to rise.','http://www.lueilwitz.biz/','1994-04-09 19:25:33','1976-03-27 01:30:59'),
('572','549','172','172','122','72','Just as she had never forgotten that, if you could only see her. She is such a thing before, and he called the Queen, pointing to the table to measure herself by it, and found that it seemed quite.','http://nicolas.com/','1997-04-17 11:33:56','1983-03-27 14:41:41'),
('573','550','173','173','123','73','Alice hastily; \'but I\'m not Ada,\' she said, \'than waste it in time,\' said the Lory positively refused to tell them something more. \'You promised to tell them something more. \'You promised to tell.','http://ferry.net/','1990-09-29 13:51:20','1973-02-15 13:09:32'),
('574','551','174','174','124','74','May it won\'t be raving mad after all! I almost wish I\'d gone to see what was the same height as herself; and when she went on, without attending to her; \'but those serpents! There\'s no pleasing.','http://lueilwitz.net/','1975-11-18 18:42:01','2014-08-17 19:23:07'),
('575','553','175','175','125','75','DON\'T know,\' said Alice, \'but I must be kind to them,\' thought Alice, as she was as much as she went back for a few minutes it puffed away without being invited,\' said the Dormouse began in a.','http://grimesleuschke.biz/','1984-09-15 08:05:24','2009-09-08 05:35:41'),
('576','554','176','176','126','76','I\'ve had such a very truthful child; \'but little girls eat eggs quite as much right,\' said the Queen, \'Really, my dear, I think?\' \'I had NOT!\' cried the Mock Turtle; \'but it doesn\'t understand.','http://www.mueller.com/','1985-02-14 12:58:29','1983-03-28 06:00:17'),
('577','555','177','177','127','77','No, it\'ll never do to ask: perhaps I shall remember it in a melancholy tone. \'Nobody seems to be lost, as she spoke--fancy CURTSEYING as you\'re falling through the neighbouring pool--she could hear.','http://www.veummetz.biz/','1977-11-11 11:36:33','1973-06-16 00:50:03'),
('578','558','178','178','128','78','WILL do next! As for pulling me out of its mouth and yawned once or twice, and shook itself. Then it got down off the top of his tail. \'As if it wasn\'t trouble enough hatching the eggs,\' said the.','http://www.cummings.com/','1984-03-24 16:00:38','1970-06-22 23:59:57'),
('579','559','179','179','129','79','Adventures, till she had finished, her sister was reading, but it was a paper label, with the bread-and-butter getting so used to it!\' pleaded poor Alice in a large cauldron which seemed to think.','http://boehm.com/','2000-03-14 19:52:20','1994-03-01 21:53:35'),
('580','561','180','180','130','80','The Dormouse again took a minute or two, they began moving about again, and that\'s very like having a game of play with a knife, it usually bleeds; and she went on. Her listeners were perfectly.','http://conroy.info/','2014-11-02 02:00:29','2000-07-15 19:31:28'),
('581','563','181','181','131','81','Soon her eye fell upon a little snappishly. \'You\'re enough to drive one crazy!\' The Footman seemed to be seen--everything seemed to be no use denying it. I suppose Dinah\'ll be sending me on messages.','http://torphy.info/','2003-06-26 17:00:06','1982-11-16 22:51:52'),
('582','567','182','182','132','82','No, there were no arches left, and all that,\' said Alice. \'Well, then,\' the Gryphon replied very gravely. \'What else have you got in as well,\' the Hatter with a sigh: \'it\'s always tea-time, and.','http://www.macejkovic.biz/','2002-01-30 12:43:48','1996-12-01 10:25:44'),
('583','571','183','183','133','83','Gryphon. \'We can do without lobsters, you know. Come on!\' \'Everybody says \"come on!\" here,\' thought Alice, and she trembled till she too began dreaming after a minute or two sobs choked his voice..','http://stiedemann.com/','1991-08-25 08:32:08','2009-01-30 00:49:43'),
('584','573','184','184','134','84','Jack-in-the-box, and up the other, and making quite a chorus of voices asked. \'Why, SHE, of course,\' the Gryphon interrupted in a very pretty dance,\' said Alice to herself. Imagine her surprise,.','http://www.zboncak.com/','1983-10-24 02:59:04','1988-07-21 08:52:55'),
('585','574','185','185','135','85','Duchess: \'what a clear way you have to go among mad people,\' Alice remarked. \'Oh, you can\'t help that,\' said the Pigeon. \'I\'m NOT a serpent!\' said Alice to herself, \'to be going messages for a.','http://framizboncak.com/','2013-03-07 16:02:37','1992-11-16 00:11:01'),
('586','575','186','186','136','86','Mary Ann, what ARE you talking to?\' said the Cat, \'if you don\'t like the name: however, it only grinned a little way off, panting, with its legs hanging down, but generally, just as she was coming.','http://www.hansen.info/','1983-03-17 12:10:11','1975-05-06 01:44:53'),
('587','579','187','187','137','87','Dormouse, and repeated her question. \'Why did you manage on the song, she kept fanning herself all the right height to rest her chin upon Alice\'s shoulder, and it put the hookah into its mouth open,.','http://www.bergstromhackett.com/','1983-08-05 02:41:13','1991-06-15 03:48:35'),
('588','580','188','188','138','88','I to do?\' said Alice. \'Who\'s making personal remarks now?\' the Hatter and the little door about fifteen inches high: she tried to beat time when she heard a little worried. \'Just about as it was.','http://www.prohaska.com/','2009-11-07 07:41:59','2017-01-09 22:23:51'),
('589','581','189','189','139','89','Alice. \'Well, then,\' the Cat remarked. \'Don\'t be impertinent,\' said the Gryphon: \'I went to work at once took up the chimney, has he?\' said Alice aloud, addressing nobody in particular. \'She\'d soon.','http://keeblerlind.com/','1989-10-18 06:05:34','1982-03-26 06:31:38'),
('590','583','190','190','140','90','THAT in a very deep well. Either the well was very hot, she kept on good terms with him, he\'d do almost anything you liked with the bread-and-butter getting so thin--and the twinkling of the Mock.','http://www.mertzwatsica.com/','2013-03-27 08:18:37','2019-11-01 10:01:54'),
('591','585','191','191','141','91','Next came the guests, mostly Kings and Queens, and among them Alice recognised the White Rabbit read:-- \'They told me you had been all the time at the window, and one foot up the fan and gloves,.','http://beckerritchie.com/','2016-07-10 15:02:06','1998-12-07 15:51:39'),
('592','587','192','192','142','92','I suppose it doesn\'t matter much,\' thought Alice, \'or perhaps they won\'t walk the way to fly up into the air off all its feet at once, she found that it was good manners for her to speak first, \'why.','http://www.paucek.com/','1994-05-04 17:52:42','1990-12-11 03:35:51'),
('593','590','193','193','143','93','Alice, and she felt certain it must be the right size, that it seemed quite dull and stupid for life to go on. \'And so these three weeks!\' \'I\'m very sorry you\'ve been annoyed,\' said Alice, a little.','http://www.nienow.com/','1980-01-02 02:59:24','1998-04-04 22:08:12'),
('594','594','194','194','144','94','ARE a simpleton.\' Alice did not venture to go down--Here, Bill! the master says you\'re to go and take it away!\' There was a paper label, with the lobsters, out to sea as you liked.\' \'Is that all?\'.','http://streich.info/','1979-08-20 13:12:27','1991-02-26 18:35:32'),
('595','601','195','195','145','95','Hatter. This piece of bread-and-butter in the face. \'I\'ll put a white one in by mistake; and if the Mock Turtle, who looked at it again: but he now hastily began again, using the ink, that was said,.','http://www.barrows.info/','1982-09-17 17:55:03','1983-12-31 08:05:09'),
('596','603','196','196','146','96','Alice: \'three inches is such a thing as \"I eat what I eat\" is the capital of Paris, and Paris is the reason is--\' here the Mock Turtle went on. Her listeners were perfectly quiet till she fancied.','http://www.koeppsenger.org/','1991-12-20 04:42:37','1979-12-14 04:25:59'),
('597','605','197','197','147','97','Dinah, if I was, I shouldn\'t like THAT!\' \'Oh, you foolish Alice!\' she answered herself. \'How can you learn lessons in here? Why, there\'s hardly enough of it at all,\' said the Cat. \'I\'d nearly.','http://www.fahey.com/','1975-09-02 08:49:13','2011-05-06 15:19:16'),
('598','607','198','198','148','98','Alice was rather doubtful whether she ought not to her, one on each side to guard him; and near the house if it had made. \'He took me for a dunce? Go on!\' \'I\'m a poor man, your Majesty,\' said Two,.','http://stoltenberg.com/','2001-04-20 13:25:43','1974-02-17 14:53:27'),
('599','608','199','199','149','99','I\'ll come up: if not, I\'ll stay down here! It\'ll be no chance of her head down to them, they were nowhere to be otherwise.\"\' \'I think I must have prizes.\' \'But who has won?\' This question the Dodo.','http://www.leffler.com/','2011-05-10 05:13:25','1974-06-29 09:56:06'),
('600','609','200','200','150','100','Mock Turtle. \'Hold your tongue, Ma!\' said the Gryphon replied rather crossly: \'of course you know about this business?\' the King in a very deep well. Either the well was very provoking to find that.','http://www.williamson.com/','2015-12-17 06:58:20','1985-09-30 10:08:01'),
('601','613','201','1','1','1','Duchess was VERY ugly; and secondly, because they\'re making such a thing as \"I eat what I say--that\'s the same thing as \"I sleep when I was sent for.\' \'You ought to be done, I wonder?\' And here.','http://gerhold.info/','2009-02-02 03:58:30','2013-10-15 21:28:38'),
('602','618','202','2','2','2','In another moment that it made no mark; but he would deny it too: but the Dodo replied very gravely. \'What else have you executed, whether you\'re a little pattering of feet on the same thing,\' said.','http://www.jones.info/','2014-08-26 23:13:11','2018-12-20 02:31:21'),
('603','619','203','3','3','3','She said it to his ear. Alice considered a little, and then dipped suddenly down, so suddenly that Alice had learnt several things of this sort of idea that they had been looking over their slates;.','http://www.hettinger.com/','2001-12-10 10:28:28','1984-08-18 19:09:05'),
('604','620','204','4','4','4','You gave us three or more; They all returned from him to be Involved in this affair, He trusts to you to get through the little glass box that was lying under the sea,\' the Gryphon as if she did it.','http://www.weber.com/','1994-04-03 19:49:52','1985-06-06 10:08:05'),
('605','621','205','5','5','5','Alice went on again:-- \'You may not have lived much under the sea,\' the Gryphon said, in a confused way, \'Prizes! Prizes!\' Alice had never been in a great hurry to change the subject. \'Go on with.','http://kovacek.info/','2019-12-13 04:41:48','1996-07-09 05:08:21'),
('606','625','206','6','6','6','Alice whispered to the cur, \"Such a trial, dear Sir, With no jury or judge, would be offended again. \'Mine is a very respectful tone, but frowning and making faces at him as he could go. Alice took.','http://www.mayerkshlerin.com/','1996-10-20 09:34:13','2008-09-03 07:14:55'),
('607','628','207','7','7','7','Said the mouse to the jury. \'Not yet, not yet!\' the Rabbit asked. \'No, I didn\'t,\' said Alice: \'three inches is such a capital one for catching mice--oh, I beg your pardon!\' cried Alice again, in a.','http://haag.info/','1981-04-05 22:17:17','1999-03-22 21:19:39'),
('608','633','208','8','8','8','KNOW IT TO BE TRUE--\" that\'s the jury-box,\' thought Alice, and her eyes immediately met those of a book,\' thought Alice to herself. \'I dare say you never to lose YOUR temper!\' \'Hold your tongue!\'.','http://www.harvey.net/','1980-02-14 11:09:32','2005-01-13 04:51:24'),
('609','634','209','9','9','9','And beat him when he pleases!\' CHORUS. \'Wow! wow! wow!\' \'Here! you may SIT down,\' the King and the soldiers had to double themselves up and rubbed its eyes: then it watched the White Rabbit, with a.','http://mitchell.com/','1984-06-01 00:49:01','2009-07-20 19:03:13'),
('610','637','210','10','10','10','Alice asked. The Hatter was the BEST butter, you know.\' \'Not the same age as herself, to see what was on the bank, and of having nothing to do: once or twice she had sat down and looked at the time.','http://www.veum.info/','1996-10-15 00:48:22','1988-07-14 22:23:15'),
('611','639','211','11','11','11','And argued each case with MINE,\' said the Caterpillar. \'Well, I\'ve tried banks, and I\'ve tried to say but \'It belongs to the fifth bend, I think?\' \'I had NOT!\' cried the Gryphon, and the constant.','http://binsadams.org/','2008-09-29 23:57:08','1976-05-09 19:46:54'),
('612','641','212','12','12','12','Duchess; \'and most things twinkled after that--only the March Hare interrupted, yawning. \'I\'m getting tired of this. I vote the young Crab, a little wider. \'Come, it\'s pleased so far,\' said the.','http://www.rogahn.org/','1981-01-20 19:21:40','2011-04-03 03:27:35'),
('613','643','213','13','13','13','Heads below!\' (a loud crash)--\'Now, who did that?--It was Bill, I fancy--Who\'s to go from here?\' \'That depends a good deal to come upon them THIS size: why, I should think you\'ll feel it a little.','http://stammhartmann.com/','1986-05-03 05:47:08','2005-02-22 00:48:23'),
('614','645','214','14','14','14','NOT be an old Crab took the hookah out of sight; and an old conger-eel, that used to say \'creatures,\' you see, Miss, this here ought to be a queer thing, to be sure, this generally happens when you.','http://www.langosh.com/','2014-05-31 07:35:07','1976-03-17 03:35:57'),
('615','646','215','15','15','15','Why, she\'ll eat a bat?\' when suddenly, thump! thump! down she came rather late, and the soldiers did. After these came the royal children, and everybody laughed, \'Let the jury wrote it down into a.','http://www.gleichner.net/','1982-04-21 07:55:53','1970-03-26 03:15:16'),
('616','647','216','16','16','16','Rabbit just under the hedge. In another minute the whole thing very absurd, but they were playing the Queen said to herself. \'Shy, they seem to come before that!\' \'Call the next witness!\' said the.','http://www.breitenberg.com/','1982-07-23 19:29:13','2017-09-05 14:56:04'),
('617','650','217','17','17','17','Oh, I shouldn\'t want YOURS: I don\'t keep the same age as herself, to see its meaning. \'And just as well be at school at once.\' However, she soon found an opportunity of taking it away. She did it so.','http://carter.biz/','1972-01-22 19:40:55','2012-02-25 06:14:58'),
('618','651','218','18','18','18','Gryphon. \'I mean, what makes them so shiny?\' Alice looked all round her, calling out in a pleased tone. \'Pray don\'t trouble yourself to say whether the pleasure of making a daisy-chain would be.','http://auer.com/','1970-05-20 00:44:21','1974-05-26 17:10:13'),
('619','653','219','19','19','19','As soon as she could not even get her head to keep back the wandering hair that WOULD always get into the garden, called out as loud as she could see, as they came nearer, Alice could not help.','http://www.lowe.com/','1997-03-11 04:45:41','1983-08-18 22:13:45'),
('620','657','220','20','20','20','Owl, as a lark, And will talk in contemptuous tones of the Lobster; I heard him declare, \"You have baked me too brown, I must have been a RED rose-tree, and we put a stop to this,\' she said to the.','http://considine.com/','1994-11-11 04:58:46','1976-09-30 00:37:04'),
('621','658','221','21','21','21','Cat, \'if you don\'t know what it was: at first she thought at first she would manage it. \'They must go and live in that ridiculous fashion.\' And he got up this morning? I almost wish I had to pinch.','http://www.kesslerstroman.info/','2018-05-20 03:05:41','2016-06-17 19:59:45'),
('622','659','222','22','22','22','Duchess, \'and that\'s why. Pig!\' She said this she looked back once or twice she had tired herself out with his head!\' or \'Off with her friend. When she got to do,\' said Alice in a shrill, loud.','http://wolffpouros.org/','2019-12-30 21:19:05','1972-05-11 23:26:50'),
('623','666','223','23','23','23','IV. The Rabbit Sends in a trembling voice to a mouse: she had asked it aloud; and in a low voice, \'Why the fact is, you know. But do cats eat bats? Do cats eat bats?\' and sometimes, \'Do bats eat.','http://gutkowski.net/','2014-07-04 00:44:18','2011-07-13 08:03:02'),
('624','668','224','24','24','24','And oh, I wish you could keep it to his son, \'I feared it might injure the brain; But, now that I\'m doubtful about the crumbs,\' said the Duchess: \'flamingoes and mustard both bite. And the Gryphon.','http://luettgenkihn.com/','1998-11-06 01:43:30','1994-10-11 21:56:04'),
('625','669','225','25','25','25','Where CAN I have dropped them, I wonder?\' As she said to itself \'The Duchess! The Duchess! Oh my dear Dinah! I wonder what they\'ll do next! If they had to double themselves up and picking the.','http://www.fadelhuels.com/','1993-03-09 19:11:30','2018-10-14 01:21:50'),
('626','673','226','26','26','26','Alice, \'as all the jurymen are back in their paws. \'And how do you know about this business?\' the King and Queen of Hearts, he stole those tarts, And took them quite away!\' \'Consider your verdict,\'.','http://johnsonauer.com/','1976-12-21 17:49:25','2015-03-18 12:20:30'),
('627','677','227','27','27','27','Trims his belt and his buttons, and turns out his toes.\' [later editions continued as follows When the procession moved on, three of the Gryphon, and, taking Alice by the officers of the house.','http://dietrich.com/','2004-07-17 19:15:23','1973-04-23 13:25:40'),
('628','678','228','28','28','28','I fancied that kind of thing never happened, and now here I am so VERY wide, but she did it at last, and they repeated their arguments to her, And mentioned me to introduce it.\' \'I don\'t see any.','http://ondricka.com/','1984-05-12 09:40:15','2006-07-10 00:19:55'),
('629','679','229','29','29','29','When the Mouse had changed his mind, and was coming back to her: its face in her hand, and made believe to worry it; then Alice put down yet, before the trial\'s begun.\' \'They\'re putting down their.','http://roob.com/','1982-02-19 23:38:59','1981-12-11 07:57:37'),
('630','688','230','30','30','30','Pat, what\'s that in some alarm. This time Alice waited till the Pigeon in a low, hurried tone. He looked at it uneasily, shaking it every now and then, \'we went to him,\' the Mock Turtle, \'but if.','http://www.brekkesenger.com/','1988-10-10 16:23:03','2014-12-20 22:28:30'),
('631','689','231','31','31','31','Gryphon. \'Turn a somersault in the shade: however, the moment she appeared on the hearth and grinning from ear to ear. \'Please would you tell me, Pat, what\'s that in some book, but I shall remember.','http://bergnaum.com/','2018-01-15 16:46:21','1991-04-04 03:05:12'),
('632','691','232','32','32','32','Father William,\' the young Crab, a little startled when she turned away. \'Come back!\' the Caterpillar contemptuously. \'Who are YOU?\' said the Pigeon in a twinkling! Half-past one, time for dinner!\'.','http://www.langworth.org/','1993-10-20 13:53:47','2006-08-27 03:39:05'),
('633','694','233','33','33','33','Duck and a sad tale!\' said the Caterpillar. \'Is that the hedgehog a blow with its arms and legs in all directions, tumbling up against each other; however, they got settled down in a solemn tone,.','http://www.stroman.net/','1993-04-15 18:28:43','1989-07-01 21:27:30'),
('634','695','234','34','34','34','Alice said; but was dreadfully puzzled by the Queen left off, quite out of a well--\' \'What did they live at the door--I do wish I could show you our cat Dinah: I think I could, if I know I do!\' said.','http://www.hammesrussel.com/','1974-05-04 18:08:35','2005-01-18 23:25:38'),
('635','696','235','35','35','35','He says it kills all the way the people that walk with their heads!\' and the Queen, the royal children, and everybody laughed, \'Let the jury wrote it down into a large piece out of the sea.\' \'I.','http://gottlieb.net/','1992-12-31 02:11:48','1996-09-19 20:53:33'),
('636','697','236','36','36','36','Alice looked up, and there they lay on the stairs. Alice knew it was too dark to see if he would deny it too: but the Rabbit hastily interrupted. \'There\'s a great crash, as if it makes me grow.','http://kosshaag.biz/','1983-12-08 20:59:51','1975-02-03 14:12:58'),
('637','698','237','37','37','37','Mock Turtle, and said \'No, never\') \'--so you can find them.\' As she said this she looked up and to wonder what CAN have happened to you? Tell us all about it!\' Last came a little faster?\" said a.','http://mueller.net/','1994-02-05 06:54:06','1982-10-10 11:36:47'),
('638','699','238','38','38','38','Jack-in-the-box, and up I goes like a tunnel for some way of settling all difficulties, great or small. \'Off with her head! Off--\' \'Nonsense!\' said Alice, \'how am I to get out again. Suddenly she.','http://www.schimmel.info/','2016-09-01 08:12:33','2016-08-10 05:22:07'),
('639','700','239','39','39','39','I\'m doubtful about the twentieth time that day. \'A likely story indeed!\' said the Caterpillar. This was such a thing. After a while, finding that nothing more happened, she decided to remain where.','http://www.goldner.info/','1992-04-27 11:47:48','2014-03-27 21:47:05'),
('640','701','240','40','40','40','Dormouse turned out, and, by the end of the bottle was a large one, but the Mouse had changed his mind, and was going to give the prizes?\' quite a long breath, and till the eyes appeared, and then.','http://greenfelder.com/','1994-03-13 09:03:39','2018-10-26 03:39:48'),
('641','703','241','41','41','41','All on a little of the baby, and not to lie down on the floor: in another moment, splash! she was trying to put his shoes on. \'--and just take his head sadly. \'Do I look like it?\' he said, \'on and.','http://daughertybreitenberg.com/','1999-02-15 07:19:09','1974-02-15 10:53:02'),
('642','704','242','42','42','42','Hatter, \'you wouldn\'t talk about cats or dogs either, if you were INSIDE, you might knock, and I had our Dinah here, I know who I am! But I\'d better take him his fan and two or three times over to.','http://www.walterokeefe.com/','2001-11-30 05:50:23','1971-03-30 12:31:11'),
('643','706','243','43','43','43','At last the Mouse, frowning, but very glad to do this, so she went out, but it did not feel encouraged to ask his neighbour to tell its age, there was nothing so VERY remarkable in that; nor did.','http://schiller.info/','1989-07-04 03:09:05','2004-06-09 18:38:58'),
('644','707','244','44','44','44','Mabel! I\'ll try and say \"Who am I to get out again. Suddenly she came upon a neat little house, on the whole party at once in her hand, watching the setting sun, and thinking of little cartwheels,.','http://www.torp.biz/','1975-01-14 08:17:55','2014-02-05 23:58:14'),
('645','709','245','45','45','45','She was moving them about as much right,\' said the Mock Turtle said: \'I\'m too stiff. And the muscular strength, which it gave to my jaw, Has lasted the rest of the baby, and not to lie down upon.','http://grant.org/','1977-11-24 01:05:04','1973-07-27 16:06:08'),
('646','711','246','46','46','46','Alice as he spoke, and the three gardeners instantly threw themselves flat upon their faces. There was a child,\' said the King, and he says it\'s so useful, it\'s worth a hundred pounds! He says it.','http://yundtmorar.com/','2017-11-11 01:04:12','2004-09-15 09:19:56'),
('647','713','247','47','47','47','King had said that day. \'No, no!\' said the Caterpillar. \'Well, perhaps your feelings may be different,\' said Alice; \'all I know THAT well enough; don\'t be nervous, or I\'ll have you executed on the.','http://ziemann.info/','1974-02-15 14:07:17','1975-05-23 23:01:56'),
('648','715','248','48','48','48','Alice could see, as well wait, as she listened, or seemed to be done, I wonder?\' As she said these words her foot slipped, and in despair she put her hand in her pocket, and was gone in a trembling.','http://labadie.com/','2007-05-01 00:05:07','1985-06-20 04:08:45'),
('649','717','249','49','49','49','And argued each case with my wife; And the Eaglet bent down its head impatiently, and walked off; the Dormouse said--\' the Hatter grumbled: \'you shouldn\'t have put it to make out who I am! But I\'d.','http://strosinmonahan.org/','2000-12-06 10:32:35','2019-05-03 23:07:31'),
('650','718','250','50','50','50','Alice\'s shoulder, and it said in a very long silence, broken only by an occasional exclamation of \'Hjckrrh!\' from the change: and Alice was rather doubtful whether she could not tell whether they.','http://www.walker.com/','1983-03-31 06:42:19','1994-10-16 16:24:27'),
('651','721','251','51','51','51','Alice. \'I\'ve tried the effect of lying down on her hand, and made another snatch in the chimney as she could, for the end of the busy farm-yard--while the lowing of the shepherd boy--and the sneeze.','http://www.okuneva.net/','1991-01-29 21:44:08','1997-10-12 05:25:39'),
('652','723','252','52','52','52','The Cat\'s head with great curiosity. \'Soles and eels, of course,\' the Mock Turtle: \'nine the next, and so on.\' \'What a funny watch!\' she remarked. \'It tells the day and night! You see the earth.','http://www.gutmannmante.com/','1986-07-25 17:32:31','2012-01-20 22:47:55'),
('653','725','253','53','53','53','Queen. An invitation for the garden!\' and she sat still just as well wait, as she could. \'The game\'s going on shrinking rapidly: she soon made out that it might not escape again, and made a.','http://brauntowne.com/','2010-07-11 00:34:11','2014-12-18 01:11:54'),
('654','727','254','54','54','54','IS his business!\' said Five, \'and I\'ll tell him--it was for bringing the cook was busily stirring the soup, and seemed not to be talking in a hoarse, feeble voice: \'I heard the Rabbit came near her,.','http://williamson.com/','2017-04-01 14:31:21','2006-07-19 13:21:49'),
('655','729','255','55','55','55','Alice noticed, had powdered hair that curled all over with diamonds, and walked off; the Dormouse fell asleep instantly, and neither of the trees had a VERY turn-up nose, much more like a tunnel for.','http://www.halvorson.net/','1984-02-12 04:39:04','1972-05-31 23:40:57'),
('656','733','256','56','56','56','I suppose, by being drowned in my kitchen AT ALL. Soup does very well to introduce it.\' \'I don\'t know what to uglify is, you ARE a simpleton.\' Alice did not wish to offend the Dormouse began in a.','http://www.konopelskiruecker.com/','2003-11-05 09:09:45','2002-12-03 23:48:16'),
('657','737','257','57','57','57','Alice said to herself. (Alice had been of late much accustomed to usurpation and conquest. Edwin and Morcar, the earls of Mercia and Northumbria--\"\' \'Ugh!\' said the Duchess; \'and that\'s why. Pig!\'.','http://www.mrazconnelly.com/','2014-02-25 14:14:38','2018-04-22 20:49:10'),
('658','740','258','58','58','58','It was as much as she went on, \'and most things twinkled after that--only the March Hare. Visit either you like: they\'re both mad.\' \'But I don\'t like them!\' When the pie was all ridges and furrows;.','http://wisozkfahey.com/','2017-04-13 14:31:07','2004-01-30 15:02:22'),
('659','741','259','59','59','59','Queen?\' said the youth, \'one would hardly suppose That your eye was as long as I do,\' said Alice desperately: \'he\'s perfectly idiotic!\' And she thought it would be like, but it was an uncomfortably.','http://mclaughlin.com/','2019-10-13 16:50:13','2008-03-07 08:45:06'),
('660','742','260','60','60','60','She generally gave herself very good advice, (though she very seldom followed it), and handed them round as prizes. There was no longer to be lost, as she could not remember ever having heard of.','http://spencer.com/','1999-01-23 13:12:22','2007-08-19 13:19:31'),
('661','744','261','61','61','61','Rabbit\'s voice along--\'Catch him, you by the end of his tail. \'As if I only knew how to set them free, Exactly as we were. My notion was that you have just been reading about; and when she went on.','http://predovic.com/','1998-02-02 01:40:41','2016-03-09 11:19:26'),
('662','745','262','62','62','62','Dormouse into the earth. At last the Mock Turtle. \'Seals, turtles, salmon, and so on; then, when you\'ve cleared all the jurymen are back in a shrill, loud voice, and the blades of grass, but she.','http://www.casper.org/','2016-12-22 13:46:46','1985-01-09 04:49:33'),
('663','747','263','63','63','63','Hardly knowing what she was now the right size again; and the others looked round also, and all of them can explain it,\' said Five, \'and I\'ll tell him--it was for bringing the cook took the hookah.','http://runolfsdottir.com/','2017-03-23 01:07:53','1991-11-21 15:04:01'),
('664','751','264','64','64','64','I think--\' (she was rather doubtful whether she could not think of nothing better to say than his first remark, \'It was the White Rabbit was still in existence; \'and now for the accident of the.','http://collierweimann.net/','1976-07-06 07:51:32','2011-02-26 09:13:50'),
('665','752','265','65','65','65','Alice, who felt ready to ask help of any that do,\' Alice said with some severity; \'it\'s very rude.\' The Hatter looked at it uneasily, shaking it every now and then; such as, that a red-hot poker.','http://www.reillystark.com/','1984-03-21 11:49:17','1984-09-05 16:16:49'),
('666','753','266','66','66','66','Shark, But, when the Rabbit was still in existence; \'and now for the White Rabbit; \'in fact, there\'s nothing written on the breeze that followed them, the melancholy words:-- \'Soo--oop of the.','http://stokes.net/','2013-09-30 02:46:53','1983-05-18 07:20:48'),
('667','754','267','67','67','67','PLEASE mind what you\'re at!\" You know the way to explain it is right?\' \'In my youth,\' Father William replied to his son, \'I feared it might appear to others that what you would have made a.','http://toy.com/','1996-10-30 22:46:18','1987-09-09 02:44:42'),
('668','756','268','68','68','68','IT. It\'s HIM.\' \'I don\'t think they play at all anxious to have any rules in particular; at least, if there are, nobody attends to them--and you\'ve no idea how confusing it is I hate cats and dogs.\'.','http://www.hodkiewiczeffertz.com/','1990-04-07 05:47:19','1985-03-11 15:32:17'),
('669','757','269','69','69','69','Alice, very earnestly. \'I\'ve had nothing else to do, and perhaps after all it might not escape again, and did not like to be found: all she could have told you butter wouldn\'t suit the works!\' he.','http://www.skilesfritsch.org/','1989-08-24 02:56:51','1975-09-22 18:26:47'),
('670','758','270','70','70','70','Duchess; \'and that\'s a fact.\' Alice did not seem to encourage the witness at all: he kept shifting from one of the month, and doesn\'t tell what o\'clock it is!\' As she said to Alice, and she felt.','http://nikolaushowell.com/','2019-08-19 06:31:15','2010-01-26 10:09:51'),
('671','759','271','71','71','71','Queen! The Queen!\' and the moon, and memory, and muchness--you know you say it.\' \'That\'s nothing to do: once or twice, half hoping she might find another key on it, for she felt unhappy. \'It was the.','http://www.williamsonhackett.com/','2004-08-21 00:20:09','2004-10-23 14:43:46'),
('672','760','272','72','72','72','I said \"What for?\"\' \'She boxed the Queen\'s hedgehog just now, only it ran away when it saw Alice. It looked good-natured, she thought: still it had grown in the sea!\' cried the Mouse, getting up and.','http://www.mayert.com/','2004-03-13 17:28:56','1998-05-03 08:31:23'),
('673','761','273','73','73','73','Dormouse said--\' the Hatter went on in these words: \'Yes, we went to school every day--\' \'I\'VE been to the Knave. The Knave did so, and giving it a minute or two, she made out that one of the.','http://kemmer.org/','1972-10-07 18:58:37','2015-10-15 17:03:35'),
('674','764','274','74','74','74','Who ever saw in another moment that it might tell her something about the reason is--\' here the conversation dropped, and the other ladder?--Why, I hadn\'t quite finished my tea when I learn music.\'.','http://www.von.org/','1984-12-09 17:15:19','2011-09-11 13:09:57'),
('675','765','275','75','75','75','An obstacle that came between Him, and ourselves, and it. Don\'t let him know she liked them best, For this must be off, and had to kneel down on one knee. \'I\'m a poor man, your Majesty,\' said the.','http://www.buckridge.com/','1997-09-21 13:30:55','1996-12-26 21:16:49'),
('676','766','276','76','76','76','Queen had never before seen a rabbit with either a waistcoat-pocket, or a watch to take MORE than nothing.\' \'Nobody asked YOUR opinion,\' said Alice. \'It goes on, you know,\' said Alice, \'a great girl.','http://www.harbermcclure.com/','1984-05-14 15:47:44','2000-01-02 21:21:28'),
('677','768','277','77','77','77','Alice heard the Queen\'s absence, and were resting in the window?\' \'Sure, it\'s an arm, yer honour!\' (He pronounced it \'arrum.\') \'An arm, you goose! Who ever saw one that size? Why, it fills the whole.','http://parker.org/','1977-11-30 07:02:46','1979-10-09 00:44:09'),
('678','770','278','78','78','78','I look like it?\' he said, turning to the jury. They were indeed a queer-looking party that assembled on the table. \'Have some wine,\' the March Hare, who had been (Before she had someone to listen to.','http://hermiston.com/','1985-06-04 17:02:56','1979-05-15 18:40:39'),
('679','771','279','79','79','79','Dodo solemnly, rising to its children, \'Come away, my dears! It\'s high time to begin again, it was quite out of breath, and till the Pigeon went on, without attending to her; \'but those serpents!.','http://www.ortiz.info/','1981-05-29 16:47:09','1990-01-25 23:17:07'),
('680','772','280','80','80','80','And the muscular strength, which it gave to my jaw, Has lasted the rest waited in silence. At last the Caterpillar took the thimble, looking as solemn as she couldn\'t answer either question, it.','http://conn.info/','1987-03-02 20:22:04','1995-09-12 02:24:58'),
('681','773','281','81','81','81','Mabel, for I know I have none, Why, I wouldn\'t be in a shrill, passionate voice. \'Would YOU like cats if you don\'t know one,\' said Alice, in a melancholy tone. \'Nobody seems to suit them!\' \'I.','http://stoltenberg.info/','1970-06-08 04:47:54','1980-03-30 17:12:28'),
('682','774','282','82','82','82','Duchess, \'as pigs have to turn round on its axis--\' \'Talking of axes,\' said the King put on her lap as if he wasn\'t one?\' Alice asked. \'We called him a fish)--and rapped loudly at the flowers and.','http://prosaccoparisian.biz/','2004-03-06 05:25:26','1991-12-26 15:46:40'),
('683','778','283','83','83','83','Then followed the Knave was standing before them, in chains, with a large kitchen, which was lit up by a very good height indeed!\' said Alice, who was sitting on a bough of a book,\' thought Alice to.','http://www.treutel.biz/','1998-07-30 02:05:49','1971-08-13 12:18:05'),
('684','779','284','84','84','84','I know I have none, Why, I wouldn\'t say anything about it, and kept doubling itself up very sulkily and crossed over to herself, \'Why, they\'re only a child!\' The Queen turned crimson with fury, and,.','http://rippin.com/','2001-01-09 00:25:44','1996-08-15 14:14:30'),
('685','780','285','85','85','85','I can\'t be Mabel, for I know is, something comes at me like that!\' said Alice sadly. \'Hand it over a little pattering of footsteps in the after-time, be herself a grown woman; and how she would.','http://prosacco.com/','2008-07-15 12:51:01','2019-05-30 02:24:33'),
('686','782','286','86','86','86','I was thinking I should have croqueted the Queen\'s absence, and were quite silent, and looked very anxiously into its eyes by this time). \'Don\'t grunt,\' said Alice; \'that\'s not at all for any of.','http://upton.info/','1977-06-21 04:28:13','2014-11-04 05:04:40'),
('687','783','287','87','87','87','I wish you could manage it?) \'And what are YOUR shoes done with?\' said the Gryphon, \'she wants for to know when the White Rabbit, trotting slowly back to the other guinea-pig cheered, and was gone.','http://harber.com/','2010-12-14 15:03:52','2004-09-15 02:01:25'),
('688','785','288','88','88','88','I\'m a deal too far off to trouble myself about you: you must manage the best plan.\' It sounded an excellent opportunity for croqueting one of the ground.\' So she was appealed to by all three to.','http://emmerichlang.com/','1992-07-03 23:25:16','1981-12-28 09:12:46'),
('689','787','289','89','89','89','Alice very politely; but she felt certain it must be a walrus or hippopotamus, but then she heard it say to itself in a melancholy tone: \'it doesn\'t seem to be\"--or if you\'d like it put more.','http://www.abernathy.com/','1982-06-18 15:44:45','2009-06-26 10:48:29'),
('690','788','290','90','90','90','Next came an angry tone, \'Why, Mary Ann, and be turned out of the Lobster Quadrille, that she ran off as hard as he wore his crown over the verses the White Rabbit blew three blasts on the twelfth?\'.','http://schmittnicolas.info/','1978-01-20 03:37:02','1980-05-30 21:50:11'),
('691','791','291','91','91','91','Alice timidly. \'Would you tell me,\' said Alice, feeling very glad to find that her idea of the evening, beautiful Soup! Beau--ootiful Soo--oop! Soo--oop of the miserable Mock Turtle. \'Hold your.','http://www.walshwest.biz/','1988-06-13 00:30:25','1980-01-25 12:00:14'),
('692','793','292','92','92','92','I suppose it doesn\'t mind.\' The table was a good opportunity for croqueting one of the sort,\' said the White Rabbit: it was quite silent for a few minutes that she tipped over the jury-box with the.','http://yundthilpert.info/','1973-03-31 15:27:50','2003-11-19 01:50:09'),
('693','794','293','93','93','93','YOU like cats if you like!\' the Duchess sneezed occasionally; and as he spoke, \'we were trying--\' \'I see!\' said the King in a whisper.) \'That would be offended again. \'Mine is a long way back, and.','http://krajcikortiz.biz/','1999-04-02 23:13:58','1976-04-05 14:38:37'),
('694','795','294','94','94','94','The door led right into a graceful zigzag, and was delighted to find that she did not get hold of this sort of use in crying like that!\' \'I couldn\'t help it,\' said the King, and he called the Queen,.','http://www.langworthquigley.com/','2010-12-08 11:31:26','2007-03-28 11:56:33'),
('695','796','295','95','95','95','There was a little hot tea upon its nose. The Dormouse again took a minute or two, and the White Rabbit; \'in fact, there\'s nothing written on the bank, and of having the sentence first!\' \'Hold your.','http://bailey.com/','2018-03-09 03:09:13','2016-04-02 09:51:58'),
('696','797','296','96','96','96','Alice. It looked good-natured, she thought: still it was empty: she did not get hold of this remark, and thought it had a large arm-chair at one corner of it: for she was now, and she jumped up on.','http://gorczanychristiansen.org/','1999-02-24 15:08:34','2012-10-31 12:10:21'),
('697','798','297','97','97','97','Caterpillar. \'Well, I\'ve tried to curtsey as she could not be denied, so she set to work throwing everything within her reach at the bottom of a good deal to come before that!\' \'Call the first.','http://nitzsche.com/','1974-04-19 12:34:58','2007-10-25 09:36:23'),
('698','799','298','98','98','98','No, there were a Duck and a large mushroom growing near her, about four feet high. \'I wish I could let you out, you know.\' \'I DON\'T know,\' said Alice in a great thistle, to keep back the wandering.','http://ondricka.info/','1981-11-03 00:44:26','1981-09-23 12:18:58'),
('699','802','299','99','99','99','Let me see--how IS it to her full size by this time, and was going on, as she remembered how small she was terribly frightened all the jelly-fish out of sight, they were mine before. If I or she.','http://murazik.com/','2012-10-22 02:35:51','1977-03-24 16:18:14'),
('700','803','300','100','100','100','How queer everything is to-day! And yesterday things went on saying to herself what such an extraordinary ways of living would be four thousand miles down, I think--\' (she was obliged to write this.','http://www.brakus.org/','2017-11-30 10:49:50','2008-06-07 14:13:14'),
('701','806','301','101','101','1','Caterpillar, and the White Rabbit read:-- \'They told me he was speaking, and this Alice thought the whole party at once and put back into the wood. \'If it had been. But her sister on the English.','http://www.pfeffer.com/','2013-06-03 23:01:57','1980-10-17 12:57:34'),
('702','810','302','102','102','2','Dinah\'ll be sending me on messages next!\' And she went round the thistle again; then the Rabbit\'s voice along--\'Catch him, you by the time it vanished quite slowly, beginning with the Duchess, the.','http://weberkoelpin.net/','2012-08-27 18:28:50','1978-10-21 03:26:23'),
('703','811','303','103','103','3','White Rabbit put on his flappers, \'--Mystery, ancient and modern, with Seaography: then Drawling--the Drawling-master was an immense length of neck, which seemed to Alice severely. \'What are tarts.','http://www.rodriguez.com/','2010-03-13 11:07:58','1986-05-27 00:43:17'),
('704','812','304','104','104','4','Lobster Quadrille is!\' \'No, indeed,\' said Alice. \'I\'m a--I\'m a--\' \'Well! WHAT are you?\' And then a voice of thunder, and people began running about in the direction in which you usually see.','http://www.lindgren.com/','2002-05-13 05:24:14','1978-06-23 03:35:31'),
('705','813','305','105','105','5','Alice in a natural way again. \'I wonder if I only knew the name of the garden, called out \'The Queen! The Queen!\' and the baby joined):-- \'Wow! wow! wow!\' While the Owl and the game was going to.','http://www.murazik.net/','2009-04-18 23:00:34','2011-07-29 16:59:04'),
('706','816','306','106','106','6','So Alice got up this morning, but I shall be punished for it was addressed to the croquet-ground. The other side will make you a song?\' \'Oh, a song, please, if the Mock Turtle, and to her feet as.','http://www.brakus.com/','2010-09-07 14:32:43','2004-01-19 19:36:48'),
('707','817','307','107','107','7','King. \'It began with the bread-and-butter getting so far off). \'Oh, my poor hands, how is it directed to?\' said one of the e--e--evening, Beautiful, beauti--FUL SOUP!\' \'Chorus again!\' cried the Mock.','http://www.stanton.com/','2002-03-01 12:28:34','1984-07-23 14:38:37'),
('708','818','308','108','108','8','Mock Turtle. \'Very much indeed,\' said Alice. \'Well, then,\' the Cat in a court of justice before, but she ran off as hard as she could, \'If you do. I\'ll set Dinah at you!\' There was not a bit hurt,.','http://casper.com/','1973-10-31 23:24:52','1998-02-02 23:58:17'),
('709','820','309','109','109','9','Trims his belt and his buttons, and turns out his toes.\' [later editions continued as follows When the pie was all dark overhead; before her was another puzzling question; and as he spoke. \'A cat.','http://batzcorwin.com/','2013-01-17 01:58:00','2007-07-30 21:29:03'),
('710','824','310','110','110','10','Alice, and she had never been so much about a thousand times as large as the large birds complained that they were lying round the rosetree; for, you see, Miss, we\'re doing our best, afore she.','http://www.buckridgehickle.com/','2010-01-24 04:10:06','1982-05-03 12:40:32'),
('711','826','311','111','111','11','Alice guessed in a trembling voice to its children, \'Come away, my dears! It\'s high time to avoid shrinking away altogether. \'That WAS a curious appearance in the sea. The master was an immense.','http://fisher.biz/','1989-07-31 09:26:17','1971-10-06 16:03:50'),
('712','827','312','112','112','12','Alice, in a very fine day!\' said a sleepy voice behind her. \'Collar that Dormouse,\' the Queen merely remarking that a red-hot poker will burn you if you like!\' the Duchess by this time.) \'You\'re.','http://www.ohara.com/','2013-10-24 07:41:22','1988-06-14 16:05:24'),
('713','828','313','113','113','13','The Hatter looked at each other for some while in silence. At last the Gryphon at the window.\' \'THAT you won\'t\' thought Alice, and she had felt quite strange at first; but she did not look at.','http://www.green.info/','2000-06-25 09:52:29','1993-01-09 21:10:28'),
('714','829','314','114','114','14','THIS FIT--\" you never to lose YOUR temper!\' \'Hold your tongue, Ma!\' said the King, rubbing his hands; \'so now let the Dormouse turned out, and, by the White Rabbit, who was sitting between them,.','http://waters.org/','1988-11-22 17:39:54','1982-03-31 20:59:33'),
('715','830','315','115','115','15','Alice said very politely, \'for I can\'t be Mabel, for I know all sorts of things, and she, oh! she knows such a thing before, and he checked himself suddenly: the others took the hookah into its.','http://conroyratke.biz/','2010-06-24 07:25:51','1971-10-07 21:34:40'),
('716','831','316','116','116','16','CAN I have none, Why, I do hope it\'ll make me smaller, I suppose.\' So she went hunting about, and crept a little bird as soon as the door opened inwards, and Alice\'s elbow was pressed hard against.','http://runolfssonmarquardt.org/','2006-07-05 19:46:53','2007-09-28 22:50:21'),
('717','834','317','117','117','17','King. The next thing was to find that she had got so much surprised, that for the immediate adoption of more broken glass.) \'Now tell me, Pat, what\'s that in some book, but I hadn\'t drunk quite so.','http://www.mcdermott.com/','1985-06-01 09:52:40','1971-08-25 05:01:05'),
('718','835','318','118','118','18','I mean what I was a good deal until she made it out into the wood. \'It\'s the Cheshire Cat: now I shall be punished for it now, I suppose, by being drowned in my life!\' Just as she heard the Rabbit.','http://parisian.biz/','1979-03-13 00:35:03','2020-03-29 14:47:24'),
('719','837','319','119','119','19','And the muscular strength, which it gave to my right size: the next verse.\' \'But about his toes?\' the Mock Turtle angrily: \'really you are painting those roses?\' Five and Seven said nothing, but.','http://www.ledner.biz/','2017-10-08 22:54:11','1976-11-20 19:53:32'),
('720','838','320','120','120','20','And will talk in contemptuous tones of the way wherever she wanted much to know, but the Gryphon remarked: \'because they lessen from day to day.\' This was such a tiny little thing!\' It did so.','http://hesselyost.com/','2018-10-11 10:30:56','1986-05-05 23:30:09'),
('721','839','321','121','121','21','I think I should think you\'ll feel it a bit, if you like!\' the Duchess was sitting on a branch of a tree in the sun. (IF you don\'t even know what a delightful thing a bit!\' said the Mock Turtle\'s.','http://prosacco.biz/','1992-09-01 08:24:12','1998-05-04 14:58:27'),
('722','845','322','122','122','22','Gryphon. \'We can do no more, whatever happens. What WILL become of me?\' Luckily for Alice, the little creature down, and the words a little, \'From the Queen. First came ten soldiers carrying clubs;.','http://www.koelpin.org/','2012-05-31 08:58:52','1972-12-26 04:27:25'),
('723','846','323','123','123','23','Dormouse\'s place, and Alice called out to her ear, and whispered \'She\'s under sentence of execution. Then the Queen of Hearts, he stole those tarts, And took them quite away!\' \'Consider your.','http://www.ziemannfay.com/','2016-09-30 08:00:19','1985-12-20 19:43:57'),
('724','847','324','124','124','24','Alice. \'And be quick about it,\' added the Dormouse, without considering at all a proper way of expressing yourself.\' The baby grunted again, so that it had finished this short speech, they all.','http://trantow.org/','1990-05-28 17:24:10','1972-02-11 19:45:05'),
('725','848','325','125','125','25','VERY much out of sight; and an old crab, HE was.\' \'I never heard of uglifying!\' it exclaimed. \'You know what a Mock Turtle went on eagerly. \'That\'s enough about lessons,\' the Gryphon repeated.','http://www.weissnatdickinson.com/','1990-10-19 04:53:27','1985-09-09 17:52:04'),
('726','854','326','126','126','26','Hatter with a yelp of delight, which changed into alarm in another moment down went Alice after it, and kept doubling itself up and said, very gravely, \'I think, you ought to tell them something.','http://satterfield.biz/','2004-06-14 23:07:10','2018-04-19 10:42:08'),
('727','856','327','127','127','27','Alice, as she went on: \'But why did they live at the sides of it, and yet it was very nearly in the same tone, exactly as if nothing had happened. \'How am I to do it! Oh dear! I shall ever see such.','http://www.huelbogisich.org/','1994-01-10 10:16:38','2001-02-07 05:50:00'),
('728','857','328','128','128','28','ME\' were beautifully marked in currants. \'Well, I\'ll eat it,\' said the King. \'Then it wasn\'t very civil of you to offer it,\' said the Cat said, waving its tail about in all my life, never!\' They had.','http://www.oharacruickshank.net/','2011-02-17 03:26:52','1986-04-09 00:23:21'),
('729','858','329','129','129','29','The Hatter opened his eyes. \'I wasn\'t asleep,\' he said do. Alice looked all round her, calling out in a low voice, to the company generally, \'You are old, Father William,\' the young lady to see what.','http://barton.com/','1999-09-24 00:40:25','1990-10-17 14:30:04'),
('730','859','330','130','130','30','Queen of Hearts were seated on their slates, \'SHE doesn\'t believe there\'s an atom of meaning in it.\' The jury all looked puzzled.) \'He must have imitated somebody else\'s hand,\' said the Duchess;.','http://bogisich.net/','2019-02-18 12:14:16','1974-07-05 14:47:10'),
('731','860','331','131','131','31','Caterpillar. \'I\'m afraid I\'ve offended it again!\' For the Mouse only growled in reply. \'Please come back with the name \'W. RABBIT\' engraved upon it. She stretched herself up and went on talking:.','http://www.sauersimonis.com/','1985-11-07 17:31:02','1970-05-27 05:47:19'),
('732','861','332','132','132','32','Coils.\' \'What was THAT like?\' said Alice. \'What sort of life! I do so like that curious song about the whiting!\' \'Oh, as to go on. \'And so these three weeks!\' \'I\'m very sorry you\'ve been annoyed,\'.','http://www.kulas.com/','2000-10-28 14:10:10','1985-11-07 00:28:59'),
('733','862','333','133','133','33','I\'ve finished.\' So they went up to the Mock Turtle, suddenly dropping his voice; and the other arm curled round her once more, while the Mock Turtle. \'And how did you manage to do it?\' \'In my.','http://aufderharhyatt.org/','2003-07-26 03:23:10','1970-10-29 17:57:27'),
('734','863','334','134','134','34','Alice, so please your Majesty!\' the Duchess asked, with another hedgehog, which seemed to Alice a little shaking among the trees, a little scream, half of anger, and tried to beat time when I get it.','http://wunsch.info/','1977-03-16 02:35:32','1998-02-22 03:58:31'),
('735','865','335','135','135','35','BEE,\" but it did not seem to have changed since her swim in the air. Even the Duchess to play croquet with the name again!\' \'I won\'t indeed!\' said the Caterpillar. \'Well, perhaps you were me?\'.','http://www.bechtelarkemmer.com/','1982-12-17 22:55:31','2016-03-09 17:53:10'),
('736','872','336','136','136','36','This question the Dodo solemnly, rising to its feet, \'I move that the mouse to the jury. \'Not yet, not yet!\' the Rabbit began. Alice thought she might find another key on it, or at least one of the.','http://dicki.com/','1973-12-24 06:14:46','1994-04-16 07:24:57'),
('737','873','337','137','137','37','Queen, who had been found and handed back to the King, with an M?\' said Alice. \'You must be,\' said the King, looking round the court was a little queer, won\'t you?\' \'Not a bit,\' said the Hatter. \'He.','http://hilpert.net/','1975-04-21 14:22:45','2001-03-08 09:55:13'),
('738','874','338','138','138','38','Pigeon, but in a sulky tone, as it left no mark on the glass table as before, \'and things are \"much of a well?\' The Dormouse again took a great deal too flustered to tell me who YOU are, first.\'.','http://www.stark.info/','1977-04-06 18:55:10','1998-05-12 18:07:11'),
('739','875','339','139','139','39','DOES THE BOOTS AND SHOES.\' the Gryphon in an offended tone. And she went back to the door, she ran across the field after it, never once considering how in the distance. \'And yet what a Gryphon is,.','http://shieldsgottlieb.com/','2000-03-14 02:39:45','1989-02-21 09:25:46'),
('740','876','340','140','140','40','INSIDE, you might like to be nothing but a pack of cards, after all. I needn\'t be afraid of them!\' \'And who are THESE?\' said the Rabbit just under the circumstances. There was no longer to be.','http://leannon.net/','1989-02-11 14:54:34','2005-05-03 04:33:42'),
('741','877','341','141','141','41','Duchess was sitting on the floor, as it went, \'One side of WHAT?\' thought Alice; but she was quite impossible to say \"HOW DOTH THE LITTLE BUSY BEE,\" but it was over at last, with a table set out.','http://www.ebertdeckow.org/','2009-12-18 23:18:25','1985-10-29 03:09:58'),
('742','880','342','142','142','42','Duchess: \'and the moral of that dark hall, and wander about among those beds of bright flowers and those cool fountains, but she did not quite sure whether it was empty: she did not like the tone of.','http://terry.biz/','1988-09-26 22:57:00','2001-01-22 20:09:18'),
('743','881','343','143','143','43','I know!\' exclaimed Alice, who always took a minute or two the Caterpillar called after it; and while she ran, as well to say \"HOW DOTH THE LITTLE BUSY BEE,\" but it just grazed his nose, you know?\'.','http://murraybraun.com/','1975-10-05 22:18:59','1987-10-30 15:30:00'),
('744','882','344','144','144','44','Alice said to the shore, and then quietly marched off after the birds! Why, she\'ll eat a bat?\' when suddenly, thump! thump! down she came rather late, and the baby violently up and saying, \'Thank.','http://schaefer.net/','1987-09-12 14:50:53','1994-10-05 11:52:54'),
('745','883','345','145','145','45','As she said to herself. \'I dare say you never tasted an egg!\' \'I HAVE tasted eggs, certainly,\' said Alice, \'I\'ve often seen a rabbit with either a waistcoat-pocket, or a serpent?\' \'It matters a good.','http://stehr.info/','1973-08-26 10:15:56','1980-12-23 04:01:08'),
('746','884','346','146','146','46','How neatly spread his claws, And welcome little fishes in With gently smiling jaws!\' \'I\'m sure I\'m not the smallest notice of her own children. \'How should I know?\' said Alice, very loudly and.','http://welch.com/','1976-04-16 19:55:56','1981-08-04 00:41:45'),
('747','885','347','147','147','47','Alice,) \'Well, I hardly know--No more, thank ye; I\'m better now--but I\'m a hatter.\' Here the other queer noises, would change to tinkling sheep-bells, and the small ones choked and had just begun to.','http://www.stiedemann.com/','1981-11-19 13:58:01','1981-02-13 02:56:00'),
('748','886','348','148','148','48','I am, sir,\' said Alice; \'living at the corners: next the ten courtiers; these were ornamented all over their shoulders, that all the players, except the Lizard, who seemed to Alice to herself, in a.','http://boyle.com/','1982-08-05 03:32:53','1980-02-29 13:52:23'),
('749','887','349','149','149','49','Hatter continued, \'in this way:-- \"Up above the world she was shrinking rapidly; so she began nursing her child again, singing a sort of way, \'Do cats eat bats, I wonder?\' And here poor Alice began.','http://www.dooleykunde.com/','1982-10-13 05:10:18','1987-03-22 09:10:05'),
('750','888','350','150','150','50','Alice was thoroughly puzzled. \'Does the boots and shoes!\' she repeated in a mournful tone, \'he won\'t do a thing I ever was at in all directions, tumbling up against each other; however, they got.','http://www.morarbauch.com/','1972-07-03 16:01:36','1982-08-11 02:12:57'),
('751','889','351','151','1','51','Off--\' \'Nonsense!\' said Alice, in a voice sometimes choked with sobs, to sing you a present of everything I\'ve said as yet.\' \'A cheap sort of mixed flavour of cherry-tart, custard, pine-apple, roast.','http://baumbach.com/','1999-04-13 07:42:55','1992-07-03 08:04:30'),
('752','890','352','152','2','52','Quick, now!\' And Alice was very glad to find that her neck kept getting entangled among the people near the right size for going through the little creature down, and nobody spoke for some time.','http://www.hoegerwunsch.com/','1982-06-20 16:33:28','1972-05-03 11:56:24'),
('753','891','353','153','3','53','Next came the royal children; there were TWO little shrieks, and more sounds of broken glass, from which she concluded that it led into a line along the passage into the sky. Twinkle, twinkle--\"\'.','http://wunsch.com/','1993-04-26 11:50:36','2013-04-26 15:32:47'),
('754','892','354','154','4','54','Duchess, \'chop off her unfortunate guests to execution--once more the shriek of the suppressed guinea-pigs, filled the air, and came back again. \'Keep your temper,\' said the Dodo solemnly, rising to.','http://reingermarks.com/','2000-10-20 02:28:56','2009-11-28 13:12:02'),
('755','895','355','155','5','55','And concluded the banquet--] \'What IS the fun?\' said Alice. \'Oh, don\'t talk about her any more if you\'d like it very nice, (it had, in fact, I didn\'t know that you\'re mad?\' \'To begin with,\' said the.','http://dickinson.com/','1977-10-01 10:02:07','2007-04-29 16:39:02'),
('756','902','356','156','6','56','Alice; \'I must be removed,\' said the Mock Turtle went on. Her listeners were perfectly quiet till she was talking. Alice could hardly hear the name of nearly everything there. \'That\'s the most.','http://www.grady.com/','1977-11-28 09:10:39','2011-03-23 18:24:15'),
('757','907','357','157','7','57','Duchess, \'chop off her knowledge, as there seemed to Alice with one elbow against the door, she walked up towards it rather timidly, as she could. \'The game\'s going on within--a constant howling and.','http://www.jacobi.com/','1978-07-16 14:36:55','2001-12-08 13:49:17'),
('758','908','358','158','8','58','Alice; \'living at the Gryphon hastily. \'Go on with the strange creatures of her childhood: and how she would have this cat removed!\' The Queen smiled and passed on. \'Who ARE you doing out here? Run.','http://www.oconnellbernhard.com/','1998-06-06 04:41:47','2007-07-18 00:48:57'),
('759','911','359','159','9','59','And the Gryphon replied very solemnly. Alice was too dark to see anything; then she walked up towards it rather timidly, as she could. \'The Dormouse is asleep again,\' said the Mock Turtle replied in.','http://torphy.biz/','1977-12-08 16:31:39','1979-08-28 02:09:04'),
('760','914','360','160','10','60','Bill had left off when they arrived, with a pair of white kid gloves in one hand and a large arm-chair at one end of the day; and this he handed over to the heads of the Mock Turtle in the pool of.','http://wolff.com/','2016-05-30 16:30:19','2010-12-22 06:21:24'),
('761','917','361','161','11','61','Dormouse again, so she set to work nibbling at the corners: next the ten courtiers; these were all crowded round it, panting, and asking, \'But who has won?\' This question the Dodo in an offended.','http://www.bogan.com/','2002-06-09 08:49:17','2005-04-24 12:32:47'),
('762','918','362','162','12','62','Hatter, and here the Mock Turtle with a whiting. Now you know.\' \'I DON\'T know,\' said the Cat, \'a dog\'s not mad. You grant that?\' \'I suppose so,\' said the Hatter. \'I told you butter wouldn\'t suit the.','http://reichertgreen.com/','1992-08-15 19:36:15','1985-11-12 06:50:40'),
('763','919','363','163','13','63','There was not a moment to be no chance of her sharp little chin. \'I\'ve a right to grow up any more questions about it, you know.\' \'Not the same age as herself, to see some meaning in it.\' The jury.','http://www.goyette.org/','2003-05-26 16:39:33','2012-02-22 10:45:26'),
('764','921','364','164','14','64','Just then she had felt quite relieved to see if she had grown to her very earnestly, \'Now, Dinah, tell me your history, you know,\' said the Caterpillar. \'Well, I\'ve tried to get an opportunity of.','http://koss.net/','1973-08-17 07:33:24','1999-06-18 08:13:38'),
('765','923','365','165','15','65','Alice; \'but a grin without a great hurry. \'You did!\' said the Duck: \'it\'s generally a ridge or furrow in the lap of her little sister\'s dream. The long grass rustled at her side. She was looking for.','http://www.gleichner.com/','1973-11-13 17:16:28','1999-08-18 16:02:41'),
('766','924','366','166','16','66','Alice to herself, \'whenever I eat one of the well, and noticed that one of the table, half hoping that they would go, and broke to pieces against one of the fact. \'I keep them to sell,\' the Hatter.','http://abshireweimann.com/','1991-05-19 04:05:58','1997-09-18 00:36:57'),
('767','925','367','167','17','67','Puss,\' she began, in a VERY turn-up nose, much more like a telescope! I think I could, if I shall fall right THROUGH the earth! How funny it\'ll seem, sending presents to one\'s own feet! And how odd.','http://damore.info/','1982-12-17 04:07:21','1987-02-10 20:58:03'),
('768','927','368','168','18','68','He sent them word I had our Dinah here, I know I have none, Why, I haven\'t had a large cat which was sitting between them, fast asleep, and the Queen put on her toes when they liked, and left off.','http://www.zboncak.com/','1986-12-09 23:31:40','1979-07-07 05:19:20'),
('769','928','369','169','19','69','King, the Queen, the royal children; there were ten of them, and all would change to dull reality--the grass would be a book written about me, that there was nothing so VERY much out of his shrill.','http://www.walsh.net/','1977-04-29 17:13:49','2000-02-03 16:02:34'),
('770','930','370','170','20','70','Cat in a bit.\' \'Perhaps it doesn\'t mind.\' The table was a long time with great curiosity, and this Alice would not give all else for two reasons. First, because I\'m on the breeze that followed them,.','http://mohr.info/','1987-09-12 01:58:36','2004-08-19 07:10:13'),
('771','934','371','171','21','71','English); \'now I\'m opening out like the Mock Turtle: \'nine the next, and so on.\' \'What a number of executions the Queen was to twist it up into the teapot. \'At any rate I\'ll never go THERE again!\'.','http://www.pacochahane.com/','1974-01-13 11:15:18','1970-01-04 15:28:43'),
('772','936','372','172','22','72','Alice ventured to taste it, and found that it was the first verse,\' said the Caterpillar. \'Is that all?\' said the Hatter; \'so I should frighten them out with his head!\' or \'Off with her head!\' about.','http://www.kassulke.com/','1990-08-02 08:52:10','2015-12-27 02:52:21'),
('773','937','373','173','23','73','However, the Multiplication Table doesn\'t signify: let\'s try Geography. London is the capital of Paris, and Paris is the driest thing I know. Silence all round, if you cut your finger VERY deeply.','http://www.yundtwitting.net/','1995-10-10 01:33:29','1981-09-03 14:04:00'),
('774','938','374','174','24','74','The Frog-Footman repeated, in the act of crawling away: besides all this, there was no one to listen to me! I\'LL soon make you dry enough!\' They all returned from him to be rude, so she began again..','http://www.witting.biz/','2017-04-15 10:44:07','2008-04-29 08:12:22'),
('775','942','375','175','25','75','Gryphon, before Alice could not tell whether they were IN the well,\' Alice said very humbly; \'I won\'t interrupt again. I dare say you never had fits, my dear, YOU must cross-examine THIS witness.\'.','http://crona.com/','1986-06-30 19:08:50','2016-01-01 01:37:46'),
('776','943','376','176','26','76','Queen\'s shrill cries to the Hatter. This piece of it at last, and they can\'t prove I did: there\'s no harm in trying.\' So she called softly after it, \'Mouse dear! Do come back with the other queer.','http://www.zieme.com/','1975-07-04 07:01:07','1972-07-22 02:08:44'),
('777','944','377','177','27','77','Indeed, she had sat down at them, and it\'ll sit up and throw us, with the other end of every line: \'Speak roughly to your little boy, And beat him when he pleases!\' CHORUS. \'Wow! wow! wow!\' \'Here!.','http://casper.biz/','2011-10-13 15:54:15','1989-10-04 06:19:36'),
('778','945','378','178','28','78','Alice. \'I wonder what CAN have happened to me! When I used to say anything. \'Why,\' said the Dormouse; \'--well in.\' This answer so confused poor Alice, who felt ready to play croquet.\' Then they both.','http://hartmann.info/','1974-02-05 03:40:24','1996-09-30 05:13:18'),
('779','948','379','179','29','79','MUST be more to come, so she tried to curtsey as she said these words her foot slipped, and in a solemn tone, \'For the Duchess. An invitation from the time he had taken advantage of the sort. Next.','http://www.hayes.com/','2000-11-03 12:17:47','1990-08-26 09:31:28'),
('780','950','380','180','30','80','I\'m on the stairs. Alice knew it was just possible it had been. But her sister was reading, but it was written to nobody, which isn\'t usual, you know.\' \'I don\'t see any wine,\' she remarked. \'There.','http://www.hand.net/','1982-09-15 20:50:13','1998-09-17 13:01:59'),
('781','951','381','181','31','81','Alice knew it was looking about for it, he was going off into a tidy little room with a shiver. \'I beg your pardon,\' said Alice in a natural way. \'I thought you did,\' said the White Rabbit, \'and.','http://kreigerdaugherty.com/','1982-12-03 11:48:52','1979-11-06 19:10:36'),
('782','952','382','182','32','82','Dodo could not help thinking there MUST be more to come, so she tried to get into her face, with such a simple question,\' added the March Hare, who had followed him into the garden. Then she went on.','http://www.nitzsche.com/','2018-04-13 20:19:12','1974-07-04 15:10:30'),
('783','953','383','183','33','83','Still she went on: \'--that begins with a sudden leap out of a dance is it?\' The Gryphon sat up and said, \'That\'s right, Five! Always lay the blame on others!\' \'YOU\'D better not do that again!\' which.','http://www.torphy.com/','2002-03-27 04:19:06','2017-05-03 09:53:18'),
('784','954','384','184','34','84','Alice\'s head. \'Is that all?\' said the Duchess; \'and that\'s the jury, of course--\"I GAVE HER ONE, THEY GAVE HIM TWO--\" why, that must be the use of a muchness\"--did you ever eat a little startled by.','http://graham.org/','1979-04-07 23:20:21','1971-05-27 15:39:00'),
('785','955','385','185','35','85','ME.\' \'You!\' said the Caterpillar. \'I\'m afraid I can\'t show it you myself,\' the Mock Turtle sighed deeply, and began, in a low voice, \'Your Majesty must cross-examine the next thing was to eat some.','http://orn.com/','2008-04-22 00:18:10','2008-12-09 18:11:28'),
('786','956','386','186','36','86','Alice hastily replied; \'at least--at least I mean what I could not help thinking there MUST be more to be told so. \'It\'s really dreadful,\' she muttered to herself, \'I wish you wouldn\'t squeeze so.\'.','http://conroy.net/','1992-12-02 01:35:38','2019-11-10 20:51:00'),
('787','959','387','187','37','87','So they sat down, and felt quite strange at first; but she thought it over here,\' said the Knave, \'I didn\'t know how to get in?\' \'There might be hungry, in which the cook tulip-roots instead of.','http://mckenzie.info/','2006-06-20 22:00:15','1985-06-22 10:47:01'),
('788','960','388','188','38','88','What would become of you? I gave her answer. \'They\'re done with blacking, I believe.\' \'Boots and shoes under the sea,\' the Gryphon went on. \'I do,\' Alice said very politely, \'for I can\'t get out.','http://www.windler.net/','2019-02-12 00:15:39','1987-08-11 03:44:19'),
('789','961','389','189','39','89','I was a little different. But if I\'m not myself, you see.\' \'I don\'t like it, yer honour, at all, as the White Rabbit, \'but it doesn\'t matter much,\' thought Alice, as she could, for the first minute.','http://www.leschjacobi.net/','2014-08-14 17:06:38','1991-10-17 05:55:56'),
('790','962','390','190','40','90','Fish-Footman was gone, and the constant heavy sobbing of the door as you are; secondly, because she was surprised to see what I see\"!\' \'You might just as if she was up to Alice, and her face in some.','http://www.ebert.info/','1982-09-09 14:31:03','1982-02-10 16:35:58'),
('791','963','391','191','41','91','Alice looked all round her at the window, and on it were nine o\'clock in the same thing with you,\' said the Gryphon. \'Of course,\' the Mock Turtle. \'Certainly not!\' said Alice very politely; but she.','http://www.reinger.net/','1989-12-22 06:02:24','1971-10-18 23:42:29'),
('792','965','392','192','42','92','Alice, who always took a minute or two sobs choked his voice. \'Same as if he would deny it too: but the Hatter went on just as I\'d taken the highest tree in front of them, and it\'ll sit up and down.','http://hettinger.org/','2011-08-22 08:57:54','1970-03-12 10:21:35'),
('793','966','393','193','43','93','Queen, who were all writing very busily on slates. \'What are tarts made of?\' Alice asked in a coaxing tone, and added \'It isn\'t directed at all,\' said Alice: \'three inches is such a subject! Our.','http://www.schroeder.com/','1976-02-08 07:32:25','1991-12-09 09:31:21'),
('794','967','394','194','44','94','Will you, won\'t you, won\'t you, won\'t you, will you, won\'t you, won\'t you, will you, won\'t you, will you, won\'t you, won\'t you, will you, won\'t you join the dance. \'\"What matters it how far we go?\".','http://www.schimmel.com/','1994-12-31 16:15:46','1993-09-22 10:15:24'),
('795','969','395','195','45','95','Some of the sort. Next came the royal children, and everybody else. \'Leave off that!\' screamed the Queen. \'I haven\'t opened it yet,\' said the Cat, and vanished again. Alice waited a little, \'From.','http://www.oreilly.com/','1970-02-15 20:25:00','1984-10-14 11:12:03'),
('796','970','396','196','46','96','Mock Turtle yet?\' \'No,\' said the Mock Turtle, \'they--you\'ve seen them, of course?\' \'Yes,\' said Alice in a deep, hollow tone: \'sit down, both of you, and must know better\'; and this he handed over to.','http://www.mante.com/','2019-08-22 12:59:36','2003-05-26 10:21:15'),
('797','971','397','197','47','97','King, and he checked himself suddenly: the others all joined in chorus, \'Yes, please do!\' pleaded Alice. \'And where HAVE my shoulders got to? And oh, I wish you were INSIDE, you might do very well.','http://www.lubowitzswaniawski.com/','1985-03-23 02:21:42','2002-04-06 20:16:00'),
('798','973','398','198','48','98','By the use of this rope--Will the roof off.\' After a while, finding that nothing more to come, so she began nursing her child again, singing a sort of a sea of green leaves that had fluttered down.','http://www.wisoky.com/','2014-09-27 19:05:37','1973-05-29 15:31:19'),
('799','974','399','199','49','99','I\'m afraid,\' said Alice, feeling very glad to find herself still in existence; \'and now for the baby, and not to make personal remarks,\' Alice said very politely, \'if I had to fall a long tail,.','http://bechtelar.net/','2013-11-11 17:16:32','1989-10-04 00:48:46'),
('800','975','400','200','50','100','Alice, \'when one wasn\'t always growing larger and smaller, and being so many different sizes in a pleased tone. \'Pray don\'t trouble yourself to say it out to sea. So they couldn\'t get them out of.','http://johnston.com/','1982-10-13 10:20:26','1995-12-24 14:07:35'); 


DROP TABLE IF EXISTS `photo_albums`;
CREATE TABLE `photo_albums` (
  `id` bigint(20) unsigned NOT NULL AUTO_INCREMENT,
  `name` varchar(255) COLLATE utf8_unicode_ci DEFAULT NULL,
  `user_id` bigint(20) unsigned DEFAULT NULL,
  PRIMARY KEY (`id`),
  UNIQUE KEY `id` (`id`),
  KEY `user_id` (`user_id`),
  CONSTRAINT `photo_albums_ibfk_1` FOREIGN KEY (`user_id`) REFERENCES `users` (`id`)
) ENGINE=InnoDB AUTO_INCREMENT=201 DEFAULT CHARSET=utf8 COLLATE=utf8_unicode_ci;

INSERT INTO `photo_albums` VALUES ('1','magnam','501'),
('2','eveniet','502'),
('3','vitae','503'),
('4','perferendis','504'),
('5','officiis','505'),
('6','nisi','506'),
('7','eveniet','507'),
('8','ducimus','508'),
('9','adipisci','509'),
('10','rem','510'),
('11','est','512'),
('12','a','515'),
('13','quidem','520'),
('14','harum','521'),
('15','dolorum','523'),
('16','molestias','525'),
('17','a','528'),
('18','eos','529'),
('19','consequatur','535'),
('20','id','538'),
('21','ducimus','539'),
('22','voluptas','540'),
('23','cum','542'),
('24','rerum','543'),
('25','voluptas','544'),
('26','necessitatibus','545'),
('27','error','546'),
('28','qui','547'),
('29','beatae','548'),
('30','odit','549'),
('31','iusto','550'),
('32','qui','551'),
('33','veniam','553'),
('34','molestiae','554'),
('35','repellendus','555'),
('36','nesciunt','558'),
('37','sed','559'),
('38','illum','561'),
('39','autem','563'),
('40','quibusdam','567'),
('41','quos','571'),
('42','nobis','573'),
('43','id','574'),
('44','voluptatibus','575'),
('45','corrupti','579'),
('46','illo','580'),
('47','quas','581'),
('48','et','583'),
('49','asperiores','585'),
('50','est','587'),
('51','at','590'),
('52','laborum','594'),
('53','asperiores','601'),
('54','unde','603'),
('55','temporibus','605'),
('56','iste','607'),
('57','provident','608'),
('58','consequatur','609'),
('59','quasi','613'),
('60','natus','618'),
('61','cupiditate','619'),
('62','doloremque','620'),
('63','ratione','621'),
('64','aspernatur','625'),
('65','porro','628'),
('66','et','633'),
('67','sit','634'),
('68','eius','637'),
('69','rerum','639'),
('70','praesentium','641'),
('71','occaecati','643'),
('72','qui','645'),
('73','rerum','646'),
('74','perspiciatis','647'),
('75','rerum','650'),
('76','excepturi','651'),
('77','perspiciatis','653'),
('78','delectus','657'),
('79','modi','658'),
('80','ducimus','659'),
('81','reiciendis','666'),
('82','nemo','668'),
('83','aut','669'),
('84','molestiae','673'),
('85','omnis','677'),
('86','sed','678'),
('87','repellendus','679'),
('88','velit','688'),
('89','quis','689'),
('90','rerum','691'),
('91','enim','694'),
('92','est','695'),
('93','consequatur','696'),
('94','inventore','697'),
('95','ex','698'),
('96','sit','699'),
('97','enim','700'),
('98','incidunt','701'),
('99','sed','703'),
('100','vitae','704'),
('101','distinctio','706'),
('102','libero','707'),
('103','quod','709'),
('104','adipisci','711'),
('105','aut','713'),
('106','asperiores','715'),
('107','nemo','717'),
('108','sint','718'),
('109','nam','721'),
('110','dolores','723'),
('111','facilis','725'),
('112','in','727'),
('113','et','729'),
('114','cupiditate','733'),
('115','aut','737'),
('116','dolore','740'),
('117','ut','741'),
('118','praesentium','742'),
('119','voluptatibus','744'),
('120','id','745'),
('121','perspiciatis','747'),
('122','sit','751'),
('123','dolore','752'),
('124','eveniet','753'),
('125','et','754'),
('126','ut','756'),
('127','molestias','757'),
('128','qui','758'),
('129','et','759'),
('130','commodi','760'),
('131','modi','761'),
('132','iste','764'),
('133','voluptas','765'),
('134','nemo','766'),
('135','voluptatem','768'),
('136','esse','770'),
('137','sed','771'),
('138','qui','772'),
('139','sit','773'),
('140','repudiandae','774'),
('141','tenetur','778'),
('142','quia','779'),
('143','asperiores','780'),
('144','et','782'),
('145','voluptatem','783'),
('146','maiores','785'),
('147','maiores','787'),
('148','repellendus','788'),
('149','saepe','791'),
('150','magni','793'),
('151','et','794'),
('152','dolore','795'),
('153','expedita','796'),
('154','consequatur','797'),
('155','voluptates','798'),
('156','soluta','799'),
('157','perspiciatis','802'),
('158','exercitationem','803'),
('159','consequatur','806'),
('160','sit','810'),
('161','et','811'),
('162','atque','812'),
('163','ratione','813'),
('164','tempora','816'),
('165','et','817'),
('166','unde','818'),
('167','voluptatem','820'),
('168','qui','824'),
('169','assumenda','826'),
('170','exercitationem','827'),
('171','qui','828'),
('172','eveniet','829'),
('173','sint','830'),
('174','tempora','831'),
('175','nulla','834'),
('176','totam','835'),
('177','inventore','837'),
('178','vel','838'),
('179','perspiciatis','839'),
('180','est','845'),
('181','voluptatum','846'),
('182','quia','847'),
('183','eveniet','848'),
('184','velit','854'),
('185','nam','856'),
('186','magni','857'),
('187','incidunt','858'),
('188','nostrum','859'),
('189','ut','860'),
('190','officiis','861'),
('191','sint','862'),
('192','voluptatem','863'),
('193','maiores','865'),
('194','sint','872'),
('195','et','873'),
('196','consectetur','874'),
('197','eius','875'),
('198','totam','876'),
('199','repellat','877'),
('200','possimus','880'); 


DROP TABLE IF EXISTS `photos`;
CREATE TABLE `photos` (
  `id` bigint(20) unsigned NOT NULL AUTO_INCREMENT,
  `album_id` bigint(20) unsigned NOT NULL,
  `media_id` bigint(20) unsigned NOT NULL,
  PRIMARY KEY (`id`),
  KEY `album_id` (`album_id`),
  KEY `media_id` (`media_id`),
  CONSTRAINT `photos_ibfk_1` FOREIGN KEY (`album_id`) REFERENCES `photo_albums` (`id`),
  CONSTRAINT `photos_ibfk_2` FOREIGN KEY (`media_id`) REFERENCES `media` (`id`)
) ENGINE=InnoDB AUTO_INCREMENT=201 DEFAULT CHARSET=utf8 COLLATE=utf8_unicode_ci;

INSERT INTO `photos` VALUES ('1','1','1'),
('2','2','2'),
('3','3','3'),
('4','4','4'),
('5','5','5'),
('6','6','6'),
('7','7','7'),
('8','8','8'),
('9','9','9'),
('10','10','10'),
('11','11','11'),
('12','12','12'),
('13','13','13'),
('14','14','14'),
('15','15','15'),
('16','16','16'),
('17','17','17'),
('18','18','18'),
('19','19','19'),
('20','20','20'),
('21','21','21'),
('22','22','22'),
('23','23','23'),
('24','24','24'),
('25','25','25'),
('26','26','26'),
('27','27','27'),
('28','28','28'),
('29','29','29'),
('30','30','30'),
('31','31','31'),
('32','32','32'),
('33','33','33'),
('34','34','34'),
('35','35','35'),
('36','36','36'),
('37','37','37'),
('38','38','38'),
('39','39','39'),
('40','40','40'),
('41','41','41'),
('42','42','42'),
('43','43','43'),
('44','44','44'),
('45','45','45'),
('46','46','46'),
('47','47','47'),
('48','48','48'),
('49','49','49'),
('50','50','50'),
('51','51','51'),
('52','52','52'),
('53','53','53'),
('54','54','54'),
('55','55','55'),
('56','56','56'),
('57','57','57'),
('58','58','58'),
('59','59','59'),
('60','60','60'),
('61','61','61'),
('62','62','62'),
('63','63','63'),
('64','64','64'),
('65','65','65'),
('66','66','66'),
('67','67','67'),
('68','68','68'),
('69','69','69'),
('70','70','70'),
('71','71','71'),
('72','72','72'),
('73','73','73'),
('74','74','74'),
('75','75','75'),
('76','76','76'),
('77','77','77'),
('78','78','78'),
('79','79','79'),
('80','80','80'),
('81','81','81'),
('82','82','82'),
('83','83','83'),
('84','84','84'),
('85','85','85'),
('86','86','86'),
('87','87','87'),
('88','88','88'),
('89','89','89'),
('90','90','90'),
('91','91','91'),
('92','92','92'),
('93','93','93'),
('94','94','94'),
('95','95','95'),
('96','96','96'),
('97','97','97'),
('98','98','98'),
('99','99','99'),
('100','100','100'),
('101','101','101'),
('102','102','102'),
('103','103','103'),
('104','104','104'),
('105','105','105'),
('106','106','106'),
('107','107','107'),
('108','108','108'),
('109','109','109'),
('110','110','110'),
('111','111','111'),
('112','112','112'),
('113','113','113'),
('114','114','114'),
('115','115','115'),
('116','116','116'),
('117','117','117'),
('118','118','118'),
('119','119','119'),
('120','120','120'),
('121','121','121'),
('122','122','122'),
('123','123','123'),
('124','124','124'),
('125','125','125'),
('126','126','126'),
('127','127','127'),
('128','128','128'),
('129','129','129'),
('130','130','130'),
('131','131','131'),
('132','132','132'),
('133','133','133'),
('134','134','134'),
('135','135','135'),
('136','136','136'),
('137','137','137'),
('138','138','138'),
('139','139','139'),
('140','140','140'),
('141','141','141'),
('142','142','142'),
('143','143','143'),
('144','144','144'),
('145','145','145'),
('146','146','146'),
('147','147','147'),
('148','148','148'),
('149','149','149'),
('150','150','150'),
('151','151','151'),
('152','152','152'),
('153','153','153'),
('154','154','154'),
('155','155','155'),
('156','156','156'),
('157','157','157'),
('158','158','158'),
('159','159','159'),
('160','160','160'),
('161','161','161'),
('162','162','162'),
('163','163','163'),
('164','164','164'),
('165','165','165'),
('166','166','166'),
('167','167','167'),
('168','168','168'),
('169','169','169'),
('170','170','170'),
('171','171','171'),
('172','172','172'),
('173','173','173'),
('174','174','174'),
('175','175','175'),
('176','176','176'),
('177','177','177'),
('178','178','178'),
('179','179','179'),
('180','180','180'),
('181','181','181'),
('182','182','182'),
('183','183','183'),
('184','184','184'),
('185','185','185'),
('186','186','186'),
('187','187','187'),
('188','188','188'),
('189','189','189'),
('190','190','190'),
('191','191','191'),
('192','192','192'),
('193','193','193'),
('194','194','194'),
('195','195','195'),
('196','196','196'),
('197','197','197'),
('198','198','198'),
('199','199','199'),
('200','200','200'); 


DROP TABLE IF EXISTS `profiles`;
CREATE TABLE `profiles` (
  `user_id` bigint(20) unsigned NOT NULL AUTO_INCREMENT,
  `gender` char(1) COLLATE utf8_unicode_ci DEFAULT NULL,
  `birthday` date DEFAULT NULL,
  `photo_id` bigint(20) unsigned DEFAULT NULL,
  `created_at` datetime DEFAULT current_timestamp(),
  `hometown` varchar(100) COLLATE utf8_unicode_ci DEFAULT NULL,
  PRIMARY KEY (`user_id`),
  KEY `photo_id` (`photo_id`),
  CONSTRAINT `fk_user_id` FOREIGN KEY (`user_id`) REFERENCES `users` (`id`) ON DELETE NO ACTION ON UPDATE CASCADE,
  CONSTRAINT `profiles_ibfk_1` FOREIGN KEY (`photo_id`) REFERENCES `media` (`id`)
) ENGINE=InnoDB AUTO_INCREMENT=1001 DEFAULT CHARSET=utf8 COLLATE=utf8_unicode_ci;

INSERT INTO `profiles` VALUES ('501','M','1970-11-12','1','1982-03-15 21:12:23','Aurelieview'),
('502','M','1977-01-08','2','1983-05-11 15:45:55','East Hudsonton'),
('503','M','2000-04-07','3','1971-09-04 02:45:29','Halbury'),
('504','M','1970-05-15','4','2005-06-12 00:55:28','Stehrfurt'),
('505','D','2017-10-20','5','2010-08-01 20:41:05','Jordonview'),
('506','D','2013-06-12','6','2012-08-30 09:32:14','Runtemouth'),
('507','D','1976-01-01','7','2004-09-24 09:48:23','Luzmouth'),
('508','M','2012-12-06','8','1979-03-07 15:09:24','Daishaside'),
('509','D','2001-12-27','9','1983-10-05 13:53:27','South Elwyn'),
('510','D','1995-08-04','10','1979-11-08 18:27:48','Port Kattie'),
('512','D','1989-04-17','12','2003-04-17 12:58:47','Kemmerfurt'),
('515','M','2000-12-21','15','1995-12-24 02:35:24','Freddyview'),
('520','D','2016-01-10','20','1996-10-29 22:35:29','Lindton'),
('521','M','1972-08-31','21','1980-02-15 21:15:52','Caseyton'),
('523','M','2003-09-28','23','1974-07-12 13:58:37','Treutelberg'),
('525','M','1993-10-17','25','1973-06-04 20:07:13','Hoegerfort'),
('528','D','1992-11-10','28','1982-08-28 13:03:48','West Amiyaview'),
('529','D','1993-05-11','29','1973-05-04 19:35:53','North Paolo'),
('535','P','1985-04-24','35','2017-04-06 17:01:25','East Jaqueline'),
('538','P','1986-10-30','38','2006-04-07 04:15:41','Halvorsonland'),
('539','P','1970-09-12','39','2007-01-29 17:32:20','Fredychester'),
('540','P','2005-05-22','40','2009-04-14 08:27:16','North Albin'),
('542','M','1987-03-25','42','1989-11-19 15:01:07','Schadenborough'),
('543','M','1998-09-21','43','2019-02-27 07:56:24','Coraliestad'),
('544','D','2019-03-21','44','1971-06-07 11:00:53','West Raulton'),
('545','M','2005-05-31','45','1977-03-22 15:44:09','East Lindsayville'),
('546','M','2004-04-09','46','1977-03-16 18:06:58','North Genesis'),
('547','D','1999-02-13','47','2005-01-29 04:20:29','East Carleton'),
('548','P','2004-03-23','48','1972-01-10 00:18:35','Port Zoilamouth'),
('549','M','2009-12-29','49','1970-11-20 21:36:33','North Madalynstad'),
('550','P','1985-08-31','50','2013-10-18 07:07:24','Simeonville'),
('551','P','1995-08-24','51','1995-03-02 11:16:10','North Brentmouth'),
('553','P','1994-12-04','53','2011-08-03 21:21:52','East Justyn'),
('554','D','2018-03-01','54','1975-09-09 05:01:50','Port Milo'),
('555','D','1970-03-08','55','1998-12-10 08:30:02','Port Janae'),
('558','M','2007-10-15','58','1983-10-26 11:56:26','New Hershel'),
('559','M','1977-07-30','59','1993-01-20 09:24:09','Boyerland'),
('561','M','1981-12-20','61','1989-08-29 12:56:18','Eladioborough'),
('563','M','1970-03-11','63','1979-04-14 17:50:05','Collierstad'),
('567','D','2004-02-16','67','1996-01-26 10:01:17','Floyborough'),
('571','M','1981-03-26','71','2007-06-21 19:03:48','Michellemouth'),
('573','D','2004-12-07','73','1981-09-04 06:07:49','Kailynborough'),
('574','M','2001-05-03','74','1986-09-03 14:38:07','Bertrandmouth'),
('575','P','1992-08-19','75','1980-02-16 09:42:29','Gustside'),
('579','M','1989-04-03','79','1979-01-29 03:31:12','Aleenborough'),
('580','D','2012-06-29','80','1979-03-22 04:21:19','D\'Amoreport'),
('581','M','2007-03-11','81','2016-05-04 01:36:57','Schuppebury'),
('583','M','2017-11-03','83','2014-05-25 03:03:30','Reillystad'),
('585','M','2006-01-18','85','2003-12-13 06:33:20','Thielland'),
('587','M','2019-11-18','87','2007-07-29 13:04:20','South Scarlettbury'),
('590','P','1991-01-01','90','2015-03-16 22:56:16','South Anais'),
('594','D','1991-11-03','94','1971-10-01 10:03:00','Barrowsfort'),
('601','D','1990-06-03','101','1992-07-12 22:30:19','Antwanmouth'),
('603','M','2011-06-20','103','1995-10-31 07:27:10','Lake Bethel'),
('605','M','1997-07-01','105','1976-04-17 06:26:01','Lake Diamond'),
('607','P','2007-10-19','107','1987-05-08 23:08:49','Monahanfort'),
('608','D','1986-07-14','108','2011-03-24 06:39:55','East Pattieport'),
('609','M','2004-11-21','109','1979-08-01 11:36:01','Ozellaberg'),
('613','M','1971-09-27','113','1976-05-13 20:21:01','Port Aureliatown'),
('618','D','1997-07-17','118','1975-07-02 01:30:55','South Samarahaven'),
('619','M','2005-10-23','119','2005-01-14 08:58:11','South Jameyfort'),
('620','M','1979-04-10','120','1974-07-26 03:59:00','Lednerborough'),
('621','D','2006-11-17','121','2018-11-25 20:16:35','New Justynborough'),
('625','M','1987-07-11','125','2005-05-25 12:37:51','Devonbury'),
('628','M','2002-03-21','128','2004-06-17 01:00:12','Katlynborough'),
('633','P','2020-01-25','133','1988-11-11 03:26:27','Satterfieldstad'),
('634','M','2005-08-30','134','2019-05-07 18:24:28','North Vern'),
('637','D','2010-02-18','137','2011-04-27 21:42:27','Nitzschetown'),
('639','D','1980-10-08','139','1973-05-19 12:27:46','Hoytchester'),
('641','P','1991-04-14','141','1981-07-10 20:15:32','North Cornelltown'),
('643','M','1970-10-02','143','2014-10-10 05:50:48','New Ansleymouth'),
('645','P','2013-02-23','145','2007-06-19 21:45:38','Lake Vern'),
('646','P','1995-01-01','146','1978-03-03 14:00:51','North Eveline'),
('647','D','1980-06-13','147','2012-09-04 10:20:54','Denesikshire'),
('650','D','2001-06-15','150','2013-06-23 01:14:25','Walshton'),
('651','P','1988-08-19','151','1970-07-27 14:28:16','Lake Eddie'),
('653','D','1984-04-12','153','2016-04-20 13:39:49','North Porter'),
('657','M','2018-06-18','157','2017-11-22 11:50:03','Nienowchester'),
('658','P','2002-03-28','158','1976-10-25 19:07:12','New Irmaberg'),
('659','P','1970-01-10','159','2005-04-22 05:43:36','Loganbury'),
('666','M','2012-03-29','166','1982-09-26 02:39:56','East Kadefort'),
('668','P','1975-01-25','168','2006-10-13 05:07:40','East Kennaville'),
('669','P','2000-09-27','169','2005-11-24 11:34:14','Gorczanyton'),
('673','D','1977-02-22','173','2010-09-25 13:26:44','Margarettview'),
('677','P','2019-02-27','177','2003-01-19 22:29:02','Nelsonland'),
('678','M','2013-08-19','178','2010-08-26 10:34:49','Camronfort'),
('679','P','1980-07-24','179','1994-02-09 15:03:58','Lake Reta'),
('688','D','1997-02-12','188','1999-04-21 18:28:45','Laurynstad'),
('689','P','1998-12-18','189','2002-05-30 22:18:56','Abagailchester'),
('691','P','1977-05-22','191','1977-02-20 19:52:46','Port Zakaryshire'),
('694','P','2011-01-28','194','2000-06-18 23:33:48','West Malcolmmouth'),
('695','D','2009-03-19','195','1992-02-20 06:07:16','Adamsport'),
('696','M','1980-05-25','196','1984-11-18 20:39:46','Gerdaside'),
('697','D','2019-01-26','197','2006-12-18 14:38:04','Asabury'),
('698','M','1996-10-29','198','1984-07-28 19:17:24','East Carlitown'),
('699','P','2004-10-10','199','2008-07-31 08:45:41','Craigfurt'),
('700','P','2018-10-28','200','1986-09-17 22:00:42','East Corrineburgh'),
('701','M','1984-10-18','201','1973-02-27 02:45:02','New Rollinshire'),
('703','D','1989-10-05','203','2004-11-04 00:34:51','East Moisesview'),
('704','M','1979-10-19','204','1992-05-15 23:47:31','Lake Triston'),
('706','P','1988-09-08','206','1973-09-11 16:30:29','Brycenfort'),
('707','M','2013-08-23','207','1981-02-09 18:22:51','South Braxtonton'),
('709','M','1971-05-17','209','2016-12-25 01:52:25','West Newtonfort'),
('711','M','2012-06-23','211','2015-03-03 12:43:18','Elinorchester'),
('713','D','1975-03-10','213','1987-09-24 18:18:31','Breitenbergside'),
('715','P','2002-11-09','215','2007-10-07 09:31:28','North Lizeth'),
('717','P','1994-04-10','217','1970-06-10 01:28:55','Runolfssonhaven'),
('718','M','2007-02-23','218','2016-11-02 08:01:14','Frederickside'),
('721','D','2018-09-20','221','1981-09-09 21:37:38','Hamillton'),
('723','D','2012-12-07','223','1979-08-11 23:54:55','Cassandremouth'),
('725','D','2016-05-16','225','1988-02-07 10:15:55','Lake Juana'),
('727','D','1979-09-21','227','1975-01-24 11:01:40','Marquardtchester'),
('729','M','1977-12-12','229','1998-07-09 06:02:34','South Santa'),
('733','P','1991-05-22','233','1977-12-05 14:35:40','West Pascaletown'),
('737','D','2009-07-15','237','1985-11-08 02:09:38','Russelfort'),
('740','D','2020-02-08','240','2018-02-14 04:48:11','Halvorsonberg'),
('741','D','2007-04-27','241','2015-06-02 10:41:27','New Lexie'),
('742','M','1976-02-05','242','1993-02-17 07:47:01','Kelsieberg'),
('744','P','1975-07-20','244','2004-11-04 15:49:02','Lake Jaydaville'),
('745','D','1974-10-27','245','1987-01-23 01:51:39','Torphyport'),
('747','M','1976-11-10','247','2011-05-31 23:16:06','Port Nicofurt'),
('751','M','2011-05-22','251','1991-08-27 04:51:06','South Justyntown'),
('752','D','1974-09-08','252','1976-01-31 07:19:30','Schneiderfort'),
('753','D','2019-03-02','253','1986-11-16 18:38:32','Beierchester'),
('754','M','2001-07-21','254','2004-07-12 01:40:39','East Chanelleborough'),
('756','M','1970-11-30','256','2011-11-29 12:29:25','Rollinchester'),
('757','P','1982-11-16','257','2016-09-12 07:49:07','Port Myron'),
('758','P','1994-08-04','258','1995-10-21 18:23:57','Lake Brooksmouth'),
('759','D','1990-10-04','259','1995-01-12 11:16:41','Port Fayport'),
('760','M','1997-04-25','260','2019-06-02 10:07:23','Port Kennaview'),
('761','M','1974-05-03','261','2005-05-17 20:53:46','South Daniellebury'),
('764','P','1974-02-19','264','2015-05-15 11:39:13','Willburgh'),
('765','M','1986-04-19','265','1998-05-26 05:49:42','West Macieview'),
('766','P','2001-09-29','266','2003-12-05 12:11:05','Zachariahport'),
('768','P','1994-05-15','268','1983-09-02 04:49:49','Zettachester'),
('770','P','1985-09-19','270','1975-10-14 18:16:57','South Margaretta'),
('771','M','1977-03-16','271','2017-09-07 01:26:35','North Davontemouth'),
('772','M','1990-03-31','272','1970-11-18 00:05:00','North Miafort'),
('773','M','1996-05-13','273','2014-07-17 16:53:18','West Crystel'),
('774','M','1995-12-31','274','1970-04-16 12:48:36','East Coreneburgh'),
('778','M','1985-07-08','278','1998-05-23 09:42:43','New Cielo'),
('779','P','2001-05-24','279','1997-04-28 21:21:03','Wolffport'),
('780','M','1972-06-19','280','1990-09-25 08:57:50','Nienowhaven'),
('782','D','2001-10-22','282','2011-01-29 02:58:27','Fadelside'),
('783','P','2012-05-11','283','1991-03-30 00:17:29','North Zakary'),
('785','D','2011-12-07','285','2018-10-09 05:54:32','South Napoleonbury'),
('787','P','1986-03-09','287','2018-05-15 18:06:04','Marcelinofurt'),
('788','D','1992-06-11','288','2002-08-05 05:16:53','New Francesmouth'),
('791','D','2004-02-07','291','2011-10-11 01:01:05','Keeblerberg'),
('793','D','1975-08-31','293','2015-08-21 16:27:12','New Celestine'),
('794','M','1995-04-09','294','1975-06-30 20:30:53','Juanitaside'),
('795','P','1993-05-16','295','2016-09-06 23:42:28','South Nathenfurt'),
('796','M','1999-03-11','296','1991-04-09 03:23:25','Lake Hallie'),
('797','P','2016-05-31','297','1986-02-21 20:53:15','Wilmatown'),
('798','D','2003-11-12','298','2016-06-05 21:33:59','Nitzscheborough'),
('799','D','1985-09-17','299','2016-06-01 04:59:29','Dickistad'),
('802','M','1982-04-04','302','1998-04-03 12:23:48','New Jaren'),
('803','M','2010-01-21','303','1993-07-15 02:18:07','North Giovanni'),
('806','P','1997-01-01','306','2002-03-01 11:05:41','East Rosariochester'),
('810','D','2001-12-07','310','1971-09-23 17:49:04','DuBuquestad'),
('811','M','1990-05-08','311','2017-06-19 18:51:29','Johnstonborough'),
('812','M','1972-09-20','312','1975-02-02 23:45:30','West Cassieview'),
('813','P','2000-12-29','313','1977-01-27 04:51:29','North Hattiefurt'),
('816','P','2005-11-15','316','1979-07-08 15:07:35','Margarettefort'),
('817','M','1991-04-07','317','2010-11-02 10:22:06','Cartwrightfort'),
('818','M','1997-05-29','318','1992-01-08 13:37:17','Corwinville'),
('820','P','1971-12-05','320','2015-03-22 12:51:14','Othaside'),
('824','M','2019-01-09','324','2015-03-07 07:21:07','Ferrystad'),
('826','M','2006-01-07','326','2003-09-15 11:10:45','Armstrongmouth'),
('827','M','1989-02-19','327','1982-02-15 12:22:11','Port Hectorchester'),
('828','D','1996-09-04','328','1978-11-12 04:38:40','South Chazchester'),
('829','M','2018-11-22','329','2006-06-11 19:31:20','Port Otilia'),
('830','M','2011-03-23','330','2019-10-23 04:38:27','North Kavonhaven'),
('831','M','2008-09-22','331','1975-03-28 19:03:04','Lake Terrance'),
('834','M','1970-10-09','334','1983-03-10 10:59:24','Beverlyville'),
('835','M','1974-12-15','335','1989-01-21 22:57:14','Lake Evaland'),
('837','P','2000-06-03','337','2008-01-26 16:34:51','Waltermouth'),
('838','P','1987-01-06','338','2006-02-09 18:14:20','West Briana'),
('839','M','2002-08-26','339','1975-06-27 04:56:08','Cleveside'),
('845','M','2009-02-17','345','1986-01-27 02:39:54','East Max'),
('846','M','2005-10-25','346','1997-09-07 19:16:04','Brannonville'),
('847','D','1996-03-20','347','2016-01-21 13:01:17','South Garnettton'),
('848','M','2000-08-23','348','2005-06-17 12:33:08','East Amiyachester'),
('854','P','1979-07-14','354','2018-01-26 04:48:03','East Winfieldtown'),
('856','D','1975-03-18','356','1989-10-19 17:15:35','West Jaquan'),
('857','D','1984-07-19','357','1993-07-15 21:33:59','North Maryse'),
('858','D','1992-06-21','358','1985-03-21 14:37:27','East Sydnee'),
('859','D','1974-05-19','359','1973-09-29 14:11:18','Rettaside'),
('860','P','1994-01-24','360','1977-11-12 00:24:03','Corrineside'),
('861','P','2011-12-06','361','2015-04-16 15:39:15','Angusfurt'),
('862','M','1998-04-30','362','1987-10-21 15:35:46','Lake Salliemouth'),
('863','P','1980-05-12','363','1982-04-28 23:17:38','South Theronside'),
('865','M','1997-03-12','365','1974-02-19 12:47:51','Port Carleton'),
('872','D','1988-12-02','372','1990-03-01 16:47:19','Brendenberg'),
('873','M','1988-09-13','373','2015-01-27 20:07:51','New Alexanne'),
('874','D','2010-09-15','374','1979-03-12 07:08:06','Icieport'),
('875','D','1997-05-18','375','1979-11-05 10:36:28','New Magdalena'),
('876','M','1984-04-12','376','1990-10-30 07:37:27','McCulloughberg'),
('877','P','1978-12-15','377','2006-06-07 11:55:56','Gaylordshire'),
('880','M','1990-04-01','380','2005-05-19 21:57:13','Orvilleburgh'),
('881','M','2019-11-13','381','2004-02-13 21:10:23','Martinmouth'),
('882','M','1978-08-31','382','2007-06-20 15:43:38','Lehnerland'),
('883','P','1996-01-11','383','2019-06-09 12:30:20','Wiegandmouth'),
('884','D','2001-09-15','384','1971-02-03 02:10:21','Thompsonville'),
('885','M','1998-05-16','385','1991-09-23 06:06:14','Koelpinland'),
('886','D','1998-06-06','386','1999-06-06 12:25:59','Hilarioburgh'),
('887','M','1975-11-03','387','1981-04-24 23:56:15','Anastasialand'),
('888','P','2000-05-03','388','1972-02-09 05:30:01','Port Dougtown'),
('889','P','1987-04-27','389','1975-02-27 20:58:52','Lake Letaton'),
('890','D','1999-08-12','390','2011-08-06 05:12:12','Rueckertown'),
('891','D','2004-05-29','391','2001-02-07 16:36:05','West Catharinetown'),
('892','M','1993-03-11','392','2007-03-08 20:14:07','Lake Madisonfurt'),
('895','D','1992-08-16','395','1999-10-16 12:07:29','North Jaylan'),
('902','M','1998-08-28','2','1980-12-20 17:34:32','Jaquelinehaven'),
('907','M','2007-10-02','7','1996-01-07 08:56:57','Dixieport'),
('908','M','1980-09-14','8','1975-07-13 20:31:50','Leslyville'),
('911','P','2015-11-22','11','1988-01-15 19:50:42','Andreaneburgh'),
('914','D','2001-04-02','14','1975-08-03 08:02:14','Aubreetown'),
('917','M','1987-05-03','17','1992-11-17 09:44:12','North Elliott'),
('918','M','2016-10-31','18','1986-05-02 04:50:59','Ferrymouth'),
('919','M','1980-05-23','19','1979-06-10 05:20:51','Lemketon'),
('921','M','2001-09-16','21','1987-08-02 19:46:14','West Harmony'),
('923','M','2006-03-09','23','2003-10-19 04:14:18','Carolburgh'),
('924','P','1987-03-30','24','1992-07-19 18:44:40','South Luigi'),
('925','P','2018-01-22','25','1994-05-27 18:40:14','Shannaport'),
('927','M','2018-10-17','27','1992-06-19 02:43:30','West Jerrod'),
('928','M','1979-02-12','28','1986-07-30 15:55:35','East Celestineport'),
('930','P','2003-04-03','30','1977-09-29 20:15:58','Lehnerborough'),
('934','M','2006-10-19','34','2004-02-29 14:51:37','Lake Dariuschester'),
('936','M','2008-03-16','36','2004-06-26 15:08:56','Bayerton'),
('937','D','1989-07-24','37','1973-01-01 15:54:28','Ziemestad'),
('938','D','1982-12-14','38','1987-03-05 14:16:52','Padbergside'),
('942','M','1978-10-22','42','1993-12-30 07:01:59','North Karianne'),
('943','P','1994-10-23','43','2007-03-18 05:31:32','Lake Skylaview'),
('944','M','1990-05-09','44','1986-02-17 22:15:53','Christellefort'),
('945','D','2014-08-26','45','2011-02-21 03:32:49','Danielfort'),
('948','D','1998-09-03','48','1983-03-08 08:24:53','New Scarletthaven'),
('950','M','2013-12-10','50','1981-01-19 14:10:48','New Alanna'),
('951','M','2002-05-12','51','2014-01-08 11:28:13','Wolfchester'),
('952','P','1974-07-26','52','1985-08-23 20:55:46','Champlinberg'),
('953','P','1986-08-01','53','2004-08-29 21:18:47','Elviechester'),
('954','M','2005-11-01','54','2018-06-24 22:16:02','New Amely'),
('955','M','2010-09-17','55','2009-06-15 19:21:20','South Breannaland'),
('956','M','2002-12-05','56','1984-05-01 01:59:44','Wunschbury'),
('959','D','2013-11-30','59','2004-08-26 15:55:01','Port Mose'),
('960','M','1999-10-13','60','1971-12-26 03:21:06','Willmsfurt'),
('961','M','1989-03-13','61','1986-06-23 17:31:48','South Alizefort'),
('962','D','1981-07-02','62','1986-07-31 06:48:22','Weberberg'),
('963','M','2001-01-03','63','2003-09-27 03:43:47','Chadmouth'),
('965','P','1994-07-17','65','1986-05-11 17:38:10','West Shanyport'),
('966','P','2005-05-21','66','1997-05-25 08:57:41','O\'Connerton'),
('967','M','2009-09-29','67','1995-12-16 11:20:53','Reinaberg'),
('969','P','2001-01-31','69','1996-09-17 02:56:59','Greenfelderchester'),
('970','M','1980-09-02','70','1993-09-21 22:03:14','Port Sadyeside'),
('971','M','1989-03-29','71','1971-02-11 03:58:28','Lake Jazminland'),
('973','P','1975-02-12','73','1993-07-21 04:49:16','Carsonchester'),
('974','P','1998-11-28','74','1980-12-21 22:05:19','Lonnieborough'),
('975','M','2016-05-07','75','1997-11-03 09:52:31','Emmanuelmouth'),
('976','P','2011-06-10','76','1986-07-02 14:42:48','Robertsport'),
('980','M','1990-04-26','80','2007-04-08 08:17:25','Lake Bransonville'),
('981','M','1993-05-19','81','2001-04-09 12:37:39','Angiehaven'),
('982','M','1981-07-17','82','2002-01-01 07:38:32','Konopelskiborough'),
('983','D','1983-05-30','83','1978-09-16 09:29:30','Ernestinashire'),
('986','M','1970-07-20','86','2006-12-05 07:00:05','Jedton'),
('987','P','1980-09-02','87','1999-06-17 18:00:36','East Madelynmouth'),
('989','D','2017-08-11','89','2017-10-02 05:36:56','West Alannafort'),
('993','D','2013-07-05','93','1983-04-23 03:28:55','Sanfordstad'),
('994','M','1979-06-01','94','1991-11-01 12:32:43','West Blanche'),
('995','P','1971-03-07','95','2000-01-21 09:37:28','Rutherfordberg'),
('997','M','2019-05-09','97','1974-08-03 05:01:18','South Madysonmouth'),
('999','D','2008-12-08','99','1986-10-03 08:48:09','Hoppestad'); 


DROP TABLE IF EXISTS `proposals`;
CREATE TABLE `proposals` (
  `id` bigint(20) unsigned NOT NULL AUTO_INCREMENT,
  `user_proposal_id` bigint(20) unsigned NOT NULL,
  `communities_proposal_id` bigint(20) unsigned DEFAULT NULL,
  `text_proposal` text COLLATE utf8_unicode_ci NOT NULL,
  `filename_proposal` varchar(255) COLLATE utf8_unicode_ci DEFAULT NULL,
  `size_proposal` int(11) DEFAULT NULL,
  `metadata_proposal` longtext CHARACTER SET utf8mb4 COLLATE utf8mb4_bin DEFAULT NULL,
  `data_close_proposal` datetime NOT NULL,
  `created_proposal_at` datetime DEFAULT current_timestamp(),
  `updated_proposal_at` datetime DEFAULT current_timestamp() ON UPDATE current_timestamp(),
  PRIMARY KEY (`id`),
  KEY `user_proposal_id` (`user_proposal_id`),
  KEY `communities_proposal_id` (`communities_proposal_id`),
  CONSTRAINT `proposals_ibfk_1` FOREIGN KEY (`user_proposal_id`) REFERENCES `users` (`id`),
  CONSTRAINT `proposals_ibfk_2` FOREIGN KEY (`communities_proposal_id`) REFERENCES `communities` (`id`)
) ENGINE=InnoDB AUTO_INCREMENT=151 DEFAULT CHARSET=utf8 COLLATE=utf8_unicode_ci;

INSERT INTO `proposals` VALUES ('1','501','1','Eos dolorem eaque corrupti nemo omnis ex. Et quam quia dolor sit et id. Et et aut quibusdam sunt magnam. Reprehenderit similique reiciendis totam et.','pariatur','381026',NULL,'1983-06-11 00:03:43','1985-01-25 17:35:51','1985-07-14 15:08:52'),
('2','502','2','Necessitatibus eos et voluptatum a sed. Numquam nihil adipisci qui. Quas facilis eos corrupti quisquam.','fugit','0',NULL,'2003-03-20 00:25:04','2017-12-28 05:26:30','1974-09-10 01:54:06'),
('3','503','3','Nostrum quo explicabo cum at ad at non sint. A labore quas dignissimos. Officia quos ipsam asperiores odit voluptas provident et dolorem. Quisquam animi id labore magni magni sed expedita aut.','et','2187403',NULL,'2016-02-01 02:15:17','1982-01-13 21:30:53','1984-07-29 15:17:54'),
('4','504','4','Eos porro quo voluptatem sit perspiciatis. Et eveniet consequatur aut aliquam amet quisquam tempore. Autem cupiditate eum nihil in libero reiciendis exercitationem et.','quod','8004',NULL,'1985-08-10 07:10:36','2012-05-27 23:17:00','2015-02-22 20:24:02'),
('5','505','5','Nesciunt aliquam qui culpa minima neque. Qui sint nisi et eos omnis impedit est. Eum consequatur omnis quam deserunt eum rerum blanditiis.','sint','27595213',NULL,'2013-02-22 10:59:24','2017-09-12 07:04:51','2008-04-20 20:06:05'),
('6','506','6','Et fugit et accusamus a facilis. Distinctio ut iste et quas. Quasi saepe rem officiis voluptas rem. Commodi animi quidem sed voluptas.','autem','67739',NULL,'2007-06-03 23:48:26','2005-04-10 01:42:17','1983-11-15 04:36:35'),
('7','507','7','Aliquam ducimus sunt repudiandae sunt repellendus voluptatem. Nemo minus sapiente est consequatur voluptatem inventore aut. Eaque reprehenderit qui velit eos.','nobis','296',NULL,'1972-05-13 11:57:40','2020-03-27 11:36:29','1981-01-21 22:33:55'),
('8','508','8','Fugit eius est ea culpa. Consequatur ut a eveniet qui. Voluptatem aliquam dolorem dolorem sit occaecati doloremque eaque quas. Sed sunt esse consequuntur aut mollitia consequatur facilis nulla.','minus','29250968',NULL,'1975-08-01 18:32:26','2018-12-21 03:17:51','1977-12-06 02:36:42'),
('9','509','9','Consequuntur est eveniet maxime veniam. In atque alias quam amet temporibus cupiditate ea. Voluptatem nulla hic sed qui veniam dolor.','rem','924087',NULL,'1983-05-15 14:48:09','2012-10-21 04:45:07','1974-11-03 07:11:39'),
('10','510','10','Officiis aliquam voluptatem possimus eveniet amet. Labore illo quisquam est placeat. Repellendus iste placeat harum sit laudantium neque perferendis. Sit porro quia consequatur sed ab.','ex','3648',NULL,'1989-03-17 04:20:49','2016-03-14 19:35:43','2017-01-13 00:32:38'),
('11','512','11','Voluptatem ut odio vel expedita optio quo est. Nostrum dolores molestias blanditiis laudantium ut. Veniam est perspiciatis ut nesciunt qui. Ea repudiandae enim ut aut qui quasi.','sapiente','28415',NULL,'2008-06-30 18:06:45','2007-12-13 07:34:55','1993-05-05 09:40:16'),
('12','515','12','In quasi quia nihil asperiores qui nisi nam. Enim explicabo amet voluptatem architecto ut quia recusandae. Possimus harum possimus dolores est praesentium error qui.','qui','71312',NULL,'2014-11-02 15:40:02','2004-02-21 11:50:19','1989-12-17 08:40:32'),
('13','520','13','Tenetur molestiae tempora quod at voluptates soluta asperiores. Eos perferendis inventore iste. Deserunt nam praesentium aut. Facilis qui doloremque consequatur.','nobis','5687642',NULL,'1979-06-17 07:00:16','1978-08-05 09:11:38','1988-04-14 23:29:48'),
('14','521','14','Blanditiis est est fugit fuga eum magni illum commodi. Eos doloremque sapiente necessitatibus in est deserunt. Non voluptas nobis ratione ipsum tenetur sapiente omnis qui.','voluptas','1918168',NULL,'2000-01-09 20:57:52','1995-08-21 18:33:34','1993-12-07 01:21:24'),
('15','523','15','Excepturi ipsum sequi qui quisquam quam voluptates minus. Eveniet sed possimus et dicta nobis dolorum aliquam.','enim','73502014',NULL,'2018-04-04 03:18:13','1990-12-17 03:39:40','1972-02-08 18:54:08'),
('16','525','16','Laboriosam porro harum laboriosam. Rem placeat dolores et odit commodi laborum est. Repudiandae asperiores et aspernatur qui nisi ut.','quaerat','0',NULL,'2014-02-05 04:21:36','1975-11-02 21:11:28','1988-03-18 01:01:27'),
('17','528','17','Illo et ut sunt voluptas et. Laborum accusantium quia in adipisci. Tempore nostrum sint ducimus velit beatae sequi in. Consequatur vero placeat blanditiis distinctio consequatur et.','nobis','80918588',NULL,'1988-04-13 22:38:34','1979-12-06 05:10:58','2013-02-06 14:31:14'),
('18','529','18','In sint ipsam velit aut dolore itaque. Enim numquam eius minus quia. Nobis fugiat magnam sint impedit eos. Officia et voluptates dolorem sit minus et.','possimus','0',NULL,'2003-12-03 17:36:07','1985-12-24 07:47:27','1981-12-22 15:34:35'),
('19','535','19','Dicta rerum dolorum nihil molestias odio labore voluptate in. Eos illo vel error nihil eligendi reiciendis. Eveniet natus sed exercitationem voluptas vel inventore.','nesciunt','51956380',NULL,'2011-04-26 16:50:35','2015-03-29 13:08:25','2002-08-03 18:30:22'),
('20','538','20','Placeat consequatur aut exercitationem doloribus et nulla. Aperiam odio nihil aspernatur id. Est ut dolore voluptatem non. Architecto sed alias distinctio delectus optio odio. Qui nemo molestias quia voluptatem maxime rerum et.','est','3',NULL,'1972-12-21 21:13:30','1995-11-08 00:03:27','2017-01-22 00:23:32'),
('21','539','21','Architecto voluptates fugiat hic quo veritatis nihil quas. Nostrum vel provident fugit molestias. Maxime facere aut quia et ipsam.','repellat','279931',NULL,'1996-12-31 00:57:08','1989-12-22 21:35:52','2014-10-11 23:48:14'),
('22','540','22','Et laudantium et tenetur delectus voluptate. Occaecati dolores et reiciendis velit qui quo. Natus eos minus aut ea et accusamus. Autem ad quas eaque voluptates itaque soluta.','cum','208',NULL,'1976-10-29 03:04:08','2015-11-30 22:42:15','2010-11-17 21:38:59'),
('23','542','23','Molestiae suscipit qui harum neque eos ut deserunt. Maxime modi aut consequatur quae laudantium saepe sint. Ipsam ex recusandae et aperiam debitis. Ipsum dolores dolores qui rem ea veritatis expedita.','nostrum','6084395',NULL,'1983-05-19 13:44:56','1982-11-25 19:14:13','2002-03-20 08:37:00'),
('24','543','24','Et repellat sed soluta reprehenderit. Fuga aut et fuga qui error. Qui minima incidunt reiciendis qui eligendi sed quia.','sit','26296',NULL,'2014-06-26 17:09:12','1975-04-10 09:20:58','1978-04-04 07:45:59'),
('25','544','25','Aliquid eius quia accusamus quia corporis. Eum rerum qui asperiores et harum odio facilis. Eveniet culpa et eligendi ullam rerum aut odit. Adipisci blanditiis totam et rerum expedita corrupti.','placeat','8',NULL,'2012-01-05 06:59:29','2002-07-23 00:03:02','2004-12-31 18:57:52'),
('26','545','26','Ullam molestiae eius nulla et. Nulla distinctio sunt inventore reiciendis impedit nihil quis. Est dolor aut animi eveniet.','at','580',NULL,'1990-07-28 12:56:04','1999-06-04 18:26:13','2010-08-16 05:12:12'),
('27','546','27','Ut architecto beatae sequi velit et consequuntur. Eum quibusdam iure exercitationem commodi. Voluptas ratione explicabo iure.','enim','8697',NULL,'1996-05-20 08:09:41','2014-07-14 09:57:46','2015-11-24 21:54:23'),
('28','547','28','Reprehenderit quod dolor earum inventore voluptatibus sunt vero. Quisquam blanditiis sed porro. Distinctio repellendus minima facilis occaecati et voluptate.','dolorum','544016',NULL,'1977-12-30 21:57:13','1989-03-12 06:25:19','1998-02-28 13:48:32'),
('29','548','29','Excepturi ut totam id possimus omnis maxime officia animi. Nulla necessitatibus accusantium architecto eos. Omnis omnis omnis totam molestias aut dolores.','in','9106145',NULL,'1975-11-18 10:40:17','1981-05-22 11:38:25','2006-10-02 23:31:42'),
('30','549','30','Quibusdam explicabo quod sit accusamus est culpa. Consequatur officiis qui nesciunt molestias ut. Quos voluptates est iure quam molestias.','alias','226855',NULL,'1996-05-06 20:21:16','1998-03-03 10:01:31','2013-01-10 10:27:39'),
('31','550','31','Necessitatibus distinctio voluptas architecto. Voluptatem quasi dolore vitae consectetur. Ut autem quaerat alias suscipit. Maxime accusamus id repellat porro est.','consectetur','9',NULL,'2007-06-11 10:39:37','1980-10-25 22:01:37','1972-05-21 04:12:39'),
('32','551','32','Quo accusantium corporis cupiditate voluptate sit porro quia natus. Delectus suscipit hic animi qui. Dicta incidunt ullam esse est reiciendis officiis in. Voluptate in blanditiis ea ut.','dolor','27338493',NULL,'1993-01-09 00:56:17','1974-09-28 11:30:57','2019-11-05 06:45:23'),
('33','553','33','Dicta maiores aperiam molestias odit. Fugit exercitationem at et praesentium veniam deserunt. Soluta placeat ut nemo amet voluptatibus. Qui cum quis voluptatem itaque tempore ut.','praesentium','0',NULL,'1976-02-22 18:58:39','2012-09-06 09:35:13','2013-11-20 06:10:40'),
('34','554','34','Praesentium praesentium dolorem et deserunt. Sit sunt praesentium quia facere accusantium. Eius aut voluptas harum commodi quia aut. Ea quia cupiditate dicta autem voluptas illo.','et','3',NULL,'1999-10-20 10:23:55','1976-10-19 12:28:29','1985-12-28 13:23:15'),
('35','555','35','Est laudantium qui deserunt vel ipsam nihil fugit. Voluptas eum ut cum ut sed omnis nobis. Quia voluptatem enim dolores. Voluptatem ad deleniti quidem et.','ut','6243856',NULL,'1999-06-02 12:42:41','1999-04-06 12:32:39','1985-11-06 12:07:20'),
('36','558','36','Neque vel unde corrupti voluptatem est velit. Quia impedit nam natus accusantium delectus. Tempora nam quia sint consectetur ducimus incidunt.','iste','13008118',NULL,'2016-11-18 22:41:23','1970-07-26 10:55:20','2010-08-26 02:43:46'),
('37','559','37','Illum eos qui consequatur ut. Ducimus quos ut repellendus illum fugiat nihil.','non','7',NULL,'2013-02-24 23:04:33','1990-08-25 00:49:20','2004-02-28 20:32:14'),
('38','561','38','Eos id nemo voluptate deserunt vitae. Sed illum consequuntur perspiciatis ipsa. Est perspiciatis incidunt aut autem explicabo sed. Labore vel eius quos non corporis.','corporis','644499',NULL,'2015-03-23 16:14:46','1995-11-13 16:41:22','2017-05-04 22:42:44'),
('39','563','39','Velit fugiat nihil delectus dolor. Assumenda nesciunt possimus vero tempore accusamus. Sit a sint est ipsa. Minima consectetur laudantium et ut beatae aspernatur.','aut','0',NULL,'2014-04-28 15:02:16','2013-01-09 14:50:17','1986-03-30 15:47:08'),
('40','567','40','Ea tenetur quo a ut voluptate corrupti enim. Velit beatae quo fugiat. Omnis qui et perferendis consequatur doloribus perspiciatis. Blanditiis officia voluptates eaque esse quia quis omnis. Libero dolorem quae molestiae recusandae fuga.','libero','923475584',NULL,'2005-11-12 10:11:52','1994-12-03 15:02:52','1972-06-11 07:48:56'),
('41','571','41','Omnis corrupti commodi nesciunt sed impedit porro. Est est et sunt nulla nostrum possimus quia. Est omnis expedita voluptates. Quidem omnis iusto rerum quisquam dolore.','cumque','618282',NULL,'1985-06-05 17:01:02','1981-01-01 21:20:02','2007-02-03 16:21:06'),
('42','573','42','Hic et autem voluptatem. Nam perspiciatis et iure non non dicta ea. Totam neque quia recusandae et dolorem perspiciatis. Similique eos cum incidunt voluptatibus.','incidunt','205',NULL,'1973-11-21 20:06:23','2010-07-11 12:46:54','1974-11-19 08:28:37'),
('43','574','43','Consectetur magnam consequatur aut rerum qui quisquam dolor. Soluta ad vel et cupiditate nulla deleniti. Enim commodi totam et aut. Ipsum commodi distinctio tempora accusantium et ea incidunt itaque.','ut','80',NULL,'2013-06-15 07:19:12','2002-08-18 03:48:51','1974-06-21 20:02:10'),
('44','575','44','Voluptatem necessitatibus tempora labore. Deleniti dolorum possimus quidem expedita rerum necessitatibus fugiat. Reprehenderit neque blanditiis est inventore aut fugit beatae. Culpa quae dolorem asperiores atque dolores est aperiam.','voluptatem','91790403',NULL,'1973-03-25 16:17:12','1974-03-21 21:05:48','2011-05-01 13:58:45'),
('45','579','45','Numquam laboriosam unde nulla blanditiis est sed et odit. Velit eos consectetur dicta repellat. Illum et id ab mollitia. Eum est voluptatem molestiae dolor facere enim.','voluptatem','0',NULL,'2015-12-09 19:07:44','2014-04-29 22:51:33','2012-03-31 00:45:03'),
('46','580','46','Rem ea ea optio. Beatae qui placeat ducimus voluptatum in laboriosam. Error non quis corporis qui laudantium a consequatur. Qui amet odit sit nihil quisquam.','odio','37940',NULL,'1982-06-26 06:48:38','1999-11-22 13:01:52','1981-02-06 05:21:15'),
('47','581','47','Accusamus sit rerum dolor repudiandae ipsam. Aut cumque ut consequatur. Voluptatem nihil sint amet. Sapiente itaque et officia ut eos molestiae sunt.','sunt','8404542',NULL,'2011-08-08 22:12:33','1980-09-09 00:56:01','1975-11-10 04:53:17'),
('48','583','48','Et ut rerum error similique doloremque cum. Sequi in animi quidem tempore. Ad at aspernatur aut.','nihil','6390975',NULL,'2015-01-22 17:09:37','1997-02-15 03:36:23','1993-11-23 06:20:47'),
('49','585','49','Ea ducimus ut reprehenderit. Quia maiores ea dolor omnis sed esse excepturi illo.','fuga','3728',NULL,'1994-08-25 10:16:00','2003-03-24 06:20:33','2010-01-02 22:15:56'),
('50','587','50','Aperiam nihil est non incidunt neque placeat explicabo. Ratione deleniti neque ut odit aut. Est qui quae voluptatem enim accusamus illum. Et quidem hic omnis deserunt.','qui','313084',NULL,'2010-11-25 00:00:54','1984-05-24 05:03:25','1992-04-05 03:52:28'),
('51','590','51','Qui dolore consequuntur sint commodi ut. Harum eos et nemo eos officia omnis. Nesciunt quidem tempore voluptatibus debitis ratione sunt et.','cumque','0',NULL,'1994-07-26 11:56:41','1991-04-30 22:34:18','1987-10-06 04:30:05'),
('52','594','52','Numquam quia architecto esse repellat. Cum eveniet autem corporis cupiditate et est.','totam','280100',NULL,'1999-07-16 15:05:33','1996-09-05 13:45:01','2015-07-27 17:45:46'),
('53','601','53','Et aut magnam recusandae est quasi ipsa ipsam culpa. Dolore ut veritatis dolor numquam eveniet. Rerum aut vero non laboriosam.','et','42',NULL,'1998-04-16 02:38:04','1975-03-14 21:38:01','1970-12-21 01:22:34'),
('54','603','54','Maiores est incidunt possimus. Beatae laudantium voluptatibus laudantium itaque repudiandae ipsum accusamus sunt. Quos veritatis harum incidunt error inventore ad voluptatem rerum.','dolorem','5631052',NULL,'2015-11-03 09:59:52','2002-09-10 14:35:40','2019-12-25 04:14:54'),
('55','605','55','Officia explicabo id porro explicabo voluptatem qui. Corrupti omnis architecto et dolores vitae. Quidem illo non sint laudantium non atque. Iusto dolorum sit ex at.','voluptatem','6167',NULL,'2002-09-07 18:01:42','2015-03-07 02:29:26','1998-04-15 21:33:33'),
('56','607','56','Facere perferendis cumque tenetur. Ad reprehenderit harum cupiditate ea sed quidem. Rerum explicabo quaerat est animi eum voluptates recusandae.','debitis','467',NULL,'2000-08-15 08:21:05','1982-02-19 13:15:08','1997-02-25 04:32:18'),
('57','608','57','Laudantium nihil quia ut quaerat nostrum a voluptas. Et fugiat magni aut placeat. Ut sapiente quisquam explicabo est aliquam aut. Animi ea fugit quia quibusdam quae eligendi repellat. Fugiat enim omnis ut voluptas sequi.','ratione','690247470',NULL,'1982-09-10 21:45:01','2002-09-27 13:41:16','1992-11-09 09:59:07'),
('58','609','58','Est delectus voluptatibus doloribus et. Est eaque itaque veniam. Accusamus quis perferendis ea quia incidunt. Ipsum adipisci quo accusamus et.','facere','1',NULL,'1992-05-20 20:32:03','1990-09-25 02:08:27','1971-07-23 16:09:06'),
('59','613','59','Dolorum amet minima voluptatem iste. Est inventore dolorem fugiat porro dicta.','et','9',NULL,'1980-12-10 01:39:25','2013-12-31 18:22:42','2019-01-23 00:35:39'),
('60','618','60','Nam ea voluptates esse quasi. Occaecati quam nostrum dolorum. Facilis quod sit modi ut deleniti nesciunt exercitationem.','eos','7',NULL,'1976-01-03 11:34:06','2005-10-15 10:37:17','1972-05-28 07:05:46'),
('61','619','61','Omnis quos ea quod voluptas. Aperiam molestiae omnis modi dicta. Quis et expedita aut. Aspernatur exercitationem fugiat eaque vel.','iure','0',NULL,'2011-09-27 18:04:24','1978-02-10 08:23:50','1971-05-14 07:19:38'),
('62','620','62','Ipsa quod et aut cumque atque eum est. Deleniti sequi necessitatibus veniam ratione quae qui ut. Magni aliquam optio doloribus nulla. Error placeat voluptates magnam dolor aut praesentium voluptatem. Ut mollitia eaque aut et velit neque ex.','tempore','344059',NULL,'1985-09-17 09:22:52','2005-12-28 18:35:32','2011-08-10 15:03:01'),
('63','621','63','Rerum nemo quibusdam repudiandae minus consequuntur qui sunt. In aperiam possimus omnis saepe eum laborum. Ea est molestiae voluptatem eligendi. Rerum sed aut omnis cum doloremque. Vero necessitatibus omnis iusto debitis magni natus ut.','et','4',NULL,'2012-10-02 03:46:27','1996-07-31 05:44:41','1977-10-13 17:23:30'),
('64','625','64','Qui ea eaque error voluptas vel beatae. Veniam quod at nisi pariatur repellat repellendus dolor. Nisi quidem necessitatibus quisquam nihil assumenda.','qui','29426',NULL,'1977-02-12 09:36:45','2015-03-16 14:16:23','1979-08-06 20:32:49'),
('65','628','65','Non nobis non ullam qui. Non at voluptatem consequatur voluptatem ducimus officia. Corporis tempora quo aut autem veritatis non quo eos.','non','8461',NULL,'2018-11-07 06:27:54','1981-06-30 08:42:18','1997-10-31 23:03:35'),
('66','633','66','Sunt id voluptas natus amet minus doloribus et. Ut ad enim corporis et eius vitae aspernatur. Est enim voluptas recusandae odit.','aut','20164',NULL,'2013-09-26 00:35:14','1971-10-04 05:43:38','2010-01-30 20:40:20'),
('67','634','67','Voluptatem omnis ad maxime ex libero ipsum. A consequatur rerum dolor nulla aut suscipit. Eos ipsa sed quia consequatur doloremque debitis.','quam','48034',NULL,'2013-07-01 05:18:53','1997-05-22 22:43:56','1997-05-24 00:29:04'),
('68','637','68','Dolore voluptate sint sint repellat rerum cupiditate impedit similique. Nulla odit cumque porro animi est eos. Modi et repellendus nihil ex at sed molestiae quidem. Minus ad laudantium ut quidem et earum sint.','eum','716107733',NULL,'1995-04-20 16:50:29','1988-06-03 14:11:23','1982-04-06 09:40:47'),
('69','639','69','Repellat unde ut nam eos et soluta. Accusamus eveniet assumenda culpa expedita. Explicabo optio facere quia vitae. Eveniet vero sint unde quidem sed aut.','sapiente','604',NULL,'1986-08-21 14:05:19','1995-10-22 03:09:30','1990-11-28 06:04:09'),
('70','641','70','Ut officiis ut suscipit ut sit modi sint. Voluptas animi corrupti minima enim magni. Aliquam sed dolores ea dolores aliquam molestias et.','non','35182',NULL,'2005-05-11 03:20:51','1991-08-26 09:31:41','1994-12-26 13:17:32'),
('71','643','71','Voluptatem incidunt et commodi omnis ea quod incidunt. Temporibus est voluptas illo velit suscipit similique voluptatem. Sed rerum nemo hic deserunt velit.','quaerat','30',NULL,'2004-05-20 02:14:40','1996-01-22 16:34:28','1982-12-30 17:27:59'),
('72','645','72','Ea quos autem maiores numquam. Ipsam nostrum et optio et. Rerum voluptas consequatur in. Autem cupiditate porro vel similique reprehenderit.','autem','623895890',NULL,'1983-04-12 17:22:20','1970-04-13 16:56:25','1987-09-10 10:51:33'),
('73','646','73','Soluta id eos aut repellat optio magnam. Sed magni ut perspiciatis. Eligendi saepe ut nihil voluptatibus tempora maxime neque impedit.','iure','542870',NULL,'2009-05-26 21:35:24','2004-01-25 19:42:07','1996-03-16 03:01:05'),
('74','647','74','Hic sint ipsam reiciendis recusandae est iste. Delectus laboriosam quos consequatur enim distinctio laboriosam omnis aut.','delectus','9666',NULL,'1979-03-12 03:42:56','1976-07-22 00:45:12','1989-08-08 02:21:17'),
('75','650','75','Esse culpa iusto eveniet nesciunt in nihil. Reiciendis error quam consequatur quia aut dolorem velit. Mollitia et consequatur consectetur cupiditate id alias. Asperiores quibusdam voluptatum nulla iure amet.','qui','73581',NULL,'1981-01-16 08:53:05','2003-12-30 23:03:25','1997-09-08 13:21:03'),
('76','651','76','Cumque deserunt officiis culpa ab optio eligendi esse. Quidem ut voluptatem sunt est et ut accusamus. Delectus sunt repellat nihil possimus aut.','quisquam','894',NULL,'2018-10-05 10:38:21','2009-04-18 18:29:39','1999-09-19 19:13:22'),
('77','653','77','Sed repellat accusantium ut sed et consequatur. Ut et est delectus. Saepe ad sint vel sapiente tempora est. Quae non natus incidunt non nobis neque.','repellat','859735',NULL,'2004-02-27 07:14:24','1970-07-16 07:17:31','1990-07-06 20:12:06'),
('78','657','78','Recusandae eveniet consequatur eos laboriosam. Nesciunt error consectetur doloribus adipisci dolores. Eligendi dicta neque magni autem voluptatem distinctio quos. Vel non sint iusto deserunt nobis qui.','enim','680921588',NULL,'2013-12-01 11:47:50','2015-11-17 14:01:26','2010-12-15 03:17:29'),
('79','658','79','Ex deleniti non sunt. Aspernatur ullam eos voluptatem est et ut tempora. Iure sit omnis et amet reprehenderit. At facere quod nihil et cupiditate a qui.','possimus','16112',NULL,'2006-11-14 13:10:05','1982-06-01 21:24:54','2003-05-14 19:35:15'),
('80','659','80','Quasi eum et libero eum quo aut illum esse. Aliquid magni non doloremque nesciunt dolorem corporis. Et enim assumenda expedita. Omnis ut assumenda qui sapiente.','dicta','802181995',NULL,'1975-05-29 01:15:11','2009-08-28 09:22:37','2009-05-20 09:02:30'),
('81','666','81','Assumenda cupiditate et iure a. Amet assumenda optio eveniet. Accusamus accusantium et sit.','voluptatem','95378',NULL,'1971-11-30 18:18:38','2017-12-14 22:45:00','1975-10-01 23:24:24'),
('82','668','82','Reprehenderit est quia et. Soluta rerum libero eos eum molestiae velit. Eos aliquid dicta architecto sapiente dolorem voluptatem et.','quod','2',NULL,'1984-06-18 12:03:20','2006-03-17 13:58:56','1981-09-11 09:55:18'),
('83','669','83','Commodi dolores est numquam omnis. Omnis quae molestiae iste ducimus iure nulla. Iure minima debitis sed. Voluptatem unde aut voluptate eos sed incidunt veniam.','labore','311863769',NULL,'1983-02-12 07:40:15','1997-03-16 12:23:58','2015-07-02 11:24:59'),
('84','673','84','Aliquid quam ab sit veniam. Sunt qui quaerat debitis doloremque nam. Iusto ut minima ea blanditiis similique explicabo libero.','doloribus','889',NULL,'1972-03-02 22:25:37','1996-08-22 16:50:55','1998-10-07 10:14:01'),
('85','677','85','Accusamus ducimus voluptas itaque et quas voluptatem et. Veritatis incidunt qui similique assumenda dolor qui et. Ducimus ipsam eos explicabo sint. Repellat sint doloribus repudiandae cupiditate aliquid qui.','eum','1',NULL,'1984-09-21 16:13:30','2002-10-06 00:15:55','2011-11-30 12:52:46'),
('86','678','86','Quisquam sint voluptatem sit aut. Est culpa sed in. Dignissimos recusandae quo eveniet aut facere tenetur.','mollitia','4506',NULL,'2002-05-06 22:54:41','1977-10-12 16:00:20','2012-02-26 15:02:46'),
('87','679','87','Id laudantium voluptates cum modi qui et. Placeat et sit rerum. Sunt ipsa dolorum magni temporibus quibusdam saepe distinctio. Odio placeat numquam voluptatem. Fuga deleniti enim sed sunt illo sunt iusto.','veritatis','46046142',NULL,'2018-02-10 22:47:57','1986-06-17 09:19:47','2008-08-24 01:20:41'),
('88','688','88','Necessitatibus a commodi harum quia odio est. Fugiat impedit et ipsum natus. Ea libero fugit aperiam doloribus dolorem. Delectus temporibus error est suscipit animi voluptatem ea vero.','rerum','242788',NULL,'1976-06-26 20:19:35','1974-08-19 18:36:50','1970-03-15 01:57:23'),
('89','689','89','At omnis similique nam enim rerum ut officia quam. Consequatur fuga quis suscipit sunt aliquam neque similique. Est perspiciatis quo maxime et rerum natus odit.','vel','81',NULL,'2010-08-13 15:54:06','1998-09-04 09:09:49','1973-12-08 21:01:48'),
('90','691','90','Sunt dolorem accusamus praesentium eligendi doloribus facere consequuntur. Eos libero sit quidem occaecati impedit. Aut quis cupiditate delectus rerum consequatur mollitia tempore. Fuga nulla quaerat inventore quisquam velit.','distinctio','846590',NULL,'1990-11-19 07:46:00','1977-02-04 17:17:14','2019-02-17 14:49:24'),
('91','694','91','Nesciunt exercitationem qui blanditiis reprehenderit minus libero quis. Aperiam non dolorum enim et illo. In numquam consequatur sed id repudiandae facilis dolor.','placeat','764732',NULL,'1975-08-28 19:23:34','1980-03-05 03:19:51','1972-12-17 14:32:48'),
('92','695','92','Aut iste quia amet illum. Voluptatem accusamus ut sit enim esse. Alias et eveniet ut rerum ut et.','atque','536429',NULL,'1997-01-31 00:40:00','2015-01-17 10:36:45','1991-09-21 04:52:49'),
('93','696','93','Quasi veniam et quaerat rerum at. Atque velit et qui vel ullam eos at dolor. Non velit magni totam magnam suscipit.','voluptatum','92782841',NULL,'1984-12-04 02:33:58','1986-04-01 18:00:29','1990-06-19 11:40:23'),
('94','697','94','Culpa repudiandae et sit est. Aut delectus non sequi repudiandae architecto. Omnis tempora non in alias sequi perferendis itaque. At odit molestiae asperiores maiores.','ad','81679962',NULL,'2001-12-15 05:29:22','1988-09-15 18:12:30','1972-08-24 18:02:14'),
('95','698','95','Tenetur sed quam sed deserunt. Eos quod ipsum adipisci voluptatem sapiente excepturi id. In esse nihil repellat id officiis quo tempora.','eaque','3622224',NULL,'2019-05-15 20:10:15','1986-12-24 12:42:42','2017-10-29 20:10:30'),
('96','699','96','Ea sit in incidunt sunt. Accusantium soluta fugit et earum quis. Soluta fuga autem occaecati quia occaecati architecto. Labore odit saepe odit eius earum.','quia','7293394',NULL,'2012-02-28 05:15:52','2017-11-03 10:36:29','1991-05-18 14:56:39'),
('97','700','97','Voluptas tenetur voluptatem iste alias sed praesentium error. Rerum laborum sapiente similique.','officiis','32265',NULL,'1982-03-05 20:32:10','1982-08-11 21:13:51','1981-02-19 08:13:57'),
('98','701','98','Ullam est quibusdam nobis sunt. Laudantium doloribus debitis et consequatur facilis. Nisi dolorem eos ad nulla deserunt quia suscipit molestiae.','consectetur','421',NULL,'1997-12-28 09:16:47','1994-11-24 12:53:33','2001-09-05 15:57:50'),
('99','703','99','Commodi eum non quam delectus. Voluptates veritatis illum dolorem qui sed sunt. Omnis distinctio voluptatem nihil iste saepe. Aliquam rerum sequi sit et.','quia','4224',NULL,'2006-01-23 16:30:52','1977-07-02 13:03:54','1973-01-29 07:50:59'),
('100','704','100','Corrupti veritatis nulla voluptatem quis recusandae quo. Perspiciatis quidem odio vel iusto ipsum quo rerum qui. Atque veniam aliquid excepturi nobis aperiam.','sunt','16020',NULL,'1971-02-09 16:11:38','1975-08-19 02:24:07','1974-07-24 23:18:48'),
('101','706','1','Incidunt beatae suscipit corporis consequuntur id. Fugit nihil odit sed magnam labore commodi. Corporis deleniti sequi vitae necessitatibus vero. Suscipit ex voluptatem voluptates ut sit expedita iure ut.','voluptas','6775018',NULL,'1971-09-11 11:56:21','1993-04-25 03:48:18','2017-11-03 10:24:01'),
('102','707','2','Excepturi et et dolorem est. Labore et delectus magni laborum molestiae et voluptas. Deserunt facilis enim iure qui aut labore minima omnis.','quae','0',NULL,'1982-02-26 23:13:29','1978-04-12 06:12:48','1995-01-12 12:52:02'),
('103','709','3','Et quo est commodi laborum. Nesciunt ut similique inventore nobis aliquid. Quos minima inventore in animi et non dolorem. Commodi est nihil nihil sint.','maxime','45499704',NULL,'2016-05-27 09:48:33','2004-07-26 06:08:55','1993-09-08 22:05:03'),
('104','711','4','Et quae deserunt doloremque veniam non. Asperiores tenetur quia magni esse similique ad. Est rerum aperiam minima soluta sint nihil.','suscipit','90',NULL,'2005-07-13 18:27:54','1985-01-20 03:06:15','1996-06-02 19:01:53'),
('105','713','5','Quo ratione iste cum sed vitae nemo blanditiis. Soluta vel reprehenderit iusto porro expedita excepturi dolorum. Et dolorem reiciendis quia ea error veritatis. Eius autem suscipit tempore est quam velit.','placeat','5',NULL,'1995-06-07 22:56:13','1982-11-02 08:33:14','1988-10-04 04:28:57'),
('106','715','6','Doloremque rerum libero voluptatem sed consequatur. Impedit ullam tenetur eligendi. Est dolorem nobis dolores nobis vel ipsa. Molestiae autem ea iusto ratione quos et.','neque','136',NULL,'2001-05-16 13:58:37','1986-09-21 02:10:42','1981-08-31 05:38:44'),
('107','717','7','Est blanditiis eius quae quam sequi pariatur laborum. Incidunt quo ut eos. Ea inventore porro delectus fugiat laborum laboriosam sit.','accusantium','215357786',NULL,'1980-05-24 11:14:12','1985-03-26 04:31:33','1987-02-27 00:04:37'),
('108','718','8','Distinctio provident eum iste sapiente. Deserunt maxime natus sunt dolore aut autem tempora. Voluptatibus dolorem qui necessitatibus. Est quasi ex minima possimus. Quas dignissimos officia quasi sit hic.','eius','18635',NULL,'2005-11-03 08:36:52','1981-05-19 18:43:04','2012-12-03 10:14:05'),
('109','721','9','Enim ut et perspiciatis exercitationem sit. Quam vero culpa doloribus temporibus nostrum autem inventore. Velit sed veritatis error eum aliquam. Vero illum velit distinctio necessitatibus mollitia.','iste','595512',NULL,'1982-12-25 18:38:47','1973-11-14 12:20:13','2007-12-15 09:41:48'),
('110','723','10','Saepe deserunt quia dignissimos alias unde. Doloribus ratione qui autem laudantium. Eius omnis rerum placeat explicabo. Eaque modi voluptatibus aut suscipit.','ut','16753',NULL,'1980-02-14 03:44:55','1980-06-21 21:09:48','2004-04-24 16:45:19'),
('111','725','11','Qui exercitationem fugit magni eveniet voluptatem omnis. Nihil qui ut voluptas corporis occaecati fuga quam. Dolor enim nihil assumenda aut qui sed reiciendis. Sunt aliquam omnis maxime quis dicta ea.','ullam','6036',NULL,'1982-01-03 01:37:08','1973-04-09 17:52:30','1978-10-28 11:22:33'),
('112','727','12','Aspernatur dolore accusamus suscipit quidem autem ad. Voluptatum illum maxime facilis corrupti repellendus facere dolores quo. Eveniet expedita qui et.','maxime','5437',NULL,'1974-09-16 22:26:15','2000-07-16 14:12:37','2009-01-14 15:21:58'),
('113','729','13','Sunt nulla nesciunt quia aut facilis omnis porro minus. Possimus ab dolorem et commodi ratione. Incidunt minima amet delectus adipisci ducimus dolor vitae. Consequatur voluptas ea voluptas id et quod.','dolor','4320',NULL,'1975-10-28 08:30:25','1992-01-30 05:09:55','1991-12-27 00:48:34'),
('114','733','14','Iure et voluptates fugiat debitis nisi. Aut dicta debitis necessitatibus sit sit atque sit explicabo. Cumque aut odit error delectus dolorem enim odit. Alias aut autem error aspernatur aut.','dignissimos','707441',NULL,'1977-08-07 17:41:08','2010-04-07 16:14:12','1992-09-01 08:19:17'),
('115','737','15','Quia voluptates ad quisquam molestiae non. Accusantium molestiae et odio voluptates. Et repudiandae rerum dolores.','delectus','50',NULL,'1978-08-20 08:23:33','2009-06-07 06:53:42','2000-05-27 04:45:58'),
('116','740','16','Dolore est illum error velit itaque. Occaecati distinctio molestiae excepturi aut a sunt.','ab','7',NULL,'2017-08-04 21:28:22','2000-10-04 07:06:25','1982-04-29 02:35:12'),
('117','741','17','Consequuntur vero quos reiciendis sunt expedita cumque. In qui quae vel veritatis et ducimus in eaque. In illum non voluptatem in et. Veritatis laudantium quia maxime rem maiores tempore.','deleniti','9',NULL,'1980-07-04 11:48:50','2018-06-05 08:07:22','1990-04-05 21:59:00'),
('118','742','18','Voluptas non odit reprehenderit nesciunt est. Ut consequatur ut voluptatem voluptas id fugit et. Odit rerum debitis cupiditate cupiditate voluptatem quo. Blanditiis minus corrupti et inventore perspiciatis et aliquam maiores. Et fugiat exercitationem quia dolor natus.','consequuntur','2046138',NULL,'1989-11-17 19:04:25','2000-03-17 14:36:11','1976-08-30 23:23:17'),
('119','744','19','Natus qui placeat laborum et temporibus ut. Culpa omnis voluptatem eveniet fugiat enim asperiores. Aut et odit voluptatem dolor velit non expedita.','molestias','6',NULL,'1981-08-02 10:58:20','1998-09-01 05:52:11','2007-11-29 05:03:47'),
('120','745','20','Mollitia cum et accusantium debitis quaerat error non. Cupiditate magni maxime autem non. Vel aperiam quis soluta sequi et quo quis voluptas. Quisquam beatae voluptates repellendus velit recusandae. Et enim dignissimos beatae et explicabo rem.','possimus','472',NULL,'1995-12-12 13:16:09','1978-10-23 07:08:50','2004-07-05 13:04:42'),
('121','747','21','Eum non aspernatur quas et officia incidunt. Temporibus quo dicta repellat dolorem voluptas. Voluptas et sunt inventore explicabo atque excepturi totam reiciendis.','id','14',NULL,'1998-08-13 00:57:45','1996-04-04 03:24:34','1982-02-16 11:12:42'),
('122','751','22','Dolore quas pariatur corporis non tempora qui. Error consequatur dolores perferendis aliquid in. Voluptatem aut repudiandae numquam repellat ea blanditiis. Modi provident ut possimus laudantium ea.','qui','990991078',NULL,'1980-03-19 21:50:00','2010-06-17 19:45:23','1972-01-12 21:30:21'),
('123','752','23','Qui numquam voluptatem quo aliquid quasi perspiciatis sapiente. Qui sit est nemo magnam assumenda enim. Maiores aut corporis temporibus facere deleniti. Iusto nam distinctio hic nihil. Sit voluptatibus et ullam.','suscipit','0',NULL,'1991-08-25 04:51:22','2008-10-21 02:46:05','1971-12-12 14:19:54'),
('124','753','24','Doloremque quisquam occaecati omnis qui necessitatibus dolore. Facilis atque in magnam ex ad. Numquam consequatur eos autem nesciunt inventore exercitationem. Odit non suscipit eaque quod tempore.','sit','142363107',NULL,'1983-03-27 11:50:20','2016-01-30 10:59:59','1976-11-01 20:37:58'),
('125','754','25','Eveniet porro temporibus voluptates quae earum dolor. Veniam nemo enim autem facilis consequuntur aut. Incidunt quasi maiores illum rerum voluptates consequatur ut. Eum iusto perspiciatis repudiandae ratione dolore facere beatae deleniti.','inventore','0',NULL,'2000-09-10 21:39:37','2017-11-08 16:42:39','1976-07-22 06:11:06'),
('126','756','26','Expedita aliquam rerum ea. Quod sunt sed ex ipsam quos. Est voluptas vitae nihil dignissimos accusantium. Officia est in sint et ea. Dolorum consequatur minima debitis assumenda et.','non','48248',NULL,'2006-05-22 16:47:47','2003-09-13 02:45:41','1981-08-06 12:43:35'),
('127','757','27','Suscipit impedit nulla et iure. Sit optio voluptatibus reprehenderit molestiae nesciunt. Eos doloribus minus quam fugit commodi pariatur quia. Et vitae eum quibusdam dolor voluptas assumenda ducimus.','quam','0',NULL,'2003-09-05 10:47:18','1973-10-30 20:31:22','2017-05-15 17:02:29'),
('128','758','28','Molestiae placeat animi quos cum et id. Sit accusamus soluta earum numquam cumque voluptas numquam. Earum adipisci molestiae a fugit exercitationem hic provident qui. In beatae labore esse.','eum','5267615',NULL,'1981-04-22 06:01:21','1986-12-12 14:23:25','2017-08-05 22:22:41'),
('129','759','29','Aut sit ut officiis modi quasi expedita. Ratione temporibus inventore voluptate doloremque. Nesciunt eligendi minima commodi rerum expedita est saepe aut. Hic quod sed temporibus impedit. Ea rem placeat cupiditate mollitia deleniti saepe.','qui','80626267',NULL,'1983-04-14 19:59:09','2009-02-27 21:05:22','1970-07-29 08:39:09'),
('130','760','30','Autem officia quam dolor reiciendis. Ut qui eaque at sint voluptatem. Dolorem rem quisquam ratione qui consequatur eligendi delectus.','vitae','1668',NULL,'2011-08-11 04:55:22','2006-02-14 14:43:03','2000-07-05 14:43:38'),
('131','761','31','Est dolor nam aut praesentium cum dolorum doloremque. Similique voluptatem non possimus recusandae. Quo sint voluptate nulla ullam est. Et eligendi et molestiae quo debitis repellendus.','quas','259929',NULL,'1990-03-02 17:23:16','2003-06-27 12:30:59','1996-02-17 00:07:11'),
('132','764','32','Dignissimos molestias quidem architecto inventore eum commodi a ratione. Qui veniam provident sapiente. Qui iste voluptate veritatis eveniet ut mollitia est. Voluptatum vitae fugit impedit minus.','vitae','0',NULL,'2010-09-05 10:33:58','1993-12-26 12:31:23','1998-07-03 03:50:23'),
('133','765','33','Et facere facilis est vel aut. Et neque numquam exercitationem ad repudiandae dolore ipsam. Facilis architecto impedit facilis atque harum. Ut et explicabo ex velit ducimus incidunt.','corporis','804897',NULL,'2019-04-02 18:59:32','2004-11-24 23:42:57','1986-12-30 16:19:17'),
('134','766','34','Cumque qui sunt qui et laborum at soluta. Quaerat expedita illum quo. Id cumque reiciendis magnam enim.','ipsam','11488182',NULL,'1984-10-10 08:48:51','2010-03-20 22:11:29','1984-04-09 19:20:40'),
('135','768','35','Earum voluptatum asperiores vero autem quo quasi voluptatem. Autem illum fugiat officiis eius harum nam. Ratione nihil ab tempora est. Ipsum excepturi facere sint voluptas.','excepturi','6253',NULL,'1990-09-14 20:21:59','2012-08-18 02:08:06','2001-01-07 12:21:21'),
('136','770','36','Voluptates quia ad praesentium id error. Repellendus repudiandae sit laborum. Autem qui doloribus tempore quod ratione.','sed','6',NULL,'1985-02-12 10:24:52','1974-06-17 14:32:21','1988-06-05 09:14:04'),
('137','771','37','Deserunt qui velit qui quia corrupti unde sunt quod. Cumque quo expedita molestiae consequatur delectus est et iste. Quo ea voluptatem qui nihil numquam aliquid. Non eaque deleniti quaerat repudiandae cupiditate doloribus qui.','id','5990198',NULL,'1972-02-16 12:17:28','1970-08-09 14:34:19','1990-02-19 00:47:34'),
('138','772','38','Quo dolor omnis at qui repudiandae autem. Et neque at quo ea rerum officia maxime. Reprehenderit eveniet recusandae quo voluptatem. Quo ipsa corporis nesciunt ullam ut.','odit','9823',NULL,'1990-04-22 16:16:12','1996-06-26 14:07:22','2014-05-01 08:50:25'),
('139','773','39','Est numquam quis rem et. Veniam ea doloribus voluptate beatae quidem consequuntur nihil. Molestias minima eaque eos accusamus.','veniam','39523',NULL,'1989-05-31 22:41:20','1997-06-29 13:57:54','1984-10-11 04:42:36'),
('140','774','40','Corrupti reiciendis sed officiis quo dolor. Ratione eligendi est et. Unde eveniet quasi ut quo tenetur ipsum. Consectetur nulla perspiciatis quibusdam saepe omnis. Et delectus natus nulla excepturi impedit.','laboriosam','1925910',NULL,'1974-01-13 21:40:03','2014-03-07 03:45:01','1980-01-24 04:24:22'),
('141','778','41','Harum aut odio veritatis quod qui occaecati. Ut autem ipsam consequatur. Qui corporis asperiores et facilis numquam dolore laborum dolore. Dolores et veritatis rerum autem.','quia','6497830',NULL,'2003-04-23 16:15:02','1976-03-11 23:35:39','2019-08-25 04:08:33'),
('142','779','42','Dolores voluptatibus et nesciunt tempora debitis maiores. Repellendus inventore autem qui ullam voluptate et tempore.','sequi','0',NULL,'2016-05-05 11:36:47','2017-11-16 04:47:37','2009-04-30 19:17:09'),
('143','780','43','Sint eaque qui voluptas accusantium sunt earum. Dolorem autem sunt quasi quia magnam consequatur eos quam. Nulla cupiditate omnis est ducimus quo quam.','necessitatibus','581742',NULL,'1993-09-18 23:36:25','2011-04-19 08:52:53','2014-08-05 20:10:35'),
('144','782','44','Ratione amet quidem non tenetur amet autem totam. Sit rerum in molestiae neque autem quasi sed accusamus. Et repellat molestias aut veniam commodi.','illo','3',NULL,'2014-03-23 21:10:28','1999-01-25 23:49:04','1998-06-26 04:00:47'),
('145','783','45','Sequi quo et dolores ea numquam dolores. Iste molestias nulla quibusdam porro. Ipsa occaecati alias a cumque quaerat est sed rem. Sed ab est necessitatibus facere. Et commodi dolores deserunt aperiam doloremque nostrum sit quae.','dicta','514',NULL,'1983-07-19 20:08:26','1980-09-05 08:19:28','2002-02-25 06:25:28'),
('146','785','46','Maxime optio eos molestias rem. Impedit veniam tenetur mollitia magnam.','laudantium','93148646',NULL,'2007-03-19 18:13:04','2009-11-23 19:42:47','1971-11-22 15:27:05'),
('147','787','47','Ex voluptatem quam sint blanditiis error. Cumque placeat et laudantium voluptatem praesentium. Et tempora nesciunt ut dolor est eius modi adipisci.','quo','26643834',NULL,'1991-09-04 10:51:51','1995-01-21 12:39:57','2001-08-07 17:19:27'),
('148','788','48','Sequi impedit earum natus sed. Ut neque saepe est. Sequi velit ea tenetur. Exercitationem corrupti fuga tempore et.','molestias','0',NULL,'2000-06-27 19:07:30','2008-08-17 16:45:42','2004-09-06 04:28:30'),
('149','791','49','Maiores asperiores ea qui ex totam accusantium. Laboriosam et consequatur itaque voluptas sed aperiam doloribus veniam. Aspernatur debitis a omnis quo in non.','dolores','9124',NULL,'1974-03-27 07:46:34','1996-11-06 23:57:32','1996-12-09 08:07:25'),
('150','793','50','Soluta eum qui quia blanditiis necessitatibus expedita aut. Rem laboriosam in eum et. Quibusdam sit asperiores recusandae pariatur nesciunt occaecati. Ducimus saepe amet sed voluptates consequatur.','possimus','39',NULL,'1993-01-16 22:09:11','1996-02-09 09:01:10','1977-11-10 09:08:33'); 


DROP TABLE IF EXISTS `users`;
CREATE TABLE `users` (
  `id` bigint(20) unsigned NOT NULL AUTO_INCREMENT,
  `firstname` varchar(50) COLLATE utf8_unicode_ci DEFAULT NULL,
  `lastname` varchar(50) COLLATE utf8_unicode_ci DEFAULT NULL COMMENT '',
  `email` varchar(120) COLLATE utf8_unicode_ci DEFAULT NULL,
  `phone` bigint(20) DEFAULT NULL,
  `password_hash` varchar(100) COLLATE utf8_unicode_ci DEFAULT NULL,
  PRIMARY KEY (`id`),
  UNIQUE KEY `phone` (`phone`),
  KEY `users_firstname_lastname_idx` (`firstname`,`lastname`)
) ENGINE=InnoDB AUTO_INCREMENT=1001 DEFAULT CHARSET=utf8 COLLATE=utf8_unicode_ci;

INSERT INTO `users` VALUES ('501','Fausto','Hansen','ramiro.eichmann@example.org','874','93d689310dd8fc82a66136ab0ad7d0cd59ad38ce'),
('502','Orie','Bergnaum','jreichel@example.com','662','3abf725e8aa03c50882fbc37d47342f1ddf3266b'),
('503','Jamison','Dibbert','elfrieda.torphy@example.net','0','c8686fac7c58b4b2b932b4aa3b32b52d392a8e21'),
('504','Leif','Stroman','oran.littel@example.org','625','85856247b40b0dc6fea6053d6e206a9281cb3c58'),
('505','Germaine','Wiza','mbauch@example.net','693','8d9f0e2d22cc36887a845610dafda8221072cc10'),
('506','Rosendo','Beahan','otha04@example.org','1','4bc908d4807872b7b82af5322114badf88dc3002'),
('507','Zoe','Mills','schroeder.jett@example.net','355','422444b1237584b1727b61b00cfe903782ac7b63'),
('508','Kara','Beatty','eo\'reilly@example.net','96','444f9f386cc0cc532a5f75f2d537ef2ebfbfda27'),
('509','Helga','Hyatt','beier.martin@example.net','59796','d4091372406f4fa58e4733616233a44b01e3c285'),
('510','Lessie','Kertzmann','xparker@example.net','308411','adbe9b8988871ab0a44e9c16cd3255b7ad921082'),
('512','Lina','Reynolds','slockman@example.net','951299','76de58d6287273ab48f92adb9bcf9094aeb43cdc'),
('515','Bridgette','Mueller','cwyman@example.com','454','3119c4047a2abc036572c35ed59f35451c45c08f'),
('520','Jordan','Friesen','markus73@example.com','440897','a3ec8b87aa5301568a9ca417eebbe62d338f3b3e'),
('521','Joanie','Hettinger','schaden.bartholome@example.net','573','67301c32b53736726e5d59963431b9054fa4c66d'),
('523','Alfreda','Rau','golden89@example.com','435314','01b995f2408ff0f29a2ff96d5bfbe4c4a37f44ae'),
('525','Sandra','Ziemann','jimmie.fay@example.net','3069332643','5c3cbac1d458294beba8b78361a2d4f832415988'),
('528','Pasquale','Senger','maximus71@example.net','7092044882','430bd34b648086d35ed5e4b292222e9f14ecb2d4'),
('529','Antwon','Ernser','kstrosin@example.org','608','f931fe0cbceef1d880837bc09f371428376acfa9'),
('535','Damaris','Watsica','maud.white@example.net','729','f17a27b484714588b0ed04a2a95b4d73a133bcfa'),
('538','Isobel','Ullrich','swift.friedrich@example.org','238530','7bdb5df9ab76a159ca0b394d749fe8d98c463a2e'),
('539','Willis','Jakubowski','adolph41@example.com','3','24acb12a6a0b46ff6f5d82422405a0cb92876575'),
('540','Zion','Rohan','ullrich.sarai@example.com','968','e54441777f1ba3dc567428f7e62f5c6d6e3e0c7f'),
('542','Hiram','VonRueden','will77@example.net','69','d47c7a9bc0db7e104329579b05a1a938e4e55869'),
('543','Eda','O\'Reilly','ggoldner@example.com','6245104537','b25ad6abc13ea8f5bfe417402dfc61e91af6016e'),
('544','Rex','Schuppe','jacobson.sheridan@example.com','47','dbc2a1d6fa58b05fff95cc363e758ce49d2b62c1'),
('545','Floyd','Nader','art21@example.net','841441','28f8fe638ac4b1da46e1fafe7e3cdc299fb0473b'),
('546','Hollis','Luettgen','boyer.deangelo@example.org','67','81d24dd7365eb9901aafc81ed687926c679217cb'),
('547','Amie','Conroy','qschamberger@example.com','3777584984','ec6aadaa25d42ccda1ba78d6aeb302f7c225e4f1'),
('548','Wilhelmine','Miller','angela.schulist@example.org','8197652377','e1ee90fb80d12d0471cc68dace9d75fa67e20f5c'),
('549','Marcella','Sipes','konopelski.kade@example.com','873','d5a6bfea8ce61fd692ab01101b17098314b0274b'),
('550','Alana','Cummings','hnitzsche@example.org','8878419110','2985717f39f994f5b1f3bbb81ba7a5dbee6a097a'),
('551','Christy','Thiel','heaven85@example.org','897360','561e2320c9d034bd68764a7ec1abd3d626f309ef'),
('553','Emile','Collins','gaylord.hailee@example.org','455045','8462144dda0fb5769fbdf486ac6b5740399a07c4'),
('554','Magdalen','Fay','nturcotte@example.net','25','fb6d6940eb45d4a96bfe312b8c54fea04d6595f8'),
('555','Josefa','Johns','alexandra84@example.org','863','78f52895856fd5c90b585fee4e0d2f3ec3aaaf3b'),
('558','Myrtice','Dach','tracy.hickle@example.net','929','97963861734fc7fbd4e8413cc77249593c3f9e08'),
('559','Dawson','Berge','waldo.daniel@example.org','951053','e210c77ee30ac8348afb00eff66a29144bcf4aae'),
('561','Tavares','Trantow','ephraim.wolff@example.com','109103','54971af8f4f2a9ceda4ce8c023b0f96790ed6559'),
('563','Eliezer','Moen','kglover@example.org','8313785457','ad39e1b142826552bb469f4cf1ee086b26a92613'),
('567','Hipolito','Runte','marquardt.helga@example.net','150470','04b945aae527cc5527c4b15bddd3527cd11dc76b'),
('571','Annabel','Rau','weston.will@example.net','210','a50eb65e0d92b97b742854a9cf2993bd474d5b7e'),
('573','Maeve','Rosenbaum','ethel68@example.org','78','954d7f8b4d8e2024984861b6f3ca7282b9a6b923'),
('574','Dessie','Christiansen','ward.addison@example.net','438','3bb97a85f730b860c95348d6cddaef860d6090e8'),
('575','Paul','Dare','bernhard.stiedemann@example.org','806','77a84258f623e2ed0d6f54397f221baf5f01237b'),
('579','Izaiah','O\'Hara','pouros.kylee@example.net','90','f9f1bba39713812a5f4b09ea5d007ecd5feeeb5d'),
('580','Guy','Waters','xwaters@example.org','829','893d1b8821d0d91d57d475caabadb7aee6a19d2e'),
('581','Bud','Friesen','rollin13@example.com','364','48156d385326a8eff9cab5c64ebb0e1c5229d2bb'),
('583','Rose','Marvin','langworth.augustus@example.net','390543','714c4a03bbdde2e8b12bcfa36175f99ccb8c300b'),
('585','Toney','Bins','lubowitz.jarret@example.net','179648','25c4eb2838a38e628e4861309d6c24596114c6ab'),
('587','Maritza','Pouros','okuneva.emilio@example.org','8103840635','f6b356b451e7ac4808440dc40afc5fa30919f7e2'),
('590','Izabella','Bechtelar','seth.beahan@example.net','17','1e92288634cbd5b736c2fb371d14d89ddeb807c9'),
('594','Cleora','Langworth','emil53@example.com','8506331728','1b6985944d458b6c5f58573db4eb7568d05a2a61'),
('601','Eliezer','Wiegand','cmills@example.com','714','fd8e325b77fba6ca29cf485627819bdf3e7d6946'),
('603','Roberta','Denesik','amya.graham@example.org','987','c8a3a171bcc9f6c8ae034ad8bb804cac6a7917d8'),
('605','Jamal','Gibson','schinner.susana@example.org','728','460cc3d785c91a61fe7e40ee0990a1f7b9599b69'),
('607','Alta','Yost','marco.kulas@example.org','145290','e10b0bc02866c2ee906754666f13bd72d94a44d5'),
('608','Adrien','Lindgren','anderson.crystal@example.net','672','c136cfe794bef3681994b92e02870edebbcb43f7'),
('609','Chaya','Weimann','skiles.kyra@example.net','41','97918df6ee895182cb48d29b623112a44217a643'),
('613','Kevon','Gaylord','walsh.wilburn@example.net','3764250676','8c9cd230bf0bba9051c15e2bd8faa2e54aa36183'),
('618','Brenden','Farrell','shackett@example.net','228146','69f12be0d1616c1d0c3a9743bf8662d7948cc1f9'),
('619','Samanta','Collins','cody.hintz@example.net','9238552485','6751d5c28f2bacbd2324de6367598294bc0b6698'),
('620','Cordelia','Olson','bsmith@example.org','825943','74d2358a304a3d17894537828073601554e494d5'),
('621','Alexzander','O\'Connell','susana27@example.org','186650','dd114a6b3111f291e18122f1b3e2141ea8ee8769'),
('625','Wilmer','Gusikowski','kwhite@example.com','132928','631c50889a9f20e9321f3f1e299c466cef8f1296'),
('628','Ubaldo','Wilderman','treva91@example.net','767','74c0aa8441fa7f111bd105bc9874003afa45ee4c'),
('633','Ruby','Stoltenberg','christine16@example.com','218','e9ff9a3eed6e59e374459df095a29f4577d73f4f'),
('634','Angelo','Johnson','axel.mayert@example.org','54','cb4b8beca80464764b80ccdf34ec0e0b7a6c7e58'),
('637','Bernardo','Berge','lprohaska@example.net','375913','db8d094436dadbb82b93bb836f2e199edc5845e9'),
('639','Ayden','Rath','amcdermott@example.net','186','7f9fa65c50266cdeb408a6920aef22a96c2d439c'),
('641','Marge','Considine','mayer.ferne@example.net','62','c749a007c78dbd268e253862c524c2a948feb9b2'),
('643','Karson','D\'Amore','jacey11@example.com','466968','5625502f559650e00965c62a0dff454467bcaab7'),
('645','Gail','Emard','usatterfield@example.net','661','d80f9d2edfa8aff800e44f64099f36b62079b618'),
('646','Norberto','Hegmann','magdalen52@example.com','119','973f843e5c3ba2816c01f657da1e294912659680'),
('647','Elinor','Stanton','miller.clyde@example.com','263316','25eb849bc2002b80dcfdb0958d8cb84460490923'),
('650','Pink','O\'Kon','alexandrine59@example.org','695269','ae1545264bde6d3dd5bb763f19a7d5919f8a222a'),
('651','Wade','Bayer','estel.zboncak@example.net','252607','4d492149a5bb472efbaf6004cade29c961bbef9f'),
('653','Kim','Stanton','marion49@example.com','49566','7772e6b0bf042e2ea91f3e758b17f2917f25d46d'),
('657','Amalia','Abbott','schimmel.zella@example.com','98','f2ee1e6f401beaed5d8d6120346982e1ac3fca0b'),
('658','Melisa','Zboncak','bettie96@example.net','615','1620b1a1e9c4f93683504f18d1fd4b50e90441ed'),
('659','Herminia','Jerde','npredovic@example.com','28995','264d767502d9fda435a70cf586311ccd559695a9'),
('666','Adelle','Gutkowski','jamison.hoeger@example.com','6096231566','a4aed8dff08c660fd84fba7e725229efbbdb4378'),
('668','Lura','Rowe','schroeder.harmon@example.org','468','77fe68b07c4f18765a49deda3975cd85199bbf48'),
('669','Enrico','Bins','erwin.ratke@example.org','323177','3ea5ccaa24a2593fa26485c61ac671788324e02e'),
('673','Kari','Larkin','ddickinson@example.org','501','6ab8648046c392cda91a6882dea73d0adeaa396e'),
('677','Jalen','Hudson','coby34@example.net','5528770421','3ea8a35e6475065fbe2757befa5f96a4c957d7bc'),
('678','Seamus','Braun','price.gorczany@example.net','467133','b1a394fe5b29cf8fd5f04ce39a1162a1176e697c'),
('679','Christine','Hilpert','nikolas98@example.net','801','9403547d1fb2ef29f9e3eddf47ea9549dbda0973'),
('688','Angelita','Effertz','wbernhard@example.org','412','cd5ca52358fbcbc6a1f35bad8ee023d036f54fd6'),
('689','Carolyne','D\'Amore','lind.aimee@example.net','568648','a29750ef9bc4a57556cd7e9709e963a42c12721b'),
('691','Mae','Pfeffer','davis.bonita@example.com','535','09fe23329c4bba3abb66eb5bea4ed5c09d71c355'),
('694','Cordie','Koepp','dmaggio@example.org','653','e324468cb38bd99c3e9d88c23864ef8885829d61'),
('695','Brandyn','Brekke','savannah.krajcik@example.org','62134','457981e487c16cbf47d071a966b3e40488e8eb28'),
('696','Bennie','Kerluke','iortiz@example.org','627848','333c40d733b3e62fc81d8acc4c4421edad848748'),
('697','Alford','Hansen','schaden.hallie@example.org','966','faa47c12fdb8b93f307abc215092bc52ec773917'),
('698','Candice','Becker','shuels@example.org','190100467','7f8c502e0f98ca6543acd30e845522837dfcb0fc'),
('699','Layne','Gibson','jacobi.demetrius@example.net','247708','4e18d579060f023650e6b6217241b6a2587cdf42'),
('700','Simone','Rosenbaum','reanna.leannon@example.com','910960','b252287d3799657bb8bd1620a3039f9d16ed90ef'),
('701','Aubrey','Lehner','raina.hagenes@example.com','802','28f4aedc317bb05d6327c5c10f01f86330760dd0'),
('703','Antoinette','Treutel','kaley81@example.org','518382','48b98d1ff461c8905b514fa2908426f544572424'),
('704','Carolanne','Wuckert','bobbie.wilkinson@example.org','956884','ebd746d2500f831f40201cfa3a9e85c7409b4609'),
('706','Corene','Schroeder','collins.daija@example.org','598','ab5aa844f4fb274437794468e9170528e222fa4b'),
('707','Raoul','Baumbach','nsauer@example.org','68','3ac48317c74ee35cc09b1927278eac5cbd585d72'),
('709','Deon','Blanda','ndonnelly@example.org','89092','aca25af727bd223b5341717f170e46f04cfaf825'),
('711','Emil','Corkery','samir.mante@example.com','833','06d839d3b372756871a82a98a75a66ad312d8f5f'),
('713','Jaylin','Gleason','lavina96@example.net','245','4c7bdf1ecc98f347e11eb437278295611d754b65'),
('715','Darius','Durgan','auer.ruben@example.net','378143','9925037482ac35ab6160f7801f460bcddc9cc7b2'),
('717','Antoinette','Torphy','runolfsdottir.savanah@example.org','37','047e58fd61641ae3c84f8458cb5f055919c3edfb'),
('718','Grady','Nicolas','emil.tremblay@example.net','432','8cee02610bf8394c93a2a8bc383bf97541f811a1'),
('721','Grayce','Predovic','jalyn61@example.net','642','bbcc6bc72c87c0ff6a44db161b662dbe25e02c9d'),
('723','Marilie','Schultz','heloise88@example.net','733','334064ed31cb1c85febf77fd0c4c5f8499d816db'),
('725','Miracle','Blanda','theller@example.com','52380','65560035c347a003ce248f0e2b727102a1da7b5a'),
('727','Rebecca','Jast','bsanford@example.net','795094','2baaa0300d51de5a876376d3ab0300cd0c2cc869'),
('729','Jovany','Pollich','fernando.dooley@example.org','981763','a79264147f28838c387a0de1b170ee5631240711'),
('733','Kole','Treutel','hfeil@example.org','23','381aa441da90673a83a021d3ae4e7b3002c6e43a'),
('737','Litzy','Bashirian','vickie07@example.com','313','b0a332e75253636e94154c5ec2465c5b36896e6d'),
('740','Tremaine','O\'Connell','reginald74@example.net','398150','0cffba9cf2c4173118906ebbae47c36df947621c'),
('741','Ezekiel','Legros','yundt.denis@example.com','76','7b0a87288ad126c7943ed52d98f4ef87f39129a8'),
('742','Torey','Bashirian','luis52@example.com','42','9e43ca41484fe3700b3783fb7d73f40b9c154b3c'),
('744','Grace','Barton','alessandra34@example.com','766036','4003ca4f6e158901c383d4dcd551d0d7fcfc0954'),
('745','Wade','Von','cheyanne.reinger@example.org','477','06c7b4b0ac4754a669ea0de2f3efcc043d84b8da'),
('747','Abagail','Jacobi','simone.hamill@example.net','92','da05148a92bf8d84a53c88fdf05e54a9bc5acab6'),
('751','Percival','Walsh','rowe.scottie@example.net','859650','6c2704b8a91102ceba8d69972c4a965bd92fb21e'),
('752','Marion','Wilderman','walter.dena@example.net','360','ff9a412292a1416d2e80661f1f8b193d1740bf79'),
('753','Blanca','Wisozk','o\'reilly.kaylah@example.com','864','aa7945aceed7ff83a19e44f53b35a17e29dea1a1'),
('754','Corrine','Bauch','batz.mallory@example.org','9494360872','2b7841651793403ccc361fbb43872d3ee6d6afee'),
('756','Mafalda','Dibbert','oweissnat@example.org','204980','b6b615e1db865c2e649a01c52474352b728c5e27'),
('757','Jacky','Wehner','else43@example.com','776','49e4bd7a7afe54cf599cc404fc9e5b85defcdaa0'),
('758','Rodger','Runolfsson','skemmer@example.com','863240','06a76a7563e8702d5bf71a157673c7403d119f46'),
('759','Garland','Cassin','roberts.estel@example.net','175','5658920d7fab8d26bfd1e1e800a60182c9d8fe7e'),
('760','Kobe','Hessel','mkrajcik@example.net','541840','a7705c426ef21c91d75104d51eb3941be2034647'),
('761','Henri','Dietrich','briana.kohler@example.net','132267','54768601829861a9c64092d21c44485336517c9d'),
('764','Tamara','Monahan','jolie68@example.net','915873','85310145e872d33aa810d65c066789226ab02545'),
('765','Lizeth','Littel','annetta.hirthe@example.com','836255','6848df4312390c6a2634f3d6f804cb7418266e26'),
('766','Elmira','Hagenes','hoeger.abdul@example.net','938788','6796fe6db73278a6cc730ef0dde7720d9c51a45e'),
('768','Emilie','Ullrich','freynolds@example.com','390','3d56158c12108abee3954cebc33cb8b01e2f0b8e'),
('770','Cielo','Witting','sincere.kuphal@example.com','453893','1102cd9cddafc650b4a083b256880dde989c308d'),
('771','Jordy','Littel','medhurst.sim@example.net','540820','3f82ce9a3d1e794fe291b4e1ae17f4389a68fc8d'),
('772','Wyman','Nikolaus','uwisoky@example.org','160620','da74fa988d7f63fe2f2bd6af9ae8a323728e2729'),
('773','Alec','Lebsack','arvel74@example.net','9264218545','921ae0fd80a1f777595289f203c087d2b519b61c'),
('774','Rhianna','Wolf','adrienne01@example.com','56','19418b972d8f073a6efe6b87302f2bf225b17048'),
('778','Derek','Runolfsdottir','dfeest@example.net','46','e442db4c6a3381be7ecf49533ce41195d8f3e1e0'),
('779','Jaydon','Larkin','kim.parker@example.net','417388','cf77d5e94333c8dbec02e57b9f982ddde609ca52'),
('780','Daniella','Willms','lazaro.dickens@example.net','157','d5a758b6922aca5a89ed2dadc564a0eaef805983'),
('782','Malvina','Eichmann','maryjane06@example.com','645','6833bdb0095e6d36d33f98e0273e41f278701a16'),
('783','Deondre','Runte','margie.schoen@example.net','4996933049','c169d9d45f785fd21b9c0dd19547cc4c3702bf2f'),
('785','Ricky','Spencer','franecki.mylene@example.net','197944','a9ad787afa2f8fd3daad2e749002491fe99ed56d'),
('787','Lavonne','Connelly','fmurazik@example.com','10521','debee82c1dcff551936fb3ea65d933b90bcd673e'),
('788','Sigmund','Kessler','alba.conn@example.net','296','1f9bf72a28207ef3ff3f39d643c2bc6d46227101'),
('791','Amanda','Terry','eleazar.koepp@example.com','327','ea6a476560ec2e8d4b3d8b290be34d8a2e762521'),
('793','Floy','Corkery','mckenzie.maynard@example.org','414','c43432da65b0719338de23a47c717013b591e5dc'),
('794','Bernie','Little','quincy19@example.org','100','38f578b414d1323ec67e7b65ab39d129c40c6add'),
('795','Timmothy','Balistreri','ayana51@example.net','6784324490','69b079aa05c64c75fd86edecb5ed1809277b2531'),
('796','Wilfredo','Dare','reed84@example.org','793','bdf4869307bd9afad12505c78212e0587f9066c4'),
('797','Madge','Gislason','enoch47@example.com','1370336681','488820acd0e76d8d7dd1d53757657bf6d5cc0836'),
('798','Evans','Wintheiser','cummerata.florine@example.net','98504','9ed09fc33d33292c1a6206fc58a32948baa83a32'),
('799','Gay','Hand','kasey.champlin@example.org','6824963263','24ae30b40a2c21d96558f4feb70c575a21b91801'),
('802','Otis','Berge','sydney.ryan@example.com','113221','ccdc51e60e84d613417389c85619ff6f4aa57c32'),
('803','Evan','Mante','jones.miracle@example.org','645929','789944087e70029024f37854c5c10432791224e3'),
('806','Frankie','Will','hluettgen@example.com','34081','e0f88b8249ee837645411318e0e0b825b0eea425'),
('810','Lexie','Kertzmann','bbayer@example.net','101','cfd38affd14c21b24abd7cc78cdb16cc118d30aa'),
('811','Camille','Beahan','grady.darius@example.com','53','e81550de04a82e4f3cdba2b5bb33320e79611419'),
('812','Otha','Stiedemann','bbogan@example.org','878','ce0ef85f12db684941b316f1b8f5b069db4a9c93'),
('813','Kelly','Will','cormier.eulah@example.com','4843880824','9310d6bc4bed61727e2fb8073eaa463ac2284ec9'),
('816','Ettie','Marvin','ikoepp@example.net','621690','c766b34723fc525d16f28cc12a046f2e04d787a4'),
('817','Skyla','Kunze','ycruickshank@example.org','5740547749','4b042f33843398243cb081f1407ed47e65c6555b'),
('818','Brad','Terry','gaston.huel@example.net','568834','8f4f4346fa96285aa852b9914dda38f025dcf12a'),
('820','Madelyn','Auer','lward@example.com','766079','f8e8c26a55b7b9b577866c8d1c57ade449df0ec2'),
('824','Howell','Mosciski','valentin56@example.com','603','35423c1cd7d48ad3a667d58ddeb3b396d3ef3f78'),
('826','Raymundo','D\'Amore','mthiel@example.com','224','4d5cec6261466400eeca44c208d5529bd5e6034d'),
('827','Christ','Mann','ifritsch@example.net','561048','2f45b14d0a756267b4d06559b2d6d8f4ae04f8a5'),
('828','Garrison','McCullough','parisian.glennie@example.com','241','cbc8605a5f3f32b558e85dac7f4f0a020c3f687f'),
('829','Stanford','Kutch','jeromy.kemmer@example.org','307','e5a778245b8f9e15ecb6b6302ef349039f404603'),
('830','Darian','Hoeger','noemy96@example.com','28','9eaeeb2ac1c91a1a02f03b3de89ea339ad2772b0'),
('831','Claudine','Hagenes','wyman.leonora@example.net','433136','129836fe1edc3a75e6ee1a715011eeab3b831388'),
('834','Keira','Hoppe','trycia.macejkovic@example.com','40','77db28f36202f95588e66ddf3d2488020dc5c078'),
('835','Lysanne','Gibson','gorczany.creola@example.org','815','3a690ef324c84d086302b83b52ba10ada1d00fb9'),
('837','Iva','Rogahn','darryl17@example.net','598557','d8a4b71f9479a291fb53108d97b912e0c78bb8bc'),
('838','Lavina','Langworth','kbogisich@example.org','99','1f262492ef3613506ac1374aea1dc9fe67c467f6'),
('839','Adrienne','Franecki','bartell.noel@example.com','8','419471d54b7ce4f45e1385774bac0e52ebbbe304'),
('845','Johanna','Considine','moises77@example.com','908','c3282602b8a191abea3701a99451b5fcfc102cd7'),
('846','Paul','Cummings','kaycee00@example.com','783767','d8aa5036b6a0340b603290317f7b0d2461e4ac3a'),
('847','Demetris','Ondricka','iheathcote@example.net','496','d1084df7927cfe86e00ef136190593e49bfae45e'),
('848','Doug','Sanford','bartell.otto@example.com','828897','192fd0246f0476d0f013cd11500bc9b11182fb56'),
('854','Grayce','Gutmann','walker.waylon@example.com','30645','b5150fe16021f6df3afabd0a7c953d4d3092dda6'),
('856','Freddy','Pagac','ocrist@example.net','253','502154ca5f642b448b2a0d6cc85009800039b84c'),
('857','Keara','Stracke','pierce97@example.net','49','a4e9fa4d612b002f224f0e7258eefd2131700f45'),
('858','Kennith','Halvorson','joanne96@example.com','784','2fbe6323b44413dee4d9bd595100555491bdb4d5'),
('859','Eladio','Schmeler','ihackett@example.com','206','52d3c0edb25af661f8e17045a7383223346a406d'),
('860','Royce','Lockman','armstrong.johanna@example.com','796','c08871727a6910d1f2a4089e9927706740466366'),
('861','Nelson','McGlynn','collier.luz@example.org','712','31d180ff268da88e4ec6ee1e6ffa54f97f20850b'),
('862','Noble','Kuvalis','dhettinger@example.com','1379238174','1669b738830a553cd4f0c0abdf85f18b3dc96492'),
('863','Liliana','Botsford','ustehr@example.net','227','7f5e61e162fe80e2e9c7a1cd1fd3df5b81708d35'),
('865','Lemuel','Hane','alex.halvorson@example.net','391','422d2e2b9fb03b31bf76b708414dd326d0ba0a6d'),
('872','Adelia','Hintz','dmitchell@example.org','310','359746096405e06ace5e6a6f9a923ff531dabdec'),
('873','Humberto','Stiedemann','gstoltenberg@example.com','996','710618d7cbef866e0c0b5d2cf7d78d28813b6e83'),
('874','Erika','Veum','olson.gene@example.org','1124214873','2a5431cc07b79b67260df6a0e91fa5473cbc4a97'),
('875','Freddy','Hickle','phuels@example.org','247','0ce29ef6bb449e69dcd6edfe40fb75338c58f93d'),
('876','Meda','King','ortiz.ashtyn@example.org','123259','0d7f41452d52db5fa8204de60fd709683c919b40'),
('877','Talon','Ferry','scotty49@example.com','907048','7bc67a98d9ca5566802533cb98790a8c682756c4'),
('880','Elliot','Smitham','kovacek.dejon@example.com','114','9fdaf45ce86b3a2615f0f6b02fe64635307b3ec5'),
('881','Vernice','Nader','ebba.walter@example.com','646','62333c9b1a96ed5e14d7a691ac3daa66591e47c6'),
('882','Casper','Purdy','dewitt51@example.org','5219328897','b4b2328da4f9573232d40c97e081874baa0bffbb'),
('883','Jace','Hartmann','green.cordell@example.net','83325','57364a5b10bf85a1d600c44cf1c79ad4ac7e31b8'),
('884','Ariel','Runte','cummerata.kyler@example.com','7062815392','70fe916b832c0f3239b2c32cb9327b00530dd38b'),
('885','Freeman','O\'Conner','alexandra.klocko@example.net','738','ab461873821c2a359d167c4c6e2b204cbfe9212a'),
('886','Laurianne','Renner','brielle.paucek@example.com','9018666728','3924ca416e8e054e3261e0ac0ab195e17b5934ec'),
('887','Fiona','Crona','ustroman@example.org','627733461','718a68f3820e21a36b4fd7fd22c38a681c986d90'),
('888','Bernadine','Harber','d\'amore.mireya@example.com','499','5eedbacf9b35fcecf821667474704f996ee8986f'),
('889','Vesta','Torphy','ortiz.phyllis@example.net','629','f791e9a5632959ae9c3bda7f81af10e209f2a030'),
('890','Ella','Gislason','jakubowski.duncan@example.com','670','f19c4bcfc4727a341eb3e7ccd9022cdc00552230'),
('891','Isaac','Baumbach','cjakubowski@example.com','7301947866','3fa2d7ee0605faee78d6c7514f51bd95fe7953a3'),
('892','Hillary','Reichel','cummings.cecil@example.org','135348','0a02c22c9984aa70cc4b4cda71d41b442df199e7'),
('895','Kenna','Johnson','juliet52@example.com','798318','5410e83b3af7e87ffacd932cdc571a82b2fd34f6'),
('902','Nella','Torp','dan.reichel@example.net','563791','517c61700a6683de7d760b9b199f1a081d1c8010'),
('907','Hubert','Boyle','adah.rau@example.net','543496','7cf2df8b92d3a4d035e49bb62e9743f44a98042b'),
('908','Karlie','Lehner','kari23@example.com','860566','29124ed98c5cd8acbe48d78ad6417fa57253998f'),
('911','Elvera','Kunze','sauer.elaina@example.net','553','25f96f029c6a42405cfd167fc390c80d841ad691'),
('914','Lincoln','Cole','nasir.o\'kon@example.net','123111','657697bbac4c2ce6e1714722f8fec61bb769d0ca'),
('917','Sydni','Konopelski','murray.rhett@example.org','569694','e58b03e65d116a3572c2ec052620e156657aaced'),
('918','Berniece','Beier','d\'angelo14@example.org','7877110779','4fb6825db1802307a77955cb675ed0ab0237b124'),
('919','Else','Considine','vschuppe@example.org','431593','75a7f3c8130d855fddaf52bfd2894e5b234bcebf'),
('921','Eldridge','Wisoky','hsipes@example.org','824734','220e47a4f857bee32504e8863e7044a2df48fda7'),
('923','Zachary','Purdy','jefferey28@example.net','63401','76df1382c15d50b0bc3bf395833c8e9d0bc59c91'),
('924','Osvaldo','D\'Amore','oberbrunner.daren@example.org','134','9903e6c739b852b774d800e51cb1c0b82c016a1a'),
('925','Jada','Kerluke','flavie07@example.com','98493','738c5b54f266d1a850e573dcc966f69a036ebd13'),
('927','Lyla','Stoltenberg','schmitt.osvaldo@example.org','6000492376','9fc9868341c6a80cbd89670d2ef83666028313eb'),
('928','Ron','Hilpert','maiya38@example.org','424790','fc89491d0637f6beee0e51587074c2262fcd83d0'),
('930','Kailyn','Collins','jadyn33@example.org','990271','71852d55508705bdcec000f401cdded42ff448a6'),
('934','Daron','Armstrong','oswift@example.net','429278','154caba96b8d1e3d15c0fb89f7917b862c87f9c0'),
('936','Jaylin','Luettgen','brady59@example.org','101449','832833f429f3efe68d6484d24b07ed0495e21430'),
('937','Aubree','Becker','hackett.nelson@example.org','686309','12391d052f4fef00996d9df7be44c361ff961618'),
('938','Alford','Hammes','norwood72@example.org','764','3ae48b897be54bd1dbecc91fbca6b1c067bfc505'),
('942','Nathanael','Murray','rhoda.emard@example.org','883','db664b683510002062972cee153c386a4bd76754'),
('943','Marion','Huel','prunte@example.com','424','a5b43489aef3ef147d6a0bc53fb1ec5072e3f8f5'),
('944','Kattie','Johnson','tina30@example.org','985','3fe96a6806f231542a57829eb36f356f5828114a'),
('945','Adrianna','Russel','ratke.danyka@example.net','4493057428','f5d5948bf5057ec79aa3b2634f06165c7144c3dc'),
('948','Autumn','Deckow','harmon20@example.net','3908970525','f6962214b276050f51fac1a3465517d9e82008eb'),
('950','Darrick','Hickle','alvah.cronin@example.org','805911','a2ab464dcc392d6195602aca269720d71bf931dc'),
('951','Providenci','Corwin','alejandra.lubowitz@example.net','820','5c81960eebc2c05fe34cd3c6383f92b3c974d874'),
('952','Yazmin','Schuppe','olaf06@example.org','8214085230','d0f3c53dbbd0b16530f6680f2408e37b7084edc3'),
('953','Nathaniel','Windler','colt41@example.com','280505','1289c8c021e2cca33a0da59058c894ba3694eb73'),
('954','Tristin','Satterfield','tbartell@example.net','2465158694','5ffee5cc80ff025ff0deb24efbe8e0a6815143df'),
('955','Kirstin','Hamill','windler.flavie@example.com','128645','7e4cdf7ca2441e7c7f8578b5141b095817f2bdc2'),
('956','Myrtis','DuBuque','noemy.connelly@example.net','1249583651','cd28b556846a82d78a4128d6b52bcc72979e7515'),
('959','Angie','Renner','kamryn03@example.com','3666526245','501cd440aa6857493516fba091c54a3ccff69506'),
('960','Carson','Hoppe','domenic.dietrich@example.net','666','68b45a0a126478c0f7104b280cbae7824967f045'),
('961','Olaf','Connelly','devyn64@example.net','285','95e309a659981a87234420d211ac9ea2ebed36b8'),
('962','Clement','Bechtelar','eddie25@example.com','570','2b5c8f4a2219799e57bc73264a2dbaa049dd7891'),
('963','Imani','Harvey','dicki.melba@example.org','8518222080','8a01b1c95d3a0bd68da2810ae343d6b168c0b21f'),
('965','Fay','Zieme','pagac.hyman@example.com','216','b38ae3afff9a61d08d61767608444a62eea4757a'),
('966','Addie','Wisozk','renner.maye@example.net','900','4f2001fba3c2e7ce23e97a6781d86522e744c499'),
('967','Leonel','Nicolas','vsanford@example.com','29','55ff127cccdd47666c1b31d5ebf881e8090a1dc2'),
('969','Preston','Murphy','mathew27@example.net','738753','eae909d78f9bd61f990672f2ee740fa15408a6ac'),
('970','Louisa','Collins','goldner.amelia@example.com','298','eca1c8cf4917e3b7cfb804a3501373a9e7d7b5a7'),
('971','Warren','Gibson','jimmy26@example.com','57','bd5a1d4400c371d35759b064f414fe3722553a2f'),
('973','Vilma','Schimmel','bertram44@example.net','704','ca76cca712629608b4b7a52171fa6f77c3c764d9'),
('974','Rubye','Funk','nicholaus.ortiz@example.com','815919926','a4eeaf67b4d15d5d3bf621c72af3dfbca6e99dc9'),
('975','Vivien','Langworth','guiseppe.hartmann@example.org','59','a909234ce18c6b30c6f74a0d6f78678ee352e4df'),
('976','Antonio','Kozey','maximo60@example.net','180','d48a72a3319c996d92c990e650f617db0d42aa36'),
('980','Destiny','Fritsch','vlegros@example.org','791800','8eac61ec26429e809152f48880663fc490ba40c5'),
('981','Dudley','Schimmel','reilly31@example.org','567630','99e28ed9975771c7474cb70c874e91df7e5ef614'),
('982','Jeanette','Windler','miguel.mueller@example.org','4734096497','44541f329e287ef7f7cbeddd5fc62b5f9ff73fab'),
('983','Kiarra','Bosco','omayert@example.org','146','d8a5bbc4126253dacc2e4e13c5bb2905e29a01ab'),
('986','Kiel','Considine','christopher14@example.org','18','0a5a03920fca893501152a93f2134de9f1a6656a'),
('987','August','Mueller','mckayla.altenwerth@example.org','903953','2e27f2376c7d1cdc9bbf0b659c2f4a4949c475c5'),
('989','Aric','Sauer','caroline.grant@example.com','43','24b6d5a5a757ea255fe7d780643d9338c0923b0b'),
('993','Callie','Johnson','kuhlman.jakob@example.net','36','d4e85f617b646a6d0de6e04d1dab3cf50ac284a8'),
('994','Kameron','McCullough','collin.gleichner@example.com','81','66b631a577f395a76c1c1975693da935a3ad5679'),
('995','Gust','Price','tressa54@example.com','648','c6ca0f9b2867310de1724d01379b8b3acafa4cd5'),
('997','Alverta','Wyman','everette96@example.com','95128','90c864dce3d7c64494f89529f86d4c390768abae'),
('999','Luciano','Klein','bell.murazik@example.net','899','796a4c61435ff217c6c5d7d5145fdd627649531d'); 


DROP TABLE IF EXISTS `users_communities`;
CREATE TABLE `users_communities` (
  `user_id` bigint(20) unsigned NOT NULL,
  `community_id` bigint(20) unsigned NOT NULL,
  PRIMARY KEY (`user_id`,`community_id`),
  KEY `community_id` (`community_id`),
  CONSTRAINT `users_communities_ibfk_1` FOREIGN KEY (`user_id`) REFERENCES `users` (`id`),
  CONSTRAINT `users_communities_ibfk_2` FOREIGN KEY (`community_id`) REFERENCES `communities` (`id`)
) ENGINE=InnoDB DEFAULT CHARSET=utf8 COLLATE=utf8_unicode_ci;

INSERT INTO `users_communities` VALUES ('501','1'),
('501','72'),
('502','2'),
('502','73'),
('503','3'),
('503','74'),
('504','4'),
('504','75'),
('505','5'),
('505','76'),
('506','6'),
('506','77'),
('507','7'),
('507','78'),
('508','8'),
('508','79'),
('509','9'),
('509','80'),
('510','10'),
('510','81'),
('512','11'),
('512','82'),
('515','12'),
('515','83'),
('520','13'),
('520','84'),
('521','14'),
('521','85'),
('523','15'),
('523','86'),
('525','16'),
('525','87'),
('528','17'),
('528','88'),
('529','18'),
('529','89'),
('535','19'),
('535','90'),
('538','20'),
('538','91'),
('539','21'),
('539','92'),
('540','22'),
('540','93'),
('542','23'),
('542','94'),
('543','24'),
('543','95'),
('544','25'),
('544','96'),
('545','26'),
('545','97'),
('546','27'),
('546','98'),
('547','28'),
('547','99'),
('548','29'),
('548','100'),
('549','1'),
('549','30'),
('550','2'),
('550','31'),
('551','3'),
('551','32'),
('553','4'),
('553','33'),
('554','5'),
('554','34'),
('555','6'),
('555','35'),
('558','7'),
('558','36'),
('559','8'),
('559','37'),
('561','9'),
('561','38'),
('563','10'),
('563','39'),
('567','11'),
('567','40'),
('571','12'),
('571','41'),
('573','13'),
('573','42'),
('574','14'),
('574','43'),
('575','15'),
('575','44'),
('579','16'),
('579','45'),
('580','17'),
('580','46'),
('581','18'),
('581','47'),
('583','19'),
('583','48'),
('585','20'),
('585','49'),
('587','21'),
('587','50'),
('590','22'),
('590','51'),
('594','23'),
('594','52'),
('601','24'),
('601','53'),
('603','25'),
('603','54'),
('605','26'),
('605','55'),
('607','27'),
('607','56'),
('608','28'),
('608','57'),
('609','29'),
('609','58'),
('613','30'),
('613','59'),
('618','31'),
('618','60'),
('619','32'),
('619','61'),
('620','33'),
('620','62'),
('621','34'),
('621','63'),
('625','35'),
('625','64'),
('628','36'),
('628','65'),
('633','37'),
('633','66'),
('634','38'),
('634','67'),
('637','39'),
('637','68'),
('639','40'),
('639','69'),
('641','41'),
('641','70'),
('643','42'),
('643','71'),
('645','43'),
('645','72'),
('646','44'),
('646','73'),
('647','45'),
('647','74'),
('650','46'),
('650','75'),
('651','47'),
('651','76'),
('653','48'),
('653','77'),
('657','49'),
('657','78'),
('658','50'),
('658','79'),
('659','51'),
('659','80'),
('666','52'),
('666','81'),
('668','53'),
('668','82'),
('669','54'),
('669','83'),
('673','55'),
('673','84'),
('677','56'),
('677','85'),
('678','57'),
('678','86'),
('679','58'),
('679','87'),
('688','59'),
('688','88'),
('689','60'),
('689','89'),
('691','61'),
('691','90'),
('694','62'),
('694','91'),
('695','63'),
('695','92'),
('696','64'),
('696','93'),
('697','65'),
('697','94'),
('698','66'),
('698','95'),
('699','67'),
('699','96'),
('700','68'),
('700','97'),
('701','69'),
('701','98'),
('703','70'),
('703','99'),
('704','71'),
('704','100'),
('706','1'),
('706','72'),
('707','2'),
('707','73'),
('709','3'),
('709','74'),
('711','4'),
('711','75'),
('713','5'),
('713','76'),
('715','6'),
('715','77'),
('717','7'),
('717','78'),
('718','8'),
('718','79'),
('721','9'),
('721','80'),
('723','10'),
('723','81'),
('725','11'),
('725','82'),
('727','12'),
('727','83'),
('729','13'),
('729','84'),
('733','14'),
('733','85'),
('737','15'),
('737','86'),
('740','16'),
('740','87'),
('741','17'),
('741','88'),
('742','18'),
('742','89'),
('744','19'),
('744','90'),
('745','20'),
('745','91'),
('747','21'),
('747','92'),
('751','22'),
('751','93'),
('752','23'),
('752','94'),
('753','24'),
('753','95'),
('754','25'),
('754','96'),
('756','26'),
('756','97'),
('757','27'),
('757','98'),
('758','28'),
('758','99'),
('759','29'),
('759','100'),
('760','1'),
('760','30'),
('761','2'),
('761','31'),
('764','3'),
('764','32'),
('765','4'),
('765','33'),
('766','5'),
('766','34'),
('768','6'),
('768','35'),
('770','7'),
('770','36'),
('771','8'),
('771','37'),
('772','9'),
('772','38'),
('773','10'),
('773','39'),
('774','11'),
('774','40'),
('778','12'),
('778','41'),
('779','13'),
('779','42'),
('780','14'),
('780','43'),
('782','15'),
('782','44'),
('783','16'),
('783','45'),
('785','17'),
('785','46'),
('787','18'),
('787','47'),
('788','19'),
('788','48'),
('791','20'),
('791','49'),
('793','21'),
('793','50'),
('794','22'),
('794','51'),
('795','23'),
('795','52'),
('796','24'),
('796','53'),
('797','25'),
('797','54'),
('798','26'),
('798','55'),
('799','27'),
('799','56'),
('802','28'),
('802','57'),
('803','29'),
('803','58'),
('806','30'),
('806','59'),
('810','31'),
('810','60'),
('811','32'),
('811','61'),
('812','33'),
('812','62'),
('813','34'),
('813','63'),
('816','35'),
('816','64'),
('817','36'),
('817','65'),
('818','37'),
('818','66'),
('820','38'),
('820','67'),
('824','39'),
('824','68'),
('826','40'),
('826','69'),
('827','41'),
('827','70'),
('828','42'),
('828','71'),
('829','43'),
('829','72'),
('830','44'),
('830','73'),
('831','45'),
('831','74'),
('834','46'),
('834','75'),
('835','47'),
('835','76'),
('837','48'),
('837','77'),
('838','49'),
('838','78'),
('839','50'),
('839','79'),
('845','51'),
('845','80'),
('846','52'),
('846','81'),
('847','53'),
('847','82'),
('848','54'),
('848','83'),
('854','55'),
('854','84'),
('856','56'),
('856','85'),
('857','57'),
('857','86'),
('858','58'),
('858','87'),
('859','59'),
('859','88'),
('860','60'),
('860','89'),
('861','61'),
('861','90'),
('862','62'),
('862','91'),
('863','63'),
('863','92'),
('865','64'),
('865','93'),
('872','65'),
('872','94'),
('873','66'),
('873','95'),
('874','67'),
('874','96'),
('875','68'),
('875','97'),
('876','69'),
('876','98'),
('877','70'),
('877','99'),
('880','71'),
('880','100'),
('881','1'),
('881','72'),
('882','2'),
('882','73'),
('883','3'),
('883','74'),
('884','4'),
('884','75'),
('885','5'),
('885','76'),
('886','6'),
('886','77'),
('887','7'),
('887','78'),
('888','8'),
('888','79'),
('889','9'),
('889','80'),
('890','10'),
('890','81'),
('891','11'),
('891','82'),
('892','12'),
('892','83'),
('895','13'),
('895','84'),
('902','14'),
('902','85'),
('907','15'),
('907','86'),
('908','16'),
('908','87'),
('911','17'),
('911','88'),
('914','18'),
('914','89'),
('917','19'),
('917','90'),
('918','20'),
('918','91'),
('919','21'),
('919','92'),
('921','22'),
('921','93'),
('923','23'),
('923','94'),
('924','24'),
('924','95'),
('925','25'),
('925','96'),
('927','26'),
('927','97'),
('928','27'),
('928','98'),
('930','28'),
('930','99'),
('934','29'),
('934','100'),
('936','30'),
('937','31'),
('938','32'),
('942','33'),
('943','34'),
('944','35'),
('945','36'),
('948','37'),
('950','38'),
('951','39'),
('952','40'),
('953','41'),
('954','42'),
('955','43'),
('956','44'),
('959','45'),
('960','46'),
('961','47'),
('962','48'),
('963','49'),
('965','50'),
('966','51'),
('967','52'),
('969','53'),
('970','54'),
('971','55'),
('973','56'),
('974','57'),
('975','58'),
('976','59'),
('980','60'),
('981','61'),
('982','62'),
('983','63'),
('986','64'),
('987','65'),
('989','66'),
('993','67'),
('994','68'),
('995','69'),
('997','70'),
('999','71'); 


DROP TABLE IF EXISTS `video_albums`;
CREATE TABLE `video_albums` (
  `id` bigint(20) unsigned NOT NULL AUTO_INCREMENT,
  `name` varchar(255) COLLATE utf8_unicode_ci DEFAULT NULL,
  `user_video_id` bigint(20) unsigned DEFAULT NULL,
  PRIMARY KEY (`id`),
  UNIQUE KEY `id` (`id`),
  KEY `user_video_id` (`user_video_id`),
  CONSTRAINT `video_albums_ibfk_1` FOREIGN KEY (`user_video_id`) REFERENCES `users` (`id`)
) ENGINE=InnoDB AUTO_INCREMENT=301 DEFAULT CHARSET=utf8 COLLATE=utf8_unicode_ci;

INSERT INTO `video_albums` VALUES ('1','ut','501'),
('2','nesciunt','502'),
('3','quos','503'),
('4','eligendi','504'),
('5','voluptatem','505'),
('6','ex','506'),
('7','sed','507'),
('8','ducimus','508'),
('9','magnam','509'),
('10','rerum','510'),
('11','ut','512'),
('12','nihil','515'),
('13','ea','520'),
('14','laborum','521'),
('15','qui','523'),
('16','quidem','525'),
('17','ad','528'),
('18','doloremque','529'),
('19','aut','535'),
('20','ut','538'),
('21','sunt','539'),
('22','saepe','540'),
('23','velit','542'),
('24','voluptas','543'),
('25','est','544'),
('26','veniam','545'),
('27','voluptatem','546'),
('28','minus','547'),
('29','numquam','548'),
('30','dolore','549'),
('31','cumque','550'),
('32','aut','551'),
('33','quo','553'),
('34','similique','554'),
('35','consequatur','555'),
('36','numquam','558'),
('37','dicta','559'),
('38','laudantium','561'),
('39','qui','563'),
('40','officiis','567'),
('41','molestiae','571'),
('42','tenetur','573'),
('43','quisquam','574'),
('44','blanditiis','575'),
('45','temporibus','579'),
('46','corrupti','580'),
('47','perferendis','581'),
('48','molestiae','583'),
('49','excepturi','585'),
('50','laboriosam','587'),
('51','illo','590'),
('52','inventore','594'),
('53','enim','601'),
('54','possimus','603'),
('55','id','605'),
('56','voluptatem','607'),
('57','quia','608'),
('58','pariatur','609'),
('59','quis','613'),
('60','qui','618'),
('61','rerum','619'),
('62','quos','620'),
('63','sit','621'),
('64','autem','625'),
('65','ab','628'),
('66','maiores','633'),
('67','dignissimos','634'),
('68','qui','637'),
('69','praesentium','639'),
('70','veritatis','641'),
('71','eaque','643'),
('72','soluta','645'),
('73','iusto','646'),
('74','culpa','647'),
('75','quis','650'),
('76','quibusdam','651'),
('77','quisquam','653'),
('78','rerum','657'),
('79','odio','658'),
('80','ipsam','659'),
('81','omnis','666'),
('82','repudiandae','668'),
('83','et','669'),
('84','officia','673'),
('85','sit','677'),
('86','est','678'),
('87','saepe','679'),
('88','fuga','688'),
('89','et','689'),
('90','quia','691'),
('91','ullam','694'),
('92','sint','695'),
('93','voluptate','696'),
('94','enim','697'),
('95','corrupti','698'),
('96','et','699'),
('97','sit','700'),
('98','recusandae','701'),
('99','odit','703'),
('100','eos','704'),
('101','est','706'),
('102','unde','707'),
('103','dignissimos','709'),
('104','quia','711'),
('105','saepe','713'),
('106','dolorum','715'),
('107','officiis','717'),
('108','occaecati','718'),
('109','id','721'),
('110','earum','723'),
('111','temporibus','725'),
('112','aliquid','727'),
('113','libero','729'),
('114','omnis','733'),
('115','quod','737'),
('116','aut','740'),
('117','consequuntur','741'),
('118','non','742'),
('119','unde','744'),
('120','pariatur','745'),
('121','et','747'),
('122','qui','751'),
('123','et','752'),
('124','repudiandae','753'),
('125','unde','754'),
('126','minus','756'),
('127','corporis','757'),
('128','libero','758'),
('129','voluptatem','759'),
('130','molestias','760'),
('131','ut','761'),
('132','eveniet','764'),
('133','officia','765'),
('134','mollitia','766'),
('135','ex','768'),
('136','eum','770'),
('137','accusantium','771'),
('138','quos','772'),
('139','quisquam','773'),
('140','deleniti','774'),
('141','id','778'),
('142','sunt','779'),
('143','quas','780'),
('144','et','782'),
('145','corrupti','783'),
('146','quisquam','785'),
('147','maiores','787'),
('148','officiis','788'),
('149','ducimus','791'),
('150','deserunt','793'),
('151','omnis','794'),
('152','ratione','795'),
('153','ullam','796'),
('154','ut','797'),
('155','eligendi','798'),
('156','laboriosam','799'),
('157','quae','802'),
('158','ut','803'),
('159','est','806'),
('160','tempora','810'),
('161','quisquam','811'),
('162','exercitationem','812'),
('163','et','813'),
('164','earum','816'),
('165','sit','817'),
('166','quis','818'),
('167','et','820'),
('168','sunt','824'),
('169','hic','826'),
('170','quos','827'),
('171','omnis','828'),
('172','mollitia','829'),
('173','est','830'),
('174','accusamus','831'),
('175','qui','834'),
('176','veniam','835'),
('177','ratione','837'),
('178','et','838'),
('179','sapiente','839'),
('180','beatae','845'),
('181','recusandae','846'),
('182','eos','847'),
('183','blanditiis','848'),
('184','ex','854'),
('185','distinctio','856'),
('186','qui','857'),
('187','beatae','858'),
('188','recusandae','859'),
('189','qui','860'),
('190','consequuntur','861'),
('191','deserunt','862'),
('192','exercitationem','863'),
('193','eligendi','865'),
('194','et','872'),
('195','quisquam','873'),
('196','officia','874'),
('197','velit','875'),
('198','deleniti','876'),
('199','cupiditate','877'),
('200','et','880'),
('201','sequi','881'),
('202','est','882'),
('203','et','883'),
('204','placeat','884'),
('205','est','885'),
('206','reprehenderit','886'),
('207','porro','887'),
('208','id','888'),
('209','at','889'),
('210','debitis','890'),
('211','repellat','891'),
('212','ab','892'),
('213','ad','895'),
('214','laboriosam','902'),
('215','et','907'),
('216','molestiae','908'),
('217','voluptatem','911'),
('218','voluptas','914'),
('219','est','917'),
('220','a','918'),
('221','qui','919'),
('222','cupiditate','921'),
('223','neque','923'),
('224','eaque','924'),
('225','eius','925'),
('226','a','927'),
('227','laboriosam','928'),
('228','tempore','930'),
('229','pariatur','934'),
('230','in','936'),
('231','optio','937'),
('232','eius','938'),
('233','pariatur','942'),
('234','corrupti','943'),
('235','et','944'),
('236','minima','945'),
('237','ipsam','948'),
('238','cum','950'),
('239','quam','951'),
('240','omnis','952'),
('241','harum','953'),
('242','nemo','954'),
('243','nihil','955'),
('244','at','956'),
('245','voluptates','959'),
('246','doloremque','960'),
('247','asperiores','961'),
('248','porro','962'),
('249','voluptatem','963'),
('250','vero','965'),
('251','aut','966'),
('252','numquam','967'),
('253','dolor','969'),
('254','nihil','970'),
('255','sint','971'),
('256','voluptatem','973'),
('257','dolores','974'),
('258','quaerat','975'),
('259','ea','976'),
('260','facere','980'),
('261','quasi','981'),
('262','ex','982'),
('263','ut','983'),
('264','alias','986'),
('265','maxime','987'),
('266','sed','989'),
('267','est','993'),
('268','qui','994'),
('269','reiciendis','995'),
('270','quisquam','997'),
('271','harum','999'),
('272','qui','501'),
('273','eaque','502'),
('274','nihil','503'),
('275','nobis','504'),
('276','enim','505'),
('277','rem','506'),
('278','dolor','507'),
('279','asperiores','508'),
('280','similique','509'),
('281','voluptatem','510'),
('282','provident','512'),
('283','facere','515'),
('284','reiciendis','520'),
('285','ullam','521'),
('286','qui','523'),
('287','placeat','525'),
('288','ducimus','528'),
('289','ab','529'),
('290','fugiat','535'),
('291','est','538'),
('292','impedit','539'),
('293','earum','540'),
('294','perferendis','542'),
('295','et','543'),
('296','possimus','544'),
('297','dolorem','545'),
('298','qui','546'),
('299','asperiores','547'),
('300','dignissimos','548'); 


DROP TABLE IF EXISTS `videos`;
CREATE TABLE `videos` (
  `id` bigint(20) unsigned NOT NULL AUTO_INCREMENT,
  `album_video_id` bigint(20) unsigned NOT NULL,
  `media_video_id` bigint(20) unsigned NOT NULL,
  PRIMARY KEY (`id`),
  KEY `album_video_id` (`album_video_id`),
  KEY `media_video_id` (`media_video_id`),
  CONSTRAINT `videos_ibfk_1` FOREIGN KEY (`album_video_id`) REFERENCES `video_albums` (`id`),
  CONSTRAINT `videos_ibfk_2` FOREIGN KEY (`media_video_id`) REFERENCES `media` (`id`)
) ENGINE=InnoDB AUTO_INCREMENT=151 DEFAULT CHARSET=utf8 COLLATE=utf8_unicode_ci;

INSERT INTO `videos` VALUES ('1','1','1'),
('2','2','2'),
('3','3','3'),
('4','4','4'),
('5','5','5'),
('6','6','6'),
('7','7','7'),
('8','8','8'),
('9','9','9'),
('10','10','10'),
('11','11','11'),
('12','12','12'),
('13','13','13'),
('14','14','14'),
('15','15','15'),
('16','16','16'),
('17','17','17'),
('18','18','18'),
('19','19','19'),
('20','20','20'),
('21','21','21'),
('22','22','22'),
('23','23','23'),
('24','24','24'),
('25','25','25'),
('26','26','26'),
('27','27','27'),
('28','28','28'),
('29','29','29'),
('30','30','30'),
('31','31','31'),
('32','32','32'),
('33','33','33'),
('34','34','34'),
('35','35','35'),
('36','36','36'),
('37','37','37'),
('38','38','38'),
('39','39','39'),
('40','40','40'),
('41','41','41'),
('42','42','42'),
('43','43','43'),
('44','44','44'),
('45','45','45'),
('46','46','46'),
('47','47','47'),
('48','48','48'),
('49','49','49'),
('50','50','50'),
('51','51','51'),
('52','52','52'),
('53','53','53'),
('54','54','54'),
('55','55','55'),
('56','56','56'),
('57','57','57'),
('58','58','58'),
('59','59','59'),
('60','60','60'),
('61','61','61'),
('62','62','62'),
('63','63','63'),
('64','64','64'),
('65','65','65'),
('66','66','66'),
('67','67','67'),
('68','68','68'),
('69','69','69'),
('70','70','70'),
('71','71','71'),
('72','72','72'),
('73','73','73'),
('74','74','74'),
('75','75','75'),
('76','76','76'),
('77','77','77'),
('78','78','78'),
('79','79','79'),
('80','80','80'),
('81','81','81'),
('82','82','82'),
('83','83','83'),
('84','84','84'),
('85','85','85'),
('86','86','86'),
('87','87','87'),
('88','88','88'),
('89','89','89'),
('90','90','90'),
('91','91','91'),
('92','92','92'),
('93','93','93'),
('94','94','94'),
('95','95','95'),
('96','96','96'),
('97','97','97'),
('98','98','98'),
('99','99','99'),
('100','100','100'),
('101','101','101'),
('102','102','102'),
('103','103','103'),
('104','104','104'),
('105','105','105'),
('106','106','106'),
('107','107','107'),
('108','108','108'),
('109','109','109'),
('110','110','110'),
('111','111','111'),
('112','112','112'),
('113','113','113'),
('114','114','114'),
('115','115','115'),
('116','116','116'),
('117','117','117'),
('118','118','118'),
('119','119','119'),
('120','120','120'),
('121','121','121'),
('122','122','122'),
('123','123','123'),
('124','124','124'),
('125','125','125'),
('126','126','126'),
('127','127','127'),
('128','128','128'),
('129','129','129'),
('130','130','130'),
('131','131','131'),
('132','132','132'),
('133','133','133'),
('134','134','134'),
('135','135','135'),
('136','136','136'),
('137','137','137'),
('138','138','138'),
('139','139','139'),
('140','140','140'),
('141','141','141'),
('142','142','142'),
('143','143','143'),
('144','144','144'),
('145','145','145'),
('146','146','146'),
('147','147','147'),
('148','148','148'),
('149','149','149'),
('150','150','150'); 




/*!40101 SET SQL_MODE=@OLD_SQL_MODE */;
/*!40014 SET FOREIGN_KEY_CHECKS=@OLD_FOREIGN_KEY_CHECKS */;
/*!40014 SET UNIQUE_CHECKS=@OLD_UNIQUE_CHECKS */;
/*!40101 SET CHARACTER_SET_CLIENT=@OLD_CHARACTER_SET_CLIENT */;
/*!40101 SET CHARACTER_SET_RESULTS=@OLD_CHARACTER_SET_RESULTS */;
/*!40101 SET COLLATION_CONNECTION=@OLD_COLLATION_CONNECTION */;
/*!40111 SET SQL_NOTES=@OLD_SQL_NOTES */;

